{"type":"FeatureCollection","features":[{"type":"Feature","properties":{"departamento":"La Paz","distrito":"Alcaraz 2°","techo_ha":17.0,"total_ha":27.41,"ep":38,"potencia_kwp":13702,"inversion_musd":9.6,"generacion_gwh":15.6,"co2_tn":6865},"geometry":{"type":"Polygon","coordinates":[[[-59.524849,-31.426158],[-59.523915,-31.425349],[-59.523585,-31.424443],[-59.523526,-31.424266],[-59.522847,-31.423383],[-59.52258,-31.42315],[-59.522583,-31.421997],[-59.522591,-31.420848],[-59.522456,-31.420727],[-59.522365,-31.420504],[-59.52192,-31.420104],[-59.521789,-31.419803],[-59.522198,-31.419116],[-59.522606,-31.41796],[-59.522877,-31.417386],[-59.523552,-31.416675],[-59.523903,-31.416833],[-59.524085,-31.416811],[-59.52415,-31.416565],[-59.524082,-31.41604],[-59.524094,-31.415662],[-59.52423,-31.415314],[-59.52491,-31.414053],[-59.52599,-31.413244],[-59.526535,-31.412209],[-59.526951,-31.411324],[-59.527142,-31.411072],[-59.527328,-31.410442],[-59.527331,-31.409289],[-59.527332,-31.409059],[-59.528278,-31.408256],[-59.528689,-31.407217],[-59.529096,-31.405953],[-59.529503,-31.405374],[-59.530579,-31.404686],[-59.530857,-31.403995],[-59.5314,-31.402731],[-59.531941,-31.401457],[-59.532212,-31.401],[-59.533558,-31.400545],[-59.534633,-31.400322],[-59.53518,-31.399282],[-59.535483,-31.398326],[-59.535702,-31.398089],[-59.5364,-31.397328],[-59.537614,-31.396523],[-59.538421,-31.39572],[-59.539501,-31.394916],[-59.540447,-31.394108],[-59.540988,-31.39296],[-59.541797,-31.39204],[-59.54301,-31.391465],[-59.543416,-31.391007],[-59.544224,-31.390087],[-59.545093,-31.389737],[-59.545448,-31.389593],[-59.546378,-31.389519],[-59.54665,-31.389405],[-59.547325,-31.388251],[-59.546796,-31.387214],[-59.547198,-31.386986],[-59.548414,-31.386064],[-59.548546,-31.38595],[-59.549756,-31.385262],[-59.55084,-31.38457],[-59.551113,-31.383424],[-59.551246,-31.383306],[-59.552593,-31.382504],[-59.552594,-31.382274],[-59.554078,-31.381819],[-59.55542,-31.381823],[-59.556762,-31.381828],[-59.557838,-31.381483],[-59.558385,-31.380448],[-59.558389,-31.379984],[-59.558388,-31.379641],[-59.558661,-31.378491],[-59.559605,-31.377682],[-59.559741,-31.376528],[-59.560284,-31.375263],[-59.560959,-31.375268],[-59.562037,-31.374922],[-59.562604,-31.374365],[-59.562911,-31.374063],[-59.563519,-31.373543],[-59.564869,-31.373088],[-59.565944,-31.3724],[-59.566086,-31.371246],[-59.566754,-31.371016],[-59.567162,-31.370559],[-59.567836,-31.369405],[-59.568646,-31.368719],[-59.569015,-31.368381],[-59.569591,-31.368205],[-59.570318,-31.36808],[-59.570745,-31.367528],[-59.570745,-31.366626],[-59.571146,-31.365924],[-59.571547,-31.36477],[-59.572472,-31.364647],[-59.573327,-31.364207],[-59.573595,-31.363869],[-59.573537,-31.363473],[-59.573046,-31.36288],[-59.572826,-31.362238],[-59.572951,-31.361787],[-59.573126,-31.361185],[-59.573929,-31.360583],[-59.574581,-31.359957],[-59.575283,-31.360007],[-59.575934,-31.360182],[-59.576436,-31.360734],[-59.577364,-31.361386],[-59.57794,-31.360884],[-59.578216,-31.360333],[-59.578431,-31.359452],[-59.578873,-31.35901],[-59.579518,-31.358908],[-59.580129,-31.358908],[-59.580647,-31.358542],[-59.580655,-31.358389],[-59.580706,-31.358128],[-59.580638,-31.357856],[-59.58057,-31.357449],[-59.580468,-31.356939],[-59.580536,-31.356362],[-59.581181,-31.355819],[-59.581588,-31.355514],[-59.582199,-31.35548],[-59.582573,-31.355615],[-59.582896,-31.355596],[-59.583422,-31.355344],[-59.583829,-31.354733],[-59.583897,-31.354054],[-59.583965,-31.353409],[-59.583863,-31.352866],[-59.583965,-31.352051],[-59.584372,-31.35144],[-59.584881,-31.351168],[-59.585391,-31.351134],[-59.585934,-31.351134],[-59.586409,-31.350897],[-59.586579,-31.35015],[-59.587088,-31.349573],[-59.587733,-31.349132],[-59.588582,-31.34869],[-59.589396,-31.348181],[-59.58977,-31.347638],[-59.590191,-31.347328],[-59.590733,-31.346293],[-59.590871,-31.345945],[-59.591275,-31.344798],[-59.591297,-31.343938],[-59.591773,-31.34353],[-59.592757,-31.34353],[-59.593266,-31.342919],[-59.593402,-31.341867],[-59.593742,-31.341188],[-59.593849,-31.340306],[-59.594488,-31.339219],[-59.594794,-31.338344],[-59.595604,-31.337429],[-59.596186,-31.337216],[-59.596416,-31.336738],[-59.597224,-31.335814],[-59.59763,-31.335243],[-59.597904,-31.333975],[-59.597909,-31.332817],[-59.598528,-31.332124],[-59.599309,-31.331479],[-59.599343,-31.330596],[-59.59992,-31.330359],[-59.600531,-31.330325],[-59.601176,-31.330087],[-59.601719,-31.32985],[-59.602534,-31.329476],[-59.603077,-31.329069],[-59.603965,-31.329148],[-59.60508,-31.329103],[-59.605861,-31.32839],[-59.606811,-31.32822],[-59.607524,-31.327847],[-59.607626,-31.327168],[-59.60749,-31.326625],[-59.607694,-31.326115],[-59.607864,-31.325572],[-59.607864,-31.324859],[-59.608017,-31.32397],[-59.608292,-31.322819],[-59.608834,-31.32213],[-59.609909,-31.321208],[-59.610446,-31.320632],[-59.610854,-31.320174],[-59.611263,-31.319022],[-59.611268,-31.318441],[-59.612474,-31.318333],[-59.613261,-31.317832],[-59.613974,-31.317459],[-59.614628,-31.316957],[-59.614627,-31.31661],[-59.614637,-31.315453],[-59.615044,-31.314418],[-59.616252,-31.313729],[-59.617862,-31.313618],[-59.619072,-31.313163],[-59.620152,-31.312471],[-59.621228,-31.31167],[-59.621228,-31.311211],[-59.620965,-31.310055],[-59.620963,-31.30982],[-59.622048,-31.308903],[-59.622315,-31.308792],[-59.62366,-31.308215],[-59.62447,-31.307295],[-59.625272,-31.307181],[-59.625676,-31.307182],[-59.626484,-31.30623],[-59.626755,-31.305539],[-59.626755,-31.30525],[-59.626691,-31.304095],[-59.626565,-31.303285],[-59.627171,-31.302251],[-59.627978,-31.301331],[-59.628852,-31.301102],[-59.629325,-31.300587],[-59.630603,-31.300129],[-59.631886,-31.299325],[-59.63269,-31.298404],[-59.632828,-31.298056],[-59.632762,-31.296905],[-59.632295,-31.296614],[-59.632027,-31.296386],[-59.632032,-31.295233],[-59.632241,-31.294364],[-59.632507,-31.294249],[-59.632706,-31.294196],[-59.632981,-31.293041],[-59.632981,-31.292522],[-59.633325,-31.292288],[-59.63419,-31.292297],[-59.634792,-31.292642],[-59.636203,-31.292877],[-59.637145,-31.292938],[-59.637878,-31.293056],[-59.638251,-31.292895],[-59.638757,-31.292192],[-59.638825,-31.291675],[-59.639836,-31.290751],[-59.639838,-31.289886],[-59.640307,-31.289312],[-59.641251,-31.288503],[-59.641635,-31.288113],[-59.642129,-31.287589],[-59.641997,-31.286779],[-59.64153,-31.285681],[-59.640866,-31.285105],[-59.640129,-31.284351],[-59.639991,-31.284176],[-59.638919,-31.284004],[-59.638227,-31.283328],[-59.638253,-31.283018],[-59.638996,-31.282501],[-59.639332,-31.28233],[-59.639736,-31.281236],[-59.63974,-31.280083],[-59.639741,-31.279623],[-59.639744,-31.279164],[-59.639408,-31.277907],[-59.639473,-31.276755],[-59.639546,-31.276234],[-59.640488,-31.27543],[-59.641228,-31.274971],[-59.641751,-31.27471],[-59.641972,-31.27454],[-59.642235,-31.274227],[-59.642509,-31.273473],[-59.642643,-31.273386],[-59.642948,-31.273277],[-59.643285,-31.273263],[-59.643916,-31.273424],[-59.6452,-31.273998],[-59.64573,-31.273773],[-59.646671,-31.272964],[-59.647278,-31.272507],[-59.647414,-31.272051],[-59.647416,-31.27179],[-59.647335,-31.271269],[-59.647419,-31.270893],[-59.647617,-31.270776],[-59.647824,-31.270421],[-59.648028,-31.269683],[-59.64803,-31.269395],[-59.647766,-31.268415],[-59.647628,-31.268244],[-59.646905,-31.267338],[-59.646905,-31.267104],[-59.646649,-31.266335],[-59.646302,-31.266069],[-59.646035,-31.266125],[-59.644695,-31.266181],[-59.643822,-31.265712],[-59.642951,-31.264846],[-59.642862,-31.264551],[-59.643094,-31.263926],[-59.644165,-31.263233],[-59.645513,-31.263237],[-59.645977,-31.26301],[-59.645982,-31.262429],[-59.64545,-31.261392],[-59.645183,-31.260989],[-59.644314,-31.260124],[-59.643107,-31.259772],[-59.642159,-31.259378],[-59.642035,-31.259077],[-59.642376,-31.258212],[-59.642514,-31.257864],[-59.642791,-31.257592],[-59.643723,-31.25735],[-59.644328,-31.256546],[-59.644935,-31.255855],[-59.645201,-31.25551],[-59.646411,-31.254821],[-59.647556,-31.254188],[-59.648044,-31.253976],[-59.648435,-31.25367],[-59.649377,-31.253271],[-59.650447,-31.252529],[-59.651253,-31.252581],[-59.652466,-31.251955],[-59.652598,-31.251319],[-59.652866,-31.251091],[-59.653878,-31.250284],[-59.654059,-31.249901],[-59.653886,-31.249014],[-59.653619,-31.248493],[-59.652946,-31.248151],[-59.652145,-31.247224],[-59.65215,-31.246936],[-59.652214,-31.246528],[-59.652478,-31.246197],[-59.653358,-31.245841],[-59.654697,-31.245966],[-59.655436,-31.245733],[-59.656379,-31.245041],[-59.656314,-31.24435],[-59.65665,-31.24412],[-59.656853,-31.243778],[-59.657595,-31.242739],[-59.657753,-31.242729],[-59.658116,-31.243284],[-59.658398,-31.243548],[-59.659142,-31.243419],[-59.659475,-31.243207],[-59.659677,-31.242455],[-59.660549,-31.241594],[-59.66089,-31.241076],[-59.660961,-31.240677],[-59.660759,-31.239865],[-59.660625,-31.239744],[-59.660758,-31.239225],[-59.660928,-31.238959],[-59.661301,-31.238771],[-59.661834,-31.238771],[-59.662843,-31.238775],[-59.663146,-31.238647],[-59.663703,-31.238265],[-59.66412,-31.23797],[-59.663713,-31.23708],[-59.663712,-31.236733],[-59.663573,-31.236504],[-59.664116,-31.235469],[-59.664788,-31.235063],[-59.66606,-31.235123],[-59.666665,-31.235237],[-59.667005,-31.235188],[-59.667493,-31.234425],[-59.667342,-31.234092],[-59.66681,-31.233799],[-59.66652,-31.233467],[-59.666408,-31.232703],[-59.666676,-31.2323],[-59.66775,-31.231954],[-59.669091,-31.231786],[-59.669627,-31.231962],[-59.670567,-31.232311],[-59.671707,-31.233007],[-59.671904,-31.23312],[-59.67311,-31.233584],[-59.673646,-31.233702],[-59.673584,-31.23324],[-59.673184,-31.232085],[-59.67285,-31.231568],[-59.672584,-31.231389],[-59.671378,-31.230867],[-59.671143,-31.230532],[-59.671315,-31.229662],[-59.671585,-31.228624],[-59.671925,-31.227529],[-59.672261,-31.227294],[-59.672264,-31.226835],[-59.672131,-31.225678],[-59.671665,-31.225449],[-59.671261,-31.225159],[-59.670819,-31.224373],[-59.670929,-31.224002],[-59.671737,-31.223545],[-59.672009,-31.223489],[-59.673348,-31.223204],[-59.674758,-31.22315],[-59.675696,-31.223156],[-59.676434,-31.223211],[-59.677773,-31.223449],[-59.67838,-31.223275],[-59.678852,-31.222355],[-59.679657,-31.221893],[-59.680332,-31.220973],[-59.680467,-31.220797],[-59.681739,-31.220402],[-59.682148,-31.22011],[-59.682755,-31.219076],[-59.682685,-31.21884],[-59.682292,-31.218077],[-59.681886,-31.217922],[-59.681351,-31.217918],[-59.680072,-31.218376],[-59.679534,-31.218375],[-59.678127,-31.218141],[-59.677993,-31.217912],[-59.677932,-31.216874],[-59.678205,-31.216584],[-59.678403,-31.216467],[-59.678878,-31.215317],[-59.679413,-31.214857],[-59.679482,-31.214625],[-59.680024,-31.213589],[-59.680289,-31.213357],[-59.680694,-31.213016],[-59.681591,-31.21226],[-59.681724,-31.211452],[-59.681456,-31.210936],[-59.681301,-31.210508],[-59.681057,-31.209835],[-59.680793,-31.20863],[-59.680995,-31.208225],[-59.681269,-31.207587],[-59.681271,-31.207304],[-59.68134,-31.206089],[-59.681743,-31.205802],[-59.682011,-31.205633],[-59.682824,-31.204649],[-59.683155,-31.204423],[-59.683894,-31.203446],[-59.684302,-31.20316],[-59.6847,-31.203039],[-59.686181,-31.202816],[-59.686515,-31.202698],[-59.687123,-31.202471],[-59.688333,-31.20184],[-59.688733,-31.201318],[-59.689876,-31.200861],[-59.69115,-31.200344],[-59.691215,-31.199769],[-59.691218,-31.198615],[-59.691222,-31.198273],[-59.691359,-31.197118],[-59.691428,-31.19694],[-59.6917,-31.19637],[-59.691883,-31.19601],[-59.692237,-31.19533],[-59.692574,-31.195217],[-59.693584,-31.194413],[-59.694725,-31.193722],[-59.694926,-31.193434],[-59.694995,-31.192282],[-59.694999,-31.191129],[-59.695278,-31.19019],[-59.695933,-31.189202],[-59.696098,-31.18899],[-59.696433,-31.187858],[-59.697091,-31.187789],[-59.697993,-31.186947],[-59.698569,-31.186737],[-59.699226,-31.186524],[-59.699887,-31.185468],[-59.700054,-31.184337],[-59.700053,-31.183841],[-59.700137,-31.183699],[-59.700881,-31.182714],[-59.701703,-31.182293],[-59.702933,-31.181734],[-59.70314,-31.181241],[-59.703347,-31.180745],[-59.703599,-31.179611],[-59.704177,-31.179049],[-59.705082,-31.178491],[-59.705409,-31.177359],[-59.705826,-31.17637],[-59.70599,-31.175878],[-59.706487,-31.175386],[-59.707307,-31.174465],[-59.708211,-31.17539],[-59.708783,-31.175742],[-59.710179,-31.175535],[-59.710507,-31.175534],[-59.711342,-31.175159],[-59.711574,-31.174831],[-59.711497,-31.17455],[-59.711416,-31.174404],[-59.710923,-31.173346],[-59.710429,-31.172923],[-59.710389,-31.172255],[-59.710767,-31.17158],[-59.711511,-31.170594],[-59.71249,-31.170173],[-59.71381,-31.169963],[-59.714053,-31.169965],[-59.714955,-31.170321],[-59.715186,-31.169638],[-59.715359,-31.168507],[-59.715363,-31.168155],[-59.715364,-31.167376],[-59.715363,-31.167236],[-59.71594,-31.166106],[-59.716187,-31.1654],[-59.716357,-31.164625],[-59.716694,-31.163899],[-59.717015,-31.163637],[-59.717342,-31.163497],[-59.718575,-31.162933],[-59.718987,-31.162227],[-59.719455,-31.161491],[-59.719815,-31.161172],[-59.720182,-31.161019],[-59.720962,-31.160967],[-59.722274,-31.160968],[-59.723504,-31.161396],[-59.724567,-31.162099],[-59.725795,-31.162667],[-59.726293,-31.162738],[-59.726621,-31.162882],[-59.727864,-31.162841],[-59.728398,-31.163071],[-59.729728,-31.16319],[-59.731068,-31.163017],[-59.731933,-31.162449],[-59.732402,-31.161988],[-59.732871,-31.161013],[-59.73354,-31.159921],[-59.734275,-31.159579],[-59.735076,-31.159352],[-59.735349,-31.159354],[-59.736477,-31.159928],[-59.737278,-31.16016],[-59.738281,-31.159879],[-59.738811,-31.159248],[-59.739151,-31.15804],[-59.739154,-31.157355],[-59.739354,-31.156775],[-59.740227,-31.155918],[-59.74036,-31.155804],[-59.741428,-31.155119],[-59.742763,-31.155004],[-59.743229,-31.155007],[-59.744029,-31.155983],[-59.744429,-31.155466],[-59.745163,-31.155236],[-59.746166,-31.154324],[-59.746902,-31.153807],[-59.747974,-31.153176],[-59.74924,-31.152609],[-59.750511,-31.15215],[-59.750977,-31.152152],[-59.752445,-31.151752],[-59.753449,-31.150953],[-59.754048,-31.150373],[-59.754785,-31.149283],[-59.755054,-31.149002],[-59.755588,-31.148542],[-59.756394,-31.147512],[-59.756864,-31.146938],[-59.757131,-31.146481],[-59.758268,-31.145563],[-59.758535,-31.145561],[-59.759732,-31.146024],[-59.75993,-31.146826],[-59.760464,-31.147921],[-59.761395,-31.14844],[-59.76173,-31.148665],[-59.76242,-31.1488],[-59.762662,-31.148842],[-59.763396,-31.148283],[-59.763463,-31.147925],[-59.763022,-31.146643],[-59.762934,-31.146375],[-59.762336,-31.145341],[-59.761134,-31.144766],[-59.760203,-31.144648],[-59.759342,-31.143783],[-59.759136,-31.14321],[-59.758938,-31.142809],[-59.757876,-31.142056],[-59.757541,-31.141602],[-59.756679,-31.140737],[-59.756472,-31.140507],[-59.756409,-31.140154],[-59.756882,-31.139418],[-59.757214,-31.139187],[-59.758285,-31.138673],[-59.759353,-31.138619],[-59.760685,-31.138793],[-59.761151,-31.138966],[-59.761815,-31.139308],[-59.762745,-31.140232],[-59.763081,-31.140691],[-59.763343,-31.141843],[-59.763146,-31.142013],[-59.762741,-31.142756],[-59.76274,-31.143157],[-59.762876,-31.143561],[-59.763272,-31.143909],[-59.764071,-31.144371],[-59.765343,-31.144714],[-59.769744,-31.143572],[-59.770598,-31.142561],[-59.769527,-31.139551],[-59.768124,-31.138601],[-59.766822,-31.137343],[-59.766796,-31.135652],[-59.767438,-31.134028],[-59.768691,-31.13246],[-59.769944,-31.130891],[-59.771041,-31.129427],[-59.772057,-31.128578],[-59.773392,-31.128765],[-59.774243,-31.129553],[-59.774602,-31.130783],[-59.772987,-31.133059],[-59.773376,-31.136358],[-59.774682,-31.137779],[-59.776103,-31.138211],[-59.779,-31.137756],[-59.783038,-31.137154],[-59.784757,-31.1363],[-59.786036,-31.135098],[-59.787955,-31.133347],[-59.789147,-31.132039],[-59.790488,-31.130783],[-59.79346,-31.128397],[-59.793733,-31.128088],[-59.795354,-31.126227],[-59.795781,-31.124967],[-59.795719,-31.124073],[-59.795783,-31.122506],[-59.796028,-31.121904],[-59.796246,-31.120882],[-59.797069,-31.119393],[-59.798045,-31.118236],[-59.799115,-31.117326],[-59.8003,-31.116535],[-59.801029,-31.115391],[-59.801217,-31.113949],[-59.800885,-31.113215],[-59.800418,-31.112234],[-59.801149,-31.111838],[-59.802548,-31.111503],[-59.80465,-31.11106],[-59.806445,-31.110541],[-59.808657,-31.109708],[-59.810363,-31.109295],[-59.812312,-31.108875],[-59.813613,-31.108123],[-59.814748,-31.107466],[-59.816391,-31.105533],[-59.818162,-31.103959],[-59.82157,-31.102339],[-59.822547,-31.100457],[-59.822307,-31.098779],[-59.821218,-31.096734],[-59.820491,-31.094746],[-59.820434,-31.093384],[-59.820831,-31.091916],[-59.821647,-31.089989],[-59.821686,-31.089953],[-59.821894,-31.089574],[-59.821543,-31.088997],[-59.819543,-31.08571],[-59.819421,-31.083409],[-59.820033,-31.079949],[-59.819562,-31.076801],[-59.81847,-31.073768],[-59.817989,-31.071147],[-59.81884,-31.070204],[-59.8203,-31.069266],[-59.823219,-31.069271],[-59.824192,-31.070318],[-59.825524,-31.072834],[-59.827469,-31.07472],[-59.830876,-31.07525],[-59.833905,-31.075482],[-59.838178,-31.074213],[-59.842296,-31.074512],[-59.846009,-31.077023],[-59.846795,-31.077552],[-59.847763,-31.080906],[-59.846534,-31.084575],[-59.845925,-31.087089],[-59.84592,-31.089702],[-59.845674,-31.093581],[-59.844941,-31.096407],[-59.845059,-31.098717],[-59.845296,-31.101445],[-59.846099,-31.105421],[-59.847217,-31.10731],[-59.848758,-31.107537],[-59.851365,-31.109241],[-59.853712,-31.109731],[-59.854621,-31.109871],[-59.854866,-31.109909],[-59.856595,-31.110085],[-59.859642,-31.110299],[-59.862683,-31.109571],[-59.865119,-31.109153],[-59.867185,-31.108527],[-59.869566,-31.108043],[-59.872497,-31.107599],[-59.875383,-31.107333],[-59.878581,-31.107377],[-59.941847,-31.095954],[-59.951134,-31.099365],[-59.959804,-31.106129],[-59.964965,-31.114574],[-59.97182,-31.128763],[-59.97657,-31.141059],[-59.979085,-31.157266],[-59.979085,-31.169282],[-59.979644,-31.179901],[-59.980959,-31.191783],[-59.967236,-31.19806],[-59.966561,-31.197941],[-59.966309,-31.197867],[-59.965637,-31.197973],[-59.965218,-31.198049],[-59.965133,-31.198263],[-59.964965,-31.199242],[-59.964966,-31.200431],[-59.965049,-31.200794],[-59.965049,-31.201952],[-59.964966,-31.202423],[-59.964875,-31.202809],[-59.963994,-31.202567],[-59.963741,-31.202277],[-59.963155,-31.201664],[-59.962758,-31.201533],[-59.962567,-31.201592],[-59.96219,-31.201916],[-59.961183,-31.202672],[-59.960888,-31.202782],[-59.960678,-31.202962],[-59.960468,-31.203719],[-59.960469,-31.204007],[-59.960468,-31.204697],[-59.960636,-31.205021],[-59.961098,-31.205635],[-59.961306,-31.205852],[-59.962315,-31.206611],[-59.962436,-31.207087],[-59.962646,-31.207984],[-59.962605,-31.208132],[-59.962438,-31.209245],[-59.96168,-31.209976],[-59.961556,-31.210333],[-59.960883,-31.210732],[-59.960507,-31.211021],[-59.960313,-31.211002],[-59.959918,-31.21066],[-59.959495,-31.209938],[-59.95937,-31.209101],[-59.959243,-31.207985],[-59.959327,-31.207734],[-59.959539,-31.207189],[-59.959537,-31.206248],[-59.958741,-31.205417],[-59.958573,-31.205166],[-59.957817,-31.204805],[-59.957397,-31.204732],[-59.956056,-31.204696],[-59.955634,-31.204839],[-59.954453,-31.205384],[-59.954159,-31.205633],[-59.953069,-31.206284],[-59.952774,-31.20657],[-59.952942,-31.207691],[-59.953236,-31.208162],[-59.953529,-31.208525],[-59.953613,-31.208847],[-59.953613,-31.209825],[-59.953615,-31.210186],[-59.953949,-31.211127],[-59.95399,-31.21156],[-59.954112,-31.212645],[-59.95428,-31.212969],[-59.954749,-31.213548],[-59.955051,-31.214533],[-59.955093,-31.215507],[-59.955136,-31.215977],[-59.954673,-31.217061],[-59.953835,-31.218033],[-59.952744,-31.218863],[-59.952321,-31.219376],[-59.951392,-31.220206],[-59.951268,-31.220311],[-59.950345,-31.221141],[-59.950049,-31.221359],[-59.948956,-31.222081],[-59.948284,-31.222444],[-59.948033,-31.223704],[-59.947823,-31.224213],[-59.947781,-31.224392],[-59.948243,-31.225336],[-59.948283,-31.225481],[-59.948326,-31.225766],[-59.948352,-31.226105],[-59.948242,-31.226273],[-59.948031,-31.226386],[-59.947612,-31.22638],[-59.946972,-31.226311],[-59.946682,-31.226597],[-59.946445,-31.22669],[-59.946054,-31.226717],[-59.945884,-31.226776],[-59.944877,-31.2275],[-59.944583,-31.227683],[-59.944351,-31.227641],[-59.94402,-31.227426],[-59.943661,-31.227575],[-59.942775,-31.228041],[-59.942567,-31.228329],[-59.942367,-31.228838],[-59.942356,-31.22909],[-59.94241,-31.229285],[-59.94265,-31.229665],[-59.942901,-31.229923],[-59.943322,-31.230537],[-59.943755,-31.230917],[-59.944036,-31.231005],[-59.944705,-31.230971],[-59.945545,-31.230716],[-59.945756,-31.23068],[-59.945922,-31.230725],[-59.946128,-31.230852],[-59.946259,-31.231332],[-59.946259,-31.231918],[-59.946175,-31.232169],[-59.946048,-31.232927],[-59.946048,-31.23318],[-59.945922,-31.233835],[-59.946092,-31.234177],[-59.946227,-31.234283],[-59.946468,-31.234375],[-59.947099,-31.234412],[-59.947267,-31.234412],[-59.947727,-31.234445],[-59.948025,-31.234322],[-59.948357,-31.23387],[-59.948994,-31.233146],[-59.949498,-31.233036],[-59.949737,-31.233109],[-59.95,-31.233328],[-59.950167,-31.233507],[-59.950248,-31.233707],[-59.950211,-31.234121],[-59.950126,-31.234304],[-59.949665,-31.235028],[-59.949581,-31.23535],[-59.949605,-31.235594],[-59.949791,-31.236072],[-59.94996,-31.236292],[-59.950198,-31.236388],[-59.950378,-31.236406],[-59.950714,-31.236328],[-59.951092,-31.236143],[-59.95168,-31.235639],[-59.952477,-31.235315],[-59.953534,-31.23557],[-59.954037,-31.235749],[-59.954078,-31.23593],[-59.954373,-31.236144],[-59.954415,-31.236294],[-59.95454,-31.23691],[-59.954537,-31.237234],[-59.954326,-31.237522],[-59.953866,-31.237809],[-59.952394,-31.237918],[-59.952142,-31.237917],[-59.951428,-31.238098],[-59.950709,-31.238676],[-59.950417,-31.238966],[-59.950082,-31.239112],[-59.949745,-31.239545],[-59.949494,-31.239616],[-59.948738,-31.240121],[-59.948311,-31.240192],[-59.947891,-31.240186],[-59.947682,-31.240087],[-59.947388,-31.239687],[-59.947147,-31.239515],[-59.946802,-31.239579],[-59.946697,-31.239892],[-59.946632,-31.240697],[-59.946632,-31.241094],[-59.946591,-31.241241],[-59.946297,-31.241892],[-59.946254,-31.24218],[-59.946212,-31.242652],[-59.946507,-31.243011],[-59.946758,-31.24312],[-59.947724,-31.243337],[-59.948289,-31.244288],[-59.948578,-31.245016],[-59.948832,-31.245337],[-59.949128,-31.246241],[-59.949295,-31.246781],[-59.949127,-31.247507],[-59.948162,-31.247904],[-59.947994,-31.248481],[-59.94854,-31.249026],[-59.948541,-31.249751],[-59.948327,-31.250688],[-59.948144,-31.251089],[-59.947486,-31.251479],[-59.946895,-31.251839],[-59.946009,-31.251552],[-59.945802,-31.251408],[-59.945465,-31.25112],[-59.944905,-31.25108],[-59.944669,-31.251227],[-59.944541,-31.251445],[-59.9443,-31.252069],[-59.944207,-31.252312],[-59.94418,-31.253122],[-59.943996,-31.253469],[-59.943067,-31.253664],[-59.942692,-31.253902],[-59.942567,-31.254188],[-59.94251,-31.254583],[-59.942609,-31.25477],[-59.943698,-31.255562],[-59.943866,-31.255783],[-59.944077,-31.255999],[-59.944169,-31.256331],[-59.943975,-31.256822],[-59.943782,-31.257006],[-59.942649,-31.25766],[-59.94244,-31.257804],[-59.941944,-31.258283],[-59.94183,-31.258569],[-59.941903,-31.259152],[-59.942069,-31.259548],[-59.942573,-31.260344],[-59.942824,-31.260526],[-59.943288,-31.26129],[-59.943318,-31.262119],[-59.94329,-31.262515],[-59.943245,-31.263271],[-59.943287,-31.263673],[-59.944087,-31.263999],[-59.944884,-31.264248],[-59.945305,-31.264465],[-59.945413,-31.264689],[-59.945179,-31.265188],[-59.944759,-31.265444],[-59.943919,-31.266347],[-59.94346,-31.266526],[-59.942611,-31.267393],[-59.942276,-31.267503],[-59.942149,-31.267716],[-59.941771,-31.268113],[-59.941437,-31.268077],[-59.94009,-31.268041],[-59.939334,-31.268041],[-59.938454,-31.268398],[-59.938052,-31.268574],[-59.938069,-31.269597],[-59.938069,-31.270102],[-59.938068,-31.27126],[-59.938068,-31.271584],[-59.93811,-31.27173],[-59.938954,-31.272669],[-59.93929,-31.273065],[-59.938828,-31.273716],[-59.938493,-31.273532],[-59.937646,-31.273931],[-59.937519,-31.274041],[-59.936805,-31.274547],[-59.936456,-31.27471],[-59.935513,-31.275634],[-59.934303,-31.276209],[-59.933764,-31.276326],[-59.933494,-31.276554],[-59.933365,-31.277705],[-59.933366,-31.278746],[-59.932956,-31.279899],[-59.932819,-31.281054],[-59.931962,-31.281421],[-59.931493,-31.281648],[-59.930808,-31.281975],[-59.930001,-31.282902],[-59.93,-31.284168],[-59.930135,-31.285091],[-59.930603,-31.286274],[-59.930805,-31.286589],[-59.931611,-31.287397],[-59.932415,-31.288322],[-59.932817,-31.288323],[-59.934295,-31.287975],[-59.93523,-31.288092],[-59.93604,-31.289013],[-59.936038,-31.289472],[-59.936039,-31.289707],[-59.935902,-31.290857],[-59.935902,-31.291321],[-59.936169,-31.291666],[-59.93607,-31.292452],[-59.935767,-31.292819],[-59.93483,-31.293166],[-59.933352,-31.293167],[-59.932141,-31.292588],[-59.931607,-31.292129],[-59.930397,-31.291897],[-59.929993,-31.291897],[-59.928655,-31.292703],[-59.927443,-31.293161],[-59.927308,-31.293279],[-59.927178,-31.294547],[-59.927172,-31.29593],[-59.92677,-31.297083],[-59.926633,-31.297197],[-59.926502,-31.298469],[-59.926503,-31.298699],[-59.926499,-31.299618],[-59.926499,-31.299853],[-59.927303,-31.300891],[-59.927345,-31.301049],[-59.926586,-31.302099],[-59.926457,-31.302272],[-59.926182,-31.30227],[-59.925044,-31.301751],[-59.924033,-31.30152],[-59.92357,-31.301982],[-59.922558,-31.302733],[-59.922292,-31.302789],[-59.92115,-31.302785],[-59.920814,-31.302786],[-59.920423,-31.302961],[-59.920845,-31.303214],[-59.921516,-31.303794],[-59.922187,-31.304941],[-59.922326,-31.306098],[-59.922326,-31.306328],[-59.921517,-31.30725],[-59.920178,-31.30725],[-59.919368,-31.307131],[-59.917892,-31.307249],[-59.917621,-31.307364],[-59.91695,-31.308285],[-59.916951,-31.309556],[-59.917756,-31.310477],[-59.918155,-31.310707],[-59.918826,-31.311287],[-59.918828,-31.31244],[-59.91829,-31.313018],[-59.917083,-31.313476],[-59.916674,-31.313939],[-59.916541,-31.3144],[-59.9152,-31.314629],[-59.914932,-31.314974],[-59.914794,-31.315088],[-59.914392,-31.316246],[-59.913723,-31.317279],[-59.912909,-31.318319],[-59.91278,-31.31924],[-59.912493,-31.320044],[-59.912372,-31.320393],[-59.911838,-31.322205],[-59.911706,-31.323351],[-59.911704,-31.324279],[-59.911567,-31.325434],[-59.910359,-31.326009],[-59.91022,-31.32624],[-59.910089,-31.327043],[-59.909146,-31.327854],[-59.90874,-31.328079],[-59.908207,-31.329121],[-59.908203,-31.330274],[-59.907264,-31.330499],[-59.906461,-31.330737],[-59.906056,-31.331885],[-59.905251,-31.332808],[-59.904935,-31.333016],[-59.904843,-31.333965],[-59.904842,-31.334308],[-59.904843,-31.335578],[-59.905109,-31.3365],[-59.9056,-31.337219],[-59.905285,-31.33827],[-59.905155,-31.339425],[-59.905019,-31.339657],[-59.904342,-31.339884],[-59.903004,-31.339766],[-59.9026,-31.339999],[-59.90139,-31.340574],[-59.900585,-31.341496],[-59.900319,-31.342648],[-59.900715,-31.343225],[-59.900443,-31.344381],[-59.900177,-31.344492],[-59.89991,-31.345648],[-59.899772,-31.345879],[-59.899768,-31.347033],[-59.899768,-31.348299],[-59.899769,-31.348529],[-59.89923,-31.349571],[-59.898698,-31.350031],[-59.898694,-31.351185],[-59.898692,-31.351644],[-59.898961,-31.35234],[-59.89896,-31.353489],[-59.899495,-31.353836],[-59.899632,-31.353956],[-59.89869,-31.354763],[-59.898286,-31.354992],[-59.898148,-31.356147],[-59.898148,-31.356376],[-59.898118,-31.356569],[-59.897876,-31.357298],[-59.896539,-31.35764],[-59.895191,-31.358216],[-59.894924,-31.358678],[-59.89492,-31.359831],[-59.895324,-31.360986],[-59.895724,-31.361333],[-59.896131,-31.361677],[-59.896263,-31.362829],[-59.895188,-31.363524],[-59.894381,-31.364559],[-59.894344,-31.364829],[-59.894246,-31.36525],[-59.89317,-31.365945],[-59.892361,-31.36652],[-59.892093,-31.366752],[-59.891686,-31.368018],[-59.891286,-31.369171],[-59.890742,-31.370208],[-59.890206,-31.371245],[-59.890204,-31.371709],[-59.889936,-31.372288],[-59.889756,-31.37305],[-59.889667,-31.37344],[-59.88926,-31.37471],[-59.888863,-31.374939],[-59.88792,-31.375745],[-59.887921,-31.375975],[-59.887246,-31.377009],[-59.886707,-31.37805],[-59.886571,-31.378281],[-59.887111,-31.378704],[-59.886704,-31.380204],[-59.885761,-31.38101],[-59.885627,-31.381413],[-59.885761,-31.382277],[-59.886066,-31.382437],[-59.886029,-31.383315],[-59.885642,-31.384135],[-59.885087,-31.385045],[-59.88498,-31.385178],[-59.884549,-31.38597],[-59.884074,-31.386986],[-59.884048,-31.387134],[-59.883873,-31.388161],[-59.884304,-31.388857],[-59.884682,-31.389429],[-59.885077,-31.389777],[-59.885079,-31.390119],[-59.885078,-31.391273],[-59.885483,-31.392198],[-59.885888,-31.392428],[-59.886018,-31.393585],[-59.886018,-31.394157],[-59.885882,-31.395312],[-59.885878,-31.396461],[-59.885878,-31.396696],[-59.886417,-31.397736],[-59.886817,-31.398656],[-59.887219,-31.398887],[-59.887623,-31.400041],[-59.887889,-31.400737],[-59.888158,-31.401893],[-59.888036,-31.402404],[-59.886689,-31.403092],[-59.88615,-31.404129],[-59.886014,-31.404594],[-59.886012,-31.405284],[-59.886013,-31.405743],[-59.886008,-31.406437],[-59.88601,-31.407591],[-59.885471,-31.408632],[-59.885206,-31.408631],[-59.883995,-31.409318],[-59.883182,-31.410244],[-59.883052,-31.410358],[-59.88211,-31.411282],[-59.881975,-31.411395],[-59.881436,-31.412662],[-59.881295,-31.413817],[-59.881028,-31.414743],[-59.881026,-31.415433],[-59.881024,-31.415892],[-59.881022,-31.416586],[-59.881428,-31.417741],[-59.881964,-31.41797],[-59.882367,-31.418431],[-59.881561,-31.419357],[-59.88062,-31.419465],[-59.879138,-31.419695],[-59.878739,-31.419694],[-59.8786,-31.420849],[-59.87833,-31.421081],[-59.87833,-31.422352],[-59.878059,-31.423616],[-59.87806,-31.424076],[-59.877118,-31.424999],[-59.876712,-31.425575],[-59.876578,-31.425806],[-59.876172,-31.426963],[-59.874962,-31.42765],[-59.874558,-31.428344],[-59.874553,-31.429497],[-59.875096,-31.429844],[-59.874421,-31.430882],[-59.874154,-31.432034],[-59.875493,-31.432611],[-59.875629,-31.432727],[-59.875896,-31.433076],[-59.876162,-31.434228],[-59.875088,-31.434918],[-59.873875,-31.435609],[-59.873768,-31.435724],[-59.873335,-31.436416],[-59.873202,-31.437571],[-59.873202,-31.438608],[-59.873201,-31.439761],[-59.872166,-31.439831],[-59.871991,-31.439876],[-59.871049,-31.440682],[-59.870507,-31.441489],[-59.871715,-31.442068],[-59.871987,-31.44322],[-59.871578,-31.444142],[-59.870231,-31.444258],[-59.868894,-31.444717],[-59.868484,-31.445982],[-59.869018,-31.44691],[-59.869287,-31.447601],[-59.869423,-31.448871],[-59.869014,-31.450024],[-59.868886,-31.450255],[-59.867939,-31.451061],[-59.868073,-31.451519],[-59.868206,-31.452676],[-59.868474,-31.452904],[-59.868614,-31.453362],[-59.868473,-31.454359],[-59.86827,-31.454706],[-59.867399,-31.455049],[-59.866592,-31.455052],[-59.866257,-31.455242],[-59.865918,-31.456086],[-59.865779,-31.456317],[-59.865513,-31.456666],[-59.865376,-31.457933],[-59.865372,-31.459087],[-59.864434,-31.460006],[-59.86349,-31.460812],[-59.86349,-31.461046],[-59.863759,-31.462197],[-59.863889,-31.46335],[-59.863887,-31.464503],[-59.863586,-31.465109],[-59.863487,-31.465309],[-59.863257,-31.466358],[-59.863247,-31.466579],[-59.86321,-31.467619],[-59.863074,-31.468769],[-59.862538,-31.46981],[-59.862268,-31.470962],[-59.861992,-31.471194],[-59.861993,-31.472343],[-59.861993,-31.472573],[-59.861857,-31.473728],[-59.861321,-31.474765],[-59.860912,-31.476147],[-59.860238,-31.477189],[-59.859829,-31.478342],[-59.860234,-31.479492],[-59.860637,-31.480651],[-59.86074,-31.480888],[-59.860768,-31.481456],[-59.860902,-31.482956],[-59.860873,-31.483189],[-59.860763,-31.483881],[-59.860492,-31.485149],[-59.860364,-31.48561],[-59.860225,-31.486301],[-59.859683,-31.487342],[-59.859685,-31.487915],[-59.858741,-31.488923],[-59.858277,-31.489588],[-59.858204,-31.489956],[-59.858204,-31.490194],[-59.858199,-31.491461],[-59.858364,-31.49196],[-59.858466,-31.492269],[-59.859002,-31.493305],[-59.859108,-31.493687],[-59.859185,-31.495555],[-59.84755,-31.497366],[-59.838276,-31.506689],[-59.836621,-31.508294],[-59.8241,-31.499437],[-59.757067,-31.429368],[-59.752828,-31.42756],[-59.747909,-31.428291],[-59.707645,-31.437116],[-59.680857,-31.434328],[-59.598884,-31.455448],[-59.601005,-31.460498],[-59.599813,-31.462474],[-59.586197,-31.481618],[-59.570817,-31.472229],[-59.543126,-31.456133],[-59.519771,-31.442567],[-59.527512,-31.431588],[-59.527386,-31.43044],[-59.527116,-31.42986],[-59.526044,-31.429165],[-59.52538,-31.428556],[-59.525245,-31.428242],[-59.525192,-31.427317],[-59.525176,-31.427104],[-59.524849,-31.426158]]]}},{"type":"Feature","properties":{"departamento":"La Paz","distrito":"Tacuaras","techo_ha":0,"total_ha":27.41,"ep":38,"potencia_kwp":13702,"inversion_musd":9.6,"generacion_gwh":15.6,"co2_tn":6865},"geometry":{"type":"Polygon","coordinates":[[[-59.254567,-30.623822],[-59.253516,-30.623976],[-59.252469,-30.624054],[-59.251713,-30.623388],[-59.250572,-30.623053],[-59.249714,-30.623628],[-59.249042,-30.623951],[-59.248097,-30.623536],[-59.247153,-30.622955],[-59.246385,-30.623689],[-59.24524,-30.624341],[-59.244186,-30.624581],[-59.243527,-30.623836],[-59.243632,-30.622934],[-59.24392,-30.622028],[-59.242879,-30.621858],[-59.241829,-30.622265],[-59.240684,-30.622587],[-59.239636,-30.622746],[-59.238593,-30.622572],[-59.237835,-30.62191],[-59.237745,-30.621002],[-59.23785,-30.620099],[-59.237664,-30.619188],[-59.237579,-30.618289],[-59.236344,-30.618033],[-59.235108,-30.618272],[-59.234057,-30.618431],[-59.233008,-30.618342],[-59.231777,-30.617923],[-59.231118,-30.617174],[-59.230077,-30.616761],[-59.228934,-30.616674],[-59.227978,-30.617078],[-59.226934,-30.617152],[-59.225983,-30.616737],[-59.224941,-30.616562],[-59.223826,-30.616822],[-59.222843,-30.617046],[-59.221893,-30.61696],[-59.220231,-30.616502],[-59.219787,-30.616268],[-59.219105,-30.615518],[-59.218171,-30.614365],[-59.217675,-30.613057],[-59.217374,-30.611697],[-59.216377,-30.6106],[-59.216576,-30.609236],[-59.215515,-30.608196],[-59.214139,-30.607485],[-59.213328,-30.606227],[-59.212079,-30.605348],[-59.210507,-30.605122],[-59.209133,-30.604347],[-59.206963,-30.603775],[-59.206081,-30.603826],[-59.204865,-30.60356],[-59.20446,-30.602238],[-59.204163,-30.601855],[-59.203143,-30.601357],[-59.201707,-30.600805],[-59.200581,-30.599817],[-59.199398,-30.598832],[-59.197887,-30.598387],[-59.196509,-30.597725],[-59.19564,-30.596524],[-59.194706,-30.595429],[-59.19346,-30.594545],[-59.193295,-30.594491],[-59.192902,-30.594353],[-59.19176,-30.59432],[-59.19031,-30.594912],[-59.188737,-30.595064],[-59.187862,-30.593917],[-59.186298,-30.593632],[-59.185111,-30.592701],[-59.183926,-30.59177],[-59.18242,-30.591212],[-59.180847,-30.591152],[-59.180301,-30.591321],[-59.180542,-30.593134],[-59.180307,-30.594957],[-59.179406,-30.596678],[-59.178283,-30.598208],[-59.177601,-30.599932],[-59.177034,-30.601843],[-59.17558,-30.603373],[-59.173908,-30.604513],[-59.171902,-30.605463],[-59.171,-30.607185],[-59.169109,-30.608318],[-59.167984,-30.609848],[-59.166423,-30.611181],[-59.164748,-30.612514],[-59.163076,-30.613848],[-59.16151,-30.61537],[-59.159949,-30.616707],[-59.158829,-30.617849],[-59.157865,-30.618227],[-59.155126,-30.620779],[-59.152847,-30.624131],[-59.146147,-30.627941],[-59.14263,-30.630308],[-59.142334,-30.631972],[-59.137471,-30.636171],[-59.131882,-30.637059],[-59.125145,-30.643531],[-59.122397,-30.647581],[-59.121506,-30.648776],[-59.120614,-30.64997],[-59.119474,-30.651049],[-59.118268,-30.652022],[-59.117127,-30.652997],[-59.115865,-30.65386],[-59.114474,-30.654557],[-59.113265,-30.655471],[-59.112961,-30.655593],[-59.112536,-30.65572],[-59.11238,-30.655846],[-59.111676,-30.657474],[-59.111426,-30.657926],[-59.109978,-30.658626],[-59.108335,-30.658941],[-59.107815,-30.658836],[-59.107113,-30.658594],[-59.10677,-30.658656],[-59.106525,-30.65904],[-59.106579,-30.659717],[-59.106507,-30.660017],[-59.105923,-30.660856],[-59.105489,-30.661095],[-59.103907,-30.661417],[-59.102277,-30.661728],[-59.101806,-30.661966],[-59.101068,-30.662701],[-59.099922,-30.663784],[-59.098842,-30.66486],[-59.0985,-30.66525],[-59.097888,-30.665948],[-59.096621,-30.666807],[-59.095168,-30.66783],[-59.09509,-30.668026],[-59.094972,-30.668298],[-59.095279,-30.669411],[-59.095708,-30.670721],[-59.095642,-30.670881],[-59.094874,-30.672079],[-59.094522,-30.672487],[-59.094082,-30.673046],[-59.094048,-30.67332],[-59.094789,-30.674522],[-59.095317,-30.675394],[-59.095162,-30.676502],[-59.094802,-30.677302],[-59.094367,-30.678204],[-59.093557,-30.678779],[-59.092979,-30.679599],[-59.093109,-30.680504],[-59.093082,-30.681107],[-59.092961,-30.68141],[-59.092003,-30.681894],[-59.091331,-30.68259],[-59.09061,-30.683285],[-59.090317,-30.683889],[-59.090362,-30.684192],[-59.090978,-30.685021],[-59.091683,-30.685682],[-59.092197,-30.686509],[-59.092526,-30.687415],[-59.09275,-30.688323],[-59.09312,-30.689276],[-59.093158,-30.690223],[-59.093582,-30.691452],[-59.093166,-30.691881],[-59.092702,-30.692484],[-59.092393,-30.692515],[-59.091362,-30.692155],[-59.089755,-30.692201],[-59.088155,-30.692189],[-59.086544,-30.692379],[-59.085289,-30.693198],[-59.083857,-30.693853],[-59.082191,-30.694203],[-59.081708,-30.694098],[-59.080829,-30.693527],[-59.080731,-30.693042],[-59.080898,-30.692326],[-59.080724,-30.692136],[-59.079058,-30.69187],[-59.078697,-30.691782],[-59.07746,-30.691492],[-59.075917,-30.691126],[-59.074313,-30.69101],[-59.074017,-30.690654],[-59.073888,-30.689997],[-59.073735,-30.689717],[-59.072728,-30.68884],[-59.071256,-30.688061],[-59.070896,-30.687798],[-59.070247,-30.687931],[-59.069333,-30.688611],[-59.068867,-30.688863],[-59.06784,-30.689178],[-59.067317,-30.689158],[-59.066036,-30.688624],[-59.065804,-30.688441],[-59.06552,-30.688225],[-59.065373,-30.687554],[-59.066223,-30.686016],[-59.066586,-30.685352],[-59.06749,-30.684392],[-59.068451,-30.683066],[-59.068398,-30.682695],[-59.067393,-30.682029],[-59.065976,-30.681301],[-59.065769,-30.681011],[-59.065662,-30.680319],[-59.065868,-30.679856],[-59.066951,-30.678736],[-59.068032,-30.677512],[-59.068259,-30.677064],[-59.068276,-30.676389],[-59.068164,-30.676074],[-59.06741,-30.675254],[-59.066986,-30.675034],[-59.066434,-30.6749],[-59.065324,-30.675024],[-59.064305,-30.675408],[-59.063888,-30.675733],[-59.063041,-30.67696],[-59.061962,-30.678188],[-59.060883,-30.67921],[-59.05997,-30.679731],[-59.059451,-30.67981],[-59.057667,-30.679797],[-59.057316,-30.679696],[-59.055774,-30.679171],[-59.054351,-30.678543],[-59.05425,-30.677305],[-59.053425,-30.676068],[-59.052608,-30.674827],[-59.052261,-30.673492],[-59.050724,-30.672968],[-59.049908,-30.671619],[-59.048239,-30.671712],[-59.047417,-30.670475],[-59.047912,-30.669139],[-59.047947,-30.668153],[-59.047684,-30.667699],[-59.047204,-30.667572],[-59.046138,-30.668098],[-59.044705,-30.668915],[-59.043152,-30.669313],[-59.041602,-30.669608],[-59.041211,-30.669304],[-59.040909,-30.668267],[-59.040684,-30.666828],[-59.040535,-30.666332],[-59.040223,-30.665485],[-59.039401,-30.664041],[-59.038705,-30.662596],[-59.038781,-30.662333],[-59.039592,-30.661983],[-59.040139,-30.66168],[-59.040642,-30.660772],[-59.040503,-30.660344],[-59.039091,-30.65972],[-59.038739,-30.659719],[-59.037426,-30.65971],[-59.036278,-30.659432],[-59.035766,-30.659078],[-59.035485,-30.658574],[-59.035545,-30.657535],[-59.036155,-30.656202],[-59.035095,-30.655161],[-59.033436,-30.654637],[-59.032734,-30.653399],[-59.032592,-30.65203],[-59.032422,-30.651719],[-59.031243,-30.650683],[-59.029582,-30.650465],[-59.028645,-30.649225],[-59.027703,-30.647984],[-59.027364,-30.646541],[-59.027256,-30.645101],[-59.027272,-30.643561],[-59.026456,-30.642319],[-59.024913,-30.642002],[-59.02338,-30.641162],[-59.023036,-30.63962],[-59.022098,-30.638483],[-59.021638,-30.63714],[-59.021615,-30.636815],[-59.021689,-30.636141],[-59.021413,-30.6357],[-59.021041,-30.635558],[-59.020306,-30.635689],[-59.019745,-30.635793],[-59.01809,-30.635675],[-59.017387,-30.634338],[-59.016763,-30.633486],[-59.016331,-30.633297],[-59.014781,-30.633596],[-59.013266,-30.633955],[-59.013114,-30.633991],[-59.012692,-30.633802],[-59.012176,-30.632854],[-59.012074,-30.631414],[-59.010772,-30.630581],[-59.009717,-30.62944],[-59.009533,-30.628975],[-59.009726,-30.628003],[-59.010928,-30.62709],[-59.011653,-30.62586],[-59.010833,-30.624519],[-59.010968,-30.623077],[-59.011546,-30.622383],[-59.011807,-30.62054],[-59.011702,-30.619149],[-59.011893,-30.617664],[-59.012329,-30.61656],[-59.012443,-30.616329],[-59.013343,-30.615154],[-59.013333,-30.614749],[-59.012936,-30.614218],[-59.012703,-30.613918],[-59.01178,-30.613187],[-59.011346,-30.613232],[-59.010147,-30.614151],[-59.008953,-30.615069],[-59.008456,-30.615189],[-59.007416,-30.614697],[-59.006469,-30.61361],[-59.005479,-30.612349],[-59.005009,-30.612195],[-59.004376,-30.612198],[-59.000436,-30.60618],[-58.999508,-30.604377],[-58.997745,-30.602097],[-58.996269,-30.601268],[-58.994994,-30.600985],[-58.993561,-30.601644],[-58.992619,-30.601259],[-58.992206,-30.600859],[-58.99207,-30.600553],[-58.992194,-30.599935],[-58.992278,-30.599474],[-58.99217,-30.598574],[-58.99194,-30.598134],[-58.991448,-30.597835],[-58.990276,-30.59797],[-58.989021,-30.598778],[-58.988055,-30.599906],[-58.987494,-30.600132],[-58.986333,-30.600195],[-58.985291,-30.60001],[-58.984795,-30.599725],[-58.984497,-30.59926],[-58.98449,-30.598909],[-58.98481,-30.598288],[-58.98586,-30.597266],[-58.984229,-30.594013],[-58.98339,-30.593775],[-58.981704,-30.594268],[-58.981023,-30.594243],[-58.980166,-30.593225],[-58.979183,-30.591506],[-58.97839,-30.591175],[-58.976727,-30.591263],[-58.975058,-30.591459],[-58.973395,-30.591448],[-58.971859,-30.591126],[-58.970318,-30.590699],[-58.968901,-30.59007],[-58.967483,-30.589237],[-58.965314,-30.588431],[-58.964012,-30.588319],[-58.96297,-30.589075],[-58.961877,-30.590523],[-58.961491,-30.590412],[-58.961036,-30.588452],[-58.961051,-30.587267],[-58.96146,-30.586519],[-58.960761,-30.58497],[-58.959229,-30.584242],[-58.957564,-30.584226],[-58.955907,-30.584004],[-58.95433,-30.583995],[-58.952865,-30.583531],[-58.952382,-30.583002],[-58.95261,-30.581104],[-58.952511,-30.579663],[-58.952267,-30.579194],[-58.951812,-30.578317],[-58.951473,-30.576771],[-58.950893,-30.575433],[-58.950314,-30.574095],[-58.949139,-30.573054],[-58.947959,-30.572017],[-58.946781,-30.57098],[-58.94561,-30.570043],[-58.944781,-30.569314],[-58.944432,-30.569006],[-58.943256,-30.568068],[-58.941714,-30.567646],[-58.939935,-30.567631],[-58.938279,-30.56721],[-58.93734,-30.566068],[-58.936161,-30.565135],[-58.934852,-30.56468],[-58.93423,-30.564074],[-58.93404,-30.56287],[-58.933102,-30.561782],[-58.93187,-30.560798],[-58.931887,-30.560582],[-58.932468,-30.560127],[-58.932831,-30.559724],[-58.933144,-30.558288],[-58.933193,-30.557303],[-58.932918,-30.556849],[-58.931504,-30.55612],[-58.930145,-30.555383],[-58.928669,-30.554756],[-58.927955,-30.554608],[-58.927421,-30.554496],[-58.930494,-30.550696],[-58.930872,-30.550696],[-58.979634,-30.551452],[-58.980767,-30.550318],[-58.984925,-30.515542],[-59.046146,-30.515437],[-59.04645,-30.515757],[-59.046832,-30.516088],[-59.047734,-30.516566],[-59.048245,-30.516613],[-59.048615,-30.51653],[-59.049275,-30.516149],[-59.050152,-30.514986],[-59.050392,-30.514777],[-59.050947,-30.514393],[-59.051265,-30.514038],[-59.051445,-30.513584],[-59.051587,-30.512651],[-59.051663,-30.511212],[-59.051758,-30.510282],[-59.051922,-30.509828],[-59.052852,-30.508716],[-59.053666,-30.507547],[-59.05417,-30.506224],[-59.054676,-30.504893],[-59.055165,-30.503543],[-59.055297,-30.502155],[-59.055309,-30.500772],[-59.05551,-30.499386],[-59.055889,-30.498393],[-59.05626,-30.497954],[-59.057927,-30.497324],[-59.058609,-30.496799],[-59.060215,-30.496172],[-59.06145,-30.495169],[-59.062939,-30.494484],[-59.064296,-30.4938],[-59.065963,-30.492958],[-59.066896,-30.492221],[-59.068191,-30.491701],[-59.068593,-30.491785],[-59.069362,-30.492462],[-59.069966,-30.492773],[-59.071503,-30.492522],[-59.072487,-30.492056],[-59.072864,-30.49173],[-59.073795,-30.490568],[-59.07405,-30.490247],[-59.074856,-30.489082],[-59.07616,-30.488022],[-59.077151,-30.486858],[-59.078208,-30.4858],[-59.07848,-30.485569],[-59.079043,-30.485136],[-59.07933,-30.484744],[-59.079822,-30.483348],[-59.080009,-30.482921],[-59.08076,-30.481701],[-59.081937,-30.48075],[-59.082229,-30.479826],[-59.082136,-30.479368],[-59.08175,-30.478744],[-59.081344,-30.478083],[-59.080308,-30.477011],[-59.079769,-30.47567],[-59.079041,-30.474441],[-59.078129,-30.473314],[-59.078091,-30.47302],[-59.078334,-30.472428],[-59.07845,-30.471986],[-59.078324,-30.471054],[-59.078098,-30.470601],[-59.077062,-30.469525],[-59.075961,-30.468559],[-59.075867,-30.468255],[-59.076054,-30.467602],[-59.0761,-30.467117],[-59.075683,-30.465767],[-59.075629,-30.464594],[-59.075698,-30.464308],[-59.076126,-30.463807],[-59.076443,-30.463424],[-59.077133,-30.462103],[-59.077455,-30.46077],[-59.077632,-30.460496],[-59.07818,-30.460003],[-59.078385,-30.459604],[-59.077965,-30.458213],[-59.077302,-30.456927],[-59.077367,-30.456663],[-59.077957,-30.456154],[-59.078175,-30.455764],[-59.077569,-30.45448],[-59.076598,-30.453406],[-59.0766,-30.453104],[-59.076983,-30.452494],[-59.077163,-30.452026],[-59.077035,-30.45113],[-59.076808,-30.450695],[-59.075649,-30.449777],[-59.074859,-30.4486],[-59.074387,-30.447293],[-59.074151,-30.446759],[-59.073909,-30.445792],[-59.073974,-30.445321],[-59.074135,-30.445069],[-59.074657,-30.444648],[-59.075031,-30.444317],[-59.075622,-30.443465],[-59.075657,-30.443043],[-59.075378,-30.442669],[-59.074376,-30.442126],[-59.072715,-30.442116],[-59.07183,-30.441549],[-59.071496,-30.441142],[-59.071086,-30.440265],[-59.071019,-30.439808],[-59.071033,-30.438425],[-59.07092,-30.437034],[-59.070933,-30.435598],[-59.071381,-30.434161],[-59.072066,-30.432825],[-59.072005,-30.432666],[-59.071973,-30.432372],[-59.072181,-30.431784],[-59.072326,-30.431333],[-59.072403,-30.429948],[-59.07232,-30.42949],[-59.071923,-30.428609],[-59.07095,-30.427485],[-59.070664,-30.427291],[-59.070001,-30.42697],[-59.069729,-30.426623],[-59.069496,-30.425238],[-59.069263,-30.423852],[-59.0686,-30.422566],[-59.067937,-30.421281],[-59.06797,-30.42084],[-59.068375,-30.419951],[-59.068569,-30.419376],[-59.06882,-30.418627],[-59.069386,-30.417351],[-59.069458,-30.416285],[-59.069095,-30.415481],[-59.068741,-30.413808],[-59.068865,-30.413362],[-59.069491,-30.412534],[-59.069939,-30.412191],[-59.070728,-30.41158],[-59.07233,-30.411277],[-59.073626,-30.410325],[-59.074317,-30.409102],[-59.075248,-30.40799],[-59.07667,-30.407254],[-59.077782,-30.406305],[-59.078407,-30.405026],[-59.079644,-30.404185],[-59.080762,-30.403128],[-59.082001,-30.402175],[-59.083538,-30.401757],[-59.085051,-30.401271],[-59.085487,-30.400847],[-59.086907,-30.400218],[-59.088262,-30.399484],[-59.088941,-30.398747],[-59.089072,-30.398314],[-59.088844,-30.396929],[-59.0883,-30.395539],[-59.0883,-30.395079],[-59.088745,-30.394155],[-59.08998,-30.393152],[-59.090913,-30.392035],[-59.092029,-30.391087],[-59.093505,-30.390568],[-59.095103,-30.390363],[-59.095341,-30.390127],[-59.095468,-30.389433],[-59.095673,-30.388979],[-59.096911,-30.38803],[-59.097964,-30.386971],[-59.099382,-30.386342],[-59.100728,-30.387045],[-59.102325,-30.387002],[-59.103867,-30.386638],[-59.105344,-30.386169],[-59.106902,-30.38604],[-59.107579,-30.385938],[-59.108937,-30.385253],[-59.110173,-30.384353],[-59.111229,-30.383997],[-59.111775,-30.383996],[-59.113431,-30.384216],[-59.11509,-30.384441],[-59.116685,-30.384399],[-59.118039,-30.383664],[-59.119278,-30.382818],[-59.120393,-30.381761],[-59.121811,-30.381186],[-59.123352,-30.380659],[-59.124469,-30.379656],[-59.125823,-30.378868],[-59.127426,-30.378609],[-59.12878,-30.377874],[-59.1302,-30.37724],[-59.131922,-30.377305],[-59.13358,-30.377638],[-59.135255,-30.377598],[-59.135764,-30.377523],[-59.13673,-30.377132],[-59.138214,-30.376392],[-59.139874,-30.376351],[-59.141589,-30.376469],[-59.143249,-30.376478],[-59.144843,-30.376489],[-59.145888,-30.376678],[-59.146382,-30.376927],[-59.146779,-30.377276],[-59.147292,-30.378107],[-59.147705,-30.379493],[-59.14858,-30.380379],[-59.148987,-30.380409],[-59.149924,-30.379297],[-59.151034,-30.378289],[-59.152331,-30.377341],[-59.153324,-30.37628],[-59.153835,-30.376169],[-59.154923,-30.376453],[-59.156314,-30.377075],[-59.1568,-30.377662],[-59.157051,-30.377885],[-59.157742,-30.378163],[-59.158272,-30.378151],[-59.159901,-30.377622],[-59.1614,-30.376892],[-59.162971,-30.37592],[-59.164459,-30.374828],[-59.164998,-30.374465],[-59.165505,-30.374368],[-59.166591,-30.374634],[-59.168125,-30.375071],[-59.169209,-30.375391],[-59.169723,-30.375348],[-59.170033,-30.37492],[-59.170714,-30.374237],[-59.171242,-30.374086],[-59.172062,-30.374317],[-59.172367,-30.374565],[-59.172969,-30.375844],[-59.174008,-30.376969],[-59.174546,-30.377165],[-59.174976,-30.377133],[-59.175341,-30.377098],[-59.175667,-30.376932],[-59.176839,-30.376002],[-59.177093,-30.374883],[-59.177163,-30.374029],[-59.177356,-30.372328],[-59.17762,-30.370885],[-59.177794,-30.369953],[-59.178002,-30.369504],[-59.178356,-30.369145],[-59.1793,-30.368659],[-59.180714,-30.367975],[-59.182252,-30.367506],[-59.183856,-30.367197],[-59.185451,-30.367208],[-59.186471,-30.366958],[-59.186928,-30.366683],[-59.18786,-30.365516],[-59.188423,-30.36465],[-59.188545,-30.364189],[-59.188595,-30.362835],[-59.188535,-30.362513],[-59.187744,-30.361332],[-59.187699,-30.359948],[-59.188099,-30.359027],[-59.188503,-30.358728],[-59.189981,-30.358257],[-59.191521,-30.35773],[-59.192635,-30.356672],[-59.193748,-30.355619],[-59.194374,-30.35434],[-59.19506,-30.353012],[-59.196114,-30.351953],[-59.197163,-30.350947],[-59.197663,-30.350786],[-59.198823,-30.351009],[-59.200293,-30.351606],[-59.201401,-30.351643],[-59.201894,-30.3514],[-59.202697,-30.350234],[-59.203385,-30.348961],[-59.20378,-30.348626],[-59.204804,-30.348331],[-59.206399,-30.348337],[-59.207998,-30.348239],[-59.20911,-30.348015],[-59.209535,-30.347716],[-59.210774,-30.346301],[-59.211209,-30.346323],[-59.212292,-30.346332],[-59.213245,-30.346752],[-59.213669,-30.347066],[-59.214048,-30.347343],[-59.214189,-30.347594],[-59.214294,-30.348228],[-59.214349,-30.349167],[-59.214822,-30.349974],[-59.215359,-30.350449],[-59.215678,-30.350526],[-59.216762,-30.350314],[-59.217846,-30.350016],[-59.21893,-30.349912],[-59.22001,-30.350142],[-59.220833,-30.350697],[-59.221528,-30.351452],[-59.221775,-30.352338],[-59.222263,-30.352879],[-59.222595,-30.353033],[-59.223615,-30.353256],[-59.224632,-30.353484],[-59.225586,-30.353881],[-59.226498,-30.354403],[-59.226986,-30.354948],[-59.227941,-30.355395],[-59.229019,-30.355516],[-59.230037,-30.355793],[-59.230858,-30.356349],[-59.231045,-30.357296],[-59.230907,-30.358229],[-59.230523,-30.359173],[-59.229943,-30.359994],[-59.229298,-30.36071],[-59.228595,-30.361424],[-59.228509,-30.361705],[-59.228844,-30.36231],[-59.229664,-30.36287],[-59.230613,-30.363258],[-59.231826,-30.363266],[-59.233035,-30.363165],[-59.23412,-30.363115],[-59.2352,-30.363286],[-59.236217,-30.363793],[-59.237098,-30.3644],[-59.238118,-30.364686],[-59.238701,-30.364662],[-59.23946,-30.364635],[-59.240345,-30.365142],[-59.241428,-30.365088],[-59.242512,-30.36465],[-59.243094,-30.363829],[-59.243674,-30.363003],[-59.244376,-30.362235],[-59.245278,-30.361689],[-59.24636,-30.361526],[-59.24744,-30.361535],[-59.248394,-30.361927],[-59.248962,-30.362759],[-59.249461,-30.363647],[-59.250221,-30.364422],[-59.251366,-30.364702],[-59.252389,-30.36438],[-59.253032,-30.363669],[-59.254051,-30.363455],[-59.25481,-30.364121],[-59.25583,-30.363736],[-59.256282,-30.362856],[-59.256676,-30.361976],[-59.257001,-30.361093],[-59.25716,-30.360187],[-59.257354,-30.360022],[-59.257996,-30.35972],[-59.258347,-30.359726],[-59.259362,-30.360007],[-59.26041,-30.360258],[-59.261464,-30.360266],[-59.262578,-30.360162],[-59.263625,-30.359949],[-59.264648,-30.359622],[-59.265419,-30.35896],[-59.266188,-30.358252],[-59.266766,-30.357475],[-59.267312,-30.356707],[-59.267764,-30.355882],[-59.268475,-30.355168],[-59.269211,-30.35445],[-59.269882,-30.353739],[-59.270682,-30.353131],[-59.271736,-30.35267],[-59.272789,-30.352313],[-59.273842,-30.352352],[-59.274827,-30.35274],[-59.27544,-30.353096],[-59.275651,-30.353354],[-59.275708,-30.353824],[-59.275664,-30.355121],[-59.275471,-30.35603],[-59.27489,-30.356833],[-59.273934,-30.357324],[-59.273197,-30.358042],[-59.27317,-30.358343],[-59.273667,-30.358952],[-59.274398,-30.35918],[-59.275349,-30.359324],[-59.275799,-30.359243],[-59.276726,-30.358832],[-59.277371,-30.358197],[-59.278011,-30.357485],[-59.278312,-30.3573],[-59.278999,-30.357189],[-59.280047,-30.357359],[-59.281066,-30.357699],[-59.282117,-30.357868],[-59.283195,-30.358007],[-59.283925,-30.357929],[-59.284278,-30.357741],[-59.284501,-30.357468],[-59.284542,-30.356856],[-59.283913,-30.356194],[-59.284295,-30.355696],[-59.284648,-30.355503],[-59.285386,-30.355371],[-59.286463,-30.355374],[-59.287518,-30.355301],[-59.288567,-30.355249],[-59.288894,-30.355335],[-59.289421,-30.355805],[-59.28955,-30.356462],[-59.289353,-30.356718],[-59.288395,-30.357128],[-59.287498,-30.35762],[-59.286633,-30.358168],[-59.286426,-30.358423],[-59.286248,-30.359022],[-59.28627,-30.359933],[-59.286774,-30.360767],[-59.287404,-30.361137],[-59.287727,-30.361186],[-59.288719,-30.360859],[-59.28952,-30.360201],[-59.290252,-30.359541],[-59.291023,-30.358856],[-59.291858,-30.358222],[-59.292913,-30.358009],[-59.29399,-30.358017],[-59.295045,-30.35802],[-59.296044,-30.357705],[-59.296684,-30.357485],[-59.297646,-30.357107],[-59.298665,-30.356888],[-59.299683,-30.356619],[-59.299995,-30.35647],[-59.30045,-30.355988],[-59.300811,-30.355079],[-59.301042,-30.354198],[-59.301652,-30.353449],[-59.302165,-30.352657],[-59.302034,-30.352419],[-59.301311,-30.352097],[-59.300262,-30.352008],[-59.299309,-30.351589],[-59.298416,-30.351082],[-59.297467,-30.350636],[-59.297242,-30.350386],[-59.297057,-30.349777],[-59.297032,-30.348866],[-59.297265,-30.347981],[-59.297589,-30.347103],[-59.297832,-30.346871],[-59.298515,-30.346665],[-59.299597,-30.346614],[-59.300678,-30.346622],[-59.301761,-30.34654],[-59.302811,-30.346521],[-59.303153,-30.346616],[-59.303734,-30.347051],[-59.304362,-30.347826],[-59.304773,-30.348658],[-59.305085,-30.349545],[-59.305749,-30.350267],[-59.306194,-30.3505],[-59.3068,-30.350756],[-59.307139,-30.350725],[-59.307826,-30.350348],[-59.308628,-30.349745],[-59.309238,-30.349005],[-59.309688,-30.348148],[-59.310268,-30.347376],[-59.310925,-30.347034],[-59.311257,-30.347052],[-59.312175,-30.347497],[-59.313033,-30.348026],[-59.313919,-30.348502],[-59.314775,-30.349035],[-59.315821,-30.349173],[-59.316943,-30.349177],[-59.317993,-30.349184],[-59.319042,-30.34925],[-59.319354,-30.34938],[-59.319835,-30.349858],[-59.320401,-30.350636],[-59.321294,-30.351138],[-59.321921,-30.351863],[-59.322107,-30.352801],[-59.322448,-30.353685],[-59.322909,-30.354266],[-59.323146,-30.354381],[-59.323377,-30.354261],[-59.323817,-30.353665],[-59.324076,-30.352785],[-59.324533,-30.351901],[-59.325489,-30.351545],[-59.326137,-30.351176],[-59.326261,-30.350913],[-59.326169,-30.349964],[-59.326182,-30.349744],[-59.326447,-30.348864],[-59.326963,-30.347982],[-59.327667,-30.347209],[-59.328752,-30.346888],[-59.329834,-30.346778],[-59.330112,-30.346574],[-59.330411,-30.346011],[-59.330479,-30.345373],[-59.330357,-30.345067],[-59.32966,-30.344345],[-59.328689,-30.343705],[-59.328507,-30.343429],[-59.328396,-30.342849],[-59.328586,-30.342287],[-59.328845,-30.34202],[-59.329209,-30.341868],[-59.32993,-30.341973],[-59.33077,-30.342308],[-59.331916,-30.34284],[-59.33279,-30.342869],[-59.334259,-30.342496],[-59.335152,-30.341944],[-59.335729,-30.341172],[-59.336118,-30.340291],[-59.336379,-30.339406],[-59.33651,-30.338414],[-59.336708,-30.337419],[-59.337287,-30.336651],[-59.33837,-30.336434],[-59.339088,-30.33599],[-59.339137,-30.335717],[-59.338672,-30.334884],[-59.338447,-30.334156],[-59.33839,-30.333542],[-59.338456,-30.333237],[-59.338904,-30.332416],[-59.339515,-30.33164],[-59.340131,-30.330869],[-59.340736,-30.330102],[-59.341313,-30.32933],[-59.341858,-30.328561],[-59.342471,-30.327785],[-59.343113,-30.327073],[-59.343758,-30.326361],[-59.344394,-30.325586],[-59.345388,-30.325204],[-59.346311,-30.324685],[-59.347091,-30.324296],[-59.347889,-30.32394],[-59.348849,-30.32353],[-59.34922,-30.323459],[-59.349992,-30.323589],[-59.351011,-30.323928],[-59.352027,-30.324236],[-59.353044,-30.32449],[-59.354122,-30.32461],[-59.355084,-30.324249],[-59.356198,-30.324231],[-59.357278,-30.32454],[-59.358002,-30.325236],[-59.35899,-30.325624],[-59.359691,-30.325581],[-59.360007,-30.325441],[-59.360809,-30.324837],[-59.36167,-30.32423],[-59.362007,-30.3241],[-59.362751,-30.324152],[-59.363644,-30.324709],[-59.364335,-30.324994],[-59.364658,-30.324962],[-59.365288,-30.324646],[-59.365765,-30.324317],[-59.366536,-30.323685],[-59.367493,-30.323302],[-59.368201,-30.323317],[-59.368542,-30.323448],[-59.369365,-30.324088],[-59.370065,-30.324892],[-59.370883,-30.325446],[-59.371604,-30.325628],[-59.371966,-30.325593],[-59.372956,-30.325157],[-59.373758,-30.324548],[-59.374714,-30.324192],[-59.375724,-30.324477],[-59.376647,-30.324926],[-59.377666,-30.325396],[-59.377999,-30.325373],[-59.378624,-30.32485],[-59.379294,-30.324134],[-59.379842,-30.323361],[-59.380324,-30.322541],[-59.380931,-30.321791],[-59.381954,-30.321441],[-59.383071,-30.321359],[-59.384183,-30.321476],[-59.385135,-30.321854],[-59.385414,-30.321906],[-59.386528,-30.321969],[-59.387643,-30.321752],[-59.388633,-30.321455],[-59.389682,-30.321376],[-59.390731,-30.321603],[-59.391751,-30.321883],[-59.392635,-30.322439],[-59.393352,-30.322428],[-59.393654,-30.322251],[-59.394299,-30.321535],[-59.39494,-30.320768],[-59.395707,-30.320105],[-59.396729,-30.319917],[-59.397809,-30.320059],[-59.398856,-30.319899],[-59.399597,-30.31918],[-59.400486,-30.318718],[-59.401443,-30.319109],[-59.402555,-30.319252],[-59.403638,-30.319039],[-59.404724,-30.318956],[-59.405803,-30.31913],[-59.406757,-30.319521],[-59.407772,-30.320022],[-59.408536,-30.320661],[-59.409194,-30.321409],[-59.409888,-30.321739],[-59.410213,-30.321667],[-59.410949,-30.321002],[-59.411655,-30.320287],[-59.412003,-30.320166],[-59.412738,-30.320159],[-59.412976,-30.320165],[-59.413464,-30.320242],[-59.41382,-30.320188],[-59.41465,-30.319639],[-59.415448,-30.319035],[-59.416123,-30.318265],[-59.416824,-30.317545],[-59.417529,-30.316803],[-59.418362,-30.316172],[-59.419351,-30.315708],[-59.420402,-30.315575],[-59.42145,-30.315522],[-59.422475,-30.31528],[-59.422839,-30.315258],[-59.423526,-30.315214],[-59.424029,-30.315232],[-59.42437,-30.315287],[-59.425034,-30.315445],[-59.425713,-30.315625],[-59.426762,-30.315767],[-59.427726,-30.316113],[-59.42849,-30.316738],[-59.429081,-30.317556],[-59.429193,-30.318492],[-59.429584,-30.319386],[-59.430206,-30.320124],[-59.430823,-30.320866],[-59.431104,-30.321081],[-59.431789,-30.32137],[-59.432729,-30.321815],[-59.432988,-30.322024],[-59.43338,-30.322535],[-59.433884,-30.323324],[-59.434562,-30.323897],[-59.435203,-30.324266],[-59.43597,-30.324958],[-59.436791,-30.325602],[-59.437526,-30.326249],[-59.437915,-30.327192],[-59.438428,-30.32808],[-59.439076,-30.328823],[-59.439403,-30.328909],[-59.440129,-30.328658],[-59.440983,-30.328015],[-59.441951,-30.327626],[-59.443176,-30.327484],[-59.444201,-30.327291],[-59.445056,-30.32685],[-59.445941,-30.326361],[-59.446799,-30.325771],[-59.447712,-30.325305],[-59.448707,-30.32494],[-59.449151,-30.324875],[-59.4502,-30.324931],[-59.451279,-30.324911],[-59.452389,-30.324887],[-59.453442,-30.32492],[-59.454549,-30.325121],[-59.455803,-30.325124],[-59.456852,-30.32513],[-59.457937,-30.325159],[-59.459014,-30.325089],[-59.460041,-30.324919],[-59.46101,-30.324481],[-59.461864,-30.323918],[-59.462564,-30.323604],[-59.462892,-30.323649],[-59.463138,-30.323872],[-59.463454,-30.324466],[-59.463677,-30.325355],[-59.4637,-30.326293],[-59.463409,-30.327182],[-59.46301,-30.328018],[-59.462914,-30.328953],[-59.462966,-30.329891],[-59.463074,-30.330359],[-59.463469,-30.331198],[-59.463692,-30.332088],[-59.463687,-30.333025],[-59.463455,-30.333915],[-59.463416,-30.334851],[-59.463519,-30.335449],[-59.463698,-30.335742],[-59.46436,-30.336337],[-59.464719,-30.336387],[-59.465774,-30.33587],[-59.466773,-30.335532],[-59.467858,-30.335192],[-59.468826,-30.334849],[-59.469647,-30.334628],[-59.471099,-30.334266],[-59.471299,-30.334429],[-59.471905,-30.334405],[-59.472956,-30.334406],[-59.473663,-30.334344],[-59.474011,-30.334264],[-59.47495,-30.333798],[-59.475616,-30.33355],[-59.475952,-30.333509],[-59.476258,-30.333603],[-59.476437,-30.333748],[-59.476712,-30.334125],[-59.47681,-30.334434],[-59.476739,-30.33504],[-59.47642,-30.336027],[-59.476227,-30.336653],[-59.476189,-30.336967],[-59.476257,-30.337253],[-59.476608,-30.337808],[-59.476986,-30.338354],[-59.477249,-30.338551],[-59.477768,-30.338934],[-59.478444,-30.339655],[-59.478953,-30.340444],[-59.479603,-30.341164],[-59.480151,-30.341589],[-59.480485,-30.341761],[-59.480819,-30.341878],[-59.481508,-30.341937],[-59.482589,-30.341696],[-59.483292,-30.341638],[-59.483639,-30.341674],[-59.483994,-30.341774],[-59.484634,-30.342102],[-59.485456,-30.342665],[-59.486511,-30.343513],[-59.487653,-30.343706],[-59.488735,-30.343812],[-59.48911,-30.343768],[-59.489792,-30.343448],[-59.490559,-30.342829],[-59.491307,-30.342191],[-59.492073,-30.34155],[-59.492393,-30.341373],[-59.49313,-30.341186],[-59.493854,-30.341196],[-59.494209,-30.341292],[-59.495113,-30.341811],[-59.495796,-30.342533],[-59.496246,-30.343401],[-59.496898,-30.344139],[-59.497779,-30.344636],[-59.498528,-30.344679],[-59.498855,-30.344543],[-59.49966,-30.343952],[-59.500456,-30.343338],[-59.50207,-30.341939],[-59.502958,-30.341449],[-59.50404,-30.341181],[-59.505092,-30.341033],[-59.506141,-30.341039],[-59.507225,-30.341167],[-59.508305,-30.341345],[-59.509327,-30.341593],[-59.510377,-30.341797],[-59.5114,-30.342045],[-59.512451,-30.342127],[-59.513532,-30.342052],[-59.514646,-30.341636],[-59.515296,-30.341229],[-59.516341,-30.340185],[-59.516876,-30.339906],[-59.517983,-30.339661],[-59.519149,-30.339615],[-59.52023,-30.339518],[-59.521255,-30.339329],[-59.522166,-30.338835],[-59.523027,-30.338223],[-59.523709,-30.337511],[-59.524398,-30.33675],[-59.524856,-30.335933],[-59.525147,-30.335048],[-59.525914,-30.334357],[-59.526646,-30.33416],[-59.52697,-30.334263],[-59.527707,-30.334936],[-59.528382,-30.335675],[-59.52872,-30.336617],[-59.529168,-30.337458],[-59.529853,-30.338147],[-59.530502,-30.338895],[-59.531379,-30.339441],[-59.532403,-30.339644],[-59.533393,-30.339994],[-59.534478,-30.340091],[-59.535367,-30.340078],[-59.536445,-30.34008],[-59.537472,-30.339909],[-59.538185,-30.339666],[-59.539009,-30.339422],[-59.540009,-30.339129],[-59.541001,-30.338835],[-59.541377,-30.338768],[-59.54214,-30.338865],[-59.543079,-30.339359],[-59.543754,-30.339597],[-59.544098,-30.339638],[-59.545155,-30.339495],[-59.54618,-30.339297],[-59.547207,-30.338905],[-59.548142,-30.338465],[-59.549087,-30.337972],[-59.549955,-30.337143],[-59.550808,-30.336431],[-59.55144,-30.335668],[-59.551816,-30.334804],[-59.552303,-30.333965],[-59.5531,-30.333378],[-59.553981,-30.332833],[-59.554981,-30.332396],[-59.556092,-30.332276],[-59.557197,-30.332377],[-59.557626,-30.332519],[-59.558219,-30.332724],[-59.55875,-30.333148],[-59.558904,-30.333418],[-59.55904,-30.334359],[-59.559037,-30.335323],[-59.55869,-30.336184],[-59.558174,-30.336977],[-59.557407,-30.338106],[-59.556834,-30.338879],[-59.556124,-30.339573],[-59.555664,-30.340408],[-59.555614,-30.340713],[-59.555748,-30.341347],[-59.556058,-30.341914],[-59.556286,-30.342159],[-59.557046,-30.342783],[-59.55778,-30.343478],[-59.558463,-30.344217],[-59.55859,-30.344527],[-59.558633,-30.345159],[-59.558627,-30.346146],[-59.558625,-30.347083],[-59.557996,-30.34822],[-59.55759,-30.348827],[-59.55722,-30.349515],[-59.556618,-30.350256],[-59.556446,-30.350549],[-59.556244,-30.351143],[-59.556262,-30.351423],[-59.556352,-30.351615],[-59.55664,-30.351983],[-59.556984,-30.352186],[-59.557344,-30.352218],[-59.557504,-30.352181],[-59.55769,-30.35206],[-59.558234,-30.351272],[-59.558666,-30.350437],[-59.559268,-30.349646],[-59.559868,-30.348909],[-59.56052,-30.348169],[-59.561065,-30.347436],[-59.562428,-30.347255],[-59.563195,-30.347212],[-59.563569,-30.347308],[-59.564361,-30.347901],[-59.565098,-30.348596],[-59.565223,-30.348892],[-59.565151,-30.349535],[-59.564578,-30.350326],[-59.564548,-30.351024],[-59.56469,-30.351361],[-59.565482,-30.351954],[-59.565815,-30.352846],[-59.565925,-30.353782],[-59.565754,-30.355463],[-59.565692,-30.356349],[-59.565792,-30.358033],[-59.566305,-30.35897],[-59.566926,-30.359761],[-59.567035,-30.360751],[-59.567085,-30.361838],[-59.567141,-30.362529],[-59.567367,-30.363432],[-59.567643,-30.364372],[-59.567752,-30.365357],[-59.568035,-30.366248],[-59.568261,-30.367137],[-59.568654,-30.368031],[-59.569076,-30.368591],[-59.569393,-30.368721],[-59.570468,-30.368678],[-59.571551,-30.368679],[-59.572259,-30.368801],[-59.572575,-30.368981],[-59.573143,-30.369825],[-59.573822,-30.370564],[-59.574046,-30.371502],[-59.574062,-30.372165],[-59.573926,-30.372491],[-59.572957,-30.373078],[-59.572216,-30.373771],[-59.571583,-30.374556],[-59.571125,-30.375445],[-59.571064,-30.376381],[-59.57106,-30.377323],[-59.57145,-30.378802],[-59.571616,-30.379762],[-59.571956,-30.380748],[-59.572182,-30.381737],[-59.572234,-30.382675],[-59.572345,-30.383611],[-59.572392,-30.384554],[-59.572445,-30.385493],[-59.57233,-30.386481],[-59.572213,-30.38746],[-59.571981,-30.38845],[-59.571975,-30.389437],[-59.571971,-30.390428],[-59.572057,-30.390886],[-59.572533,-30.391763],[-59.573158,-30.392604],[-59.573551,-30.392903],[-59.574401,-30.393498],[-59.574802,-30.393698],[-59.575229,-30.393894],[-59.575778,-30.39416],[-59.576001,-30.394337],[-59.576393,-30.395177],[-59.57679,-30.396016],[-59.5769,-30.396957],[-59.576896,-30.397894],[-59.576721,-30.398881],[-59.576316,-30.399767],[-59.575688,-30.400557],[-59.575003,-30.401246],[-59.574317,-30.401985],[-59.573571,-30.402723],[-59.573001,-30.40351],[-59.572596,-30.404297],[-59.572482,-30.405258],[-59.572306,-30.406195],[-59.572246,-30.407181],[-59.572529,-30.408071],[-59.572922,-30.40896],[-59.573345,-30.409724],[-59.573613,-30.410074],[-59.574127,-30.410551],[-59.574771,-30.41124],[-59.575025,-30.411418],[-59.5756,-30.411685],[-59.576406,-30.411999],[-59.57682,-30.412037],[-59.578029,-30.411821],[-59.578444,-30.411959],[-59.578838,-30.412067],[-59.579282,-30.412194],[-59.57979,-30.412385],[-59.58017,-30.412512],[-59.580614,-30.412892],[-59.580805,-30.413209],[-59.581185,-30.414161],[-59.581312,-30.414922],[-59.581502,-30.415747],[-59.581629,-30.416382],[-59.581629,-30.417397],[-59.581756,-30.418221],[-59.581693,-30.419363],[-59.581693,-30.420632],[-59.581693,-30.421393],[-59.581756,-30.422789],[-59.582327,-30.424502],[-59.582771,-30.425644],[-59.583152,-30.426532],[-59.584167,-30.428435],[-59.584992,-30.429133],[-59.585436,-30.429831],[-59.585753,-30.430402],[-59.586134,-30.430973],[-59.586324,-30.431544],[-59.586641,-30.432242],[-59.586832,-30.43313],[-59.587085,-30.433765],[-59.588997,-30.434329],[-59.59349,-30.433234],[-59.597453,-30.431584],[-59.601376,-30.430543],[-59.605599,-30.428941],[-59.60924,-30.426902],[-59.613609,-30.423407],[-59.616812,-30.420204],[-59.620162,-30.41467],[-59.621013,-30.406259],[-59.622492,-30.402874],[-59.625404,-30.399816],[-59.628608,-30.396321],[-59.629363,-30.393],[-59.627783,-30.388283],[-59.627525,-30.385522],[-59.629318,-30.382108],[-59.632395,-30.376806],[-59.633276,-30.373695],[-59.632049,-30.367972],[-59.633412,-30.362795],[-59.635297,-30.360005],[-59.636818,-30.357753],[-59.644264,-30.355936],[-59.651177,-30.355441],[-59.656132,-30.352778],[-59.660438,-30.35024],[-59.661333,-30.356634],[-59.663763,-30.366992],[-59.666576,-30.3707],[-59.672595,-30.376676],[-59.682548,-30.381972],[-59.690987,-30.386798],[-59.695874,-30.388427],[-59.702704,-30.389688],[-59.708536,-30.390003],[-59.714234,-30.391286],[-59.718252,-30.393021],[-59.721448,-30.395304],[-59.723639,-30.398683],[-59.725922,-30.403431],[-59.726207,-30.41028],[-59.725865,-30.412905],[-59.724838,-30.415074],[-59.721984,-30.420438],[-59.717886,-30.426351],[-59.712853,-30.430026],[-59.703853,-30.437066],[-59.695961,-30.443205],[-59.689823,-30.449343],[-59.683246,-30.455262],[-59.674696,-30.462497],[-59.669215,-30.470169],[-59.666146,-30.478719],[-59.665269,-30.483981],[-59.663954,-30.489681],[-59.661542,-30.495381],[-59.657816,-30.503492],[-59.653431,-30.513576],[-59.650091,-30.5304],[-59.649359,-30.540117],[-59.649504,-30.550789],[-59.650759,-30.559007],[-59.653613,-30.565741],[-59.656238,-30.571334],[-59.658977,-30.576813],[-59.661146,-30.58252],[-59.660575,-30.587086],[-59.658064,-30.593592],[-59.599695,-30.599942],[-59.585627,-30.602367],[-59.585242,-30.602207],[-59.584858,-30.602111],[-59.584409,-30.602068],[-59.583981,-30.602058],[-59.58349,-30.602047],[-59.583169,-30.602036],[-59.58288,-30.601854],[-59.58256,-30.601716],[-59.582325,-30.601449],[-59.58209,-30.601181],[-59.581812,-30.60101],[-59.58147,-30.600943],[-59.580872,-30.601053],[-59.580712,-30.601288],[-59.580605,-30.601673],[-59.580498,-30.60209],[-59.580391,-30.602474],[-59.580339,-30.603631],[-59.580177,-30.603842],[-59.580006,-30.604002],[-59.57991,-30.604312],[-59.579771,-30.60444],[-59.579643,-30.604633],[-59.579453,-30.604824],[-59.579141,-30.6049],[-59.579013,-30.604932],[-59.578852,-30.604911],[-59.578596,-30.604889],[-59.578436,-30.604889],[-59.578135,-30.604908],[-59.577762,-30.604932],[-59.577452,-30.604953],[-59.577004,-30.605156],[-59.576662,-30.605253],[-59.576298,-30.60537],[-59.575989,-30.605381],[-59.575808,-30.605278],[-59.575743,-30.60506],[-59.575518,-30.604964],[-59.575059,-30.605018],[-59.574407,-30.605146],[-59.573862,-30.605766],[-59.573531,-30.606118],[-59.573114,-30.606492],[-59.57258,-30.606524],[-59.572099,-30.606492],[-59.571768,-30.60646],[-59.571394,-30.606492],[-59.571151,-30.606687],[-59.570954,-30.606867],[-59.570817,-30.607475],[-59.570674,-30.60786],[-59.569696,-30.608947],[-59.568496,-30.609866],[-59.567234,-30.610788],[-59.566037,-30.611707],[-59.565025,-30.612793],[-59.564598,-30.613075],[-59.563967,-30.613342],[-59.563604,-30.613384],[-59.562824,-30.613481],[-59.562034,-30.613548],[-59.561595,-30.613705],[-59.56136,-30.614004],[-59.561135,-30.614196],[-59.560922,-30.614261],[-59.560694,-30.614423],[-59.560441,-30.61487],[-59.560117,-30.615325],[-59.559898,-30.615522],[-59.559675,-30.615758],[-59.559364,-30.615592],[-59.559179,-30.615412],[-59.559078,-30.615187],[-59.559134,-30.614825],[-59.559574,-30.614182],[-59.559721,-30.613832],[-59.559608,-30.61355],[-59.559394,-30.613324],[-59.559044,-30.613256],[-59.558637,-30.613324],[-59.558174,-30.613583],[-59.557621,-30.614125],[-59.557215,-30.614396],[-59.556842,-30.614645],[-59.556537,-30.614678],[-59.556063,-30.614645],[-59.55586,-30.614464],[-59.555691,-30.614238],[-59.555216,-30.614193],[-59.5549,-30.614012],[-59.554697,-30.614046],[-59.554494,-30.614216],[-59.554471,-30.614453],[-59.554554,-30.614551],[-59.554833,-30.614712],[-59.555036,-30.614859],[-59.555126,-30.615164],[-59.554968,-30.615491],[-59.554878,-30.615774],[-59.554909,-30.616184],[-59.554923,-30.616553],[-59.554844,-30.616812],[-59.554629,-30.616982],[-59.55426,-30.617023],[-59.553794,-30.617004],[-59.553478,-30.616993],[-59.553162,-30.617151],[-59.552834,-30.617196],[-59.552552,-30.616948],[-59.552349,-30.616699],[-59.552221,-30.616557],[-59.552082,-30.616403],[-59.551976,-30.616248],[-59.551728,-30.616236],[-59.551468,-30.616349],[-59.551027,-30.616659],[-59.550525,-30.617011],[-59.550148,-30.617275],[-59.549632,-30.617419],[-59.548602,-30.617518],[-59.547006,-30.61729],[-59.546478,-30.617033],[-59.545832,-30.616655],[-59.545406,-30.616661],[-59.545015,-30.616759],[-59.544623,-30.61693],[-59.544265,-30.617501],[-59.544121,-30.617812],[-59.543827,-30.618069],[-59.543448,-30.618314],[-59.543105,-30.618265],[-59.542799,-30.618057],[-59.542382,-30.617481],[-59.541978,-30.617138],[-59.541807,-30.616722],[-59.541721,-30.616489],[-59.54144,-30.616428],[-59.541146,-30.616465],[-59.540815,-30.616575],[-59.540632,-30.616808],[-59.540497,-30.617151],[-59.540326,-30.617432],[-59.540089,-30.617593],[-59.540019,-30.617885],[-59.540032,-30.618179],[-59.540032,-30.618607],[-59.539885,-30.618926],[-59.539677,-30.619158],[-59.539432,-30.619207],[-59.539285,-30.619379],[-59.539065,-30.619477],[-59.538856,-30.619452],[-59.538648,-30.619281],[-59.538618,-30.619049],[-59.538585,-30.618802],[-59.53855,-30.618534],[-59.53844,-30.618497],[-59.538318,-30.618387],[-59.53822,-30.618118],[-59.537987,-30.617897],[-59.537755,-30.617848],[-59.537522,-30.617897],[-59.537302,-30.618093],[-59.536995,-30.61835],[-59.536702,-30.618534],[-59.536298,-30.618534],[-59.536077,-30.618461],[-59.535598,-30.617947],[-59.535159,-30.61764],[-59.534718,-30.617346],[-59.534388,-30.616979],[-59.533906,-30.616748],[-59.533371,-30.616563],[-59.532897,-30.616469],[-59.532404,-30.616477],[-59.532098,-30.616551],[-59.531764,-30.616682],[-59.531327,-30.617028],[-59.531119,-30.617408],[-59.531009,-30.618093],[-59.530996,-30.618461],[-59.530935,-30.618987],[-59.530764,-30.61933],[-59.530653,-30.619599],[-59.53047,-30.61982],[-59.530139,-30.619979],[-59.52987,-30.61993],[-59.52965,-30.619758],[-59.529405,-30.619562],[-59.529246,-30.619354],[-59.529209,-30.61895],[-59.529111,-30.618595],[-59.528793,-30.618448],[-59.528511,-30.618387],[-59.528131,-30.618338],[-59.52785,-30.618473],[-59.527691,-30.618681],[-59.527605,-30.618901],[-59.527666,-30.619195],[-59.52758,-30.619562],[-59.527299,-30.619599],[-59.52703,-30.619513],[-59.526772,-30.619281],[-59.52665,-30.618987],[-59.526589,-30.618632],[-59.526378,-30.618464],[-59.526209,-30.618216],[-59.525891,-30.618032],[-59.525699,-30.618016],[-59.525395,-30.618001],[-59.525217,-30.618165],[-59.524994,-30.618344],[-59.524771,-30.618433],[-59.524698,-30.618444],[-59.524626,-30.618456],[-59.524399,-30.618388],[-59.524222,-30.618521],[-59.52419,-30.618745],[-59.52419,-30.619162],[-59.524235,-30.619474],[-59.524146,-30.619697],[-59.523774,-30.619891],[-59.523432,-30.619935],[-59.52303,-30.619861],[-59.522732,-30.619787],[-59.522613,-30.619519],[-59.52239,-30.6194],[-59.522256,-30.619221],[-59.522048,-30.619177],[-59.52178,-30.619221],[-59.521527,-30.61931],[-59.521349,-30.619429],[-59.52123,-30.619623],[-59.521289,-30.619787],[-59.521468,-30.62001],[-59.521408,-30.620263],[-59.521468,-30.620501],[-59.521453,-30.620768],[-59.521379,-30.621051],[-59.521096,-30.621259],[-59.520932,-30.621349],[-59.520724,-30.621378],[-59.520501,-30.62123],[-59.520233,-30.62123],[-59.52007,-30.621081],[-59.519952,-30.620892],[-59.519846,-30.620724],[-59.519823,-30.620454],[-59.519698,-30.620367],[-59.519638,-30.62014],[-59.519576,-30.619902],[-59.519594,-30.619653],[-59.519526,-30.619538],[-59.519445,-30.6194],[-59.519475,-30.619251],[-59.519488,-30.618991],[-59.519385,-30.618805],[-59.519118,-30.61876],[-59.518954,-30.618596],[-59.518567,-30.618463],[-59.518151,-30.618433],[-59.517935,-30.618614],[-59.517704,-30.618715],[-59.517466,-30.618849],[-59.517362,-30.619102],[-59.517303,-30.619474],[-59.517451,-30.619757],[-59.517332,-30.62001],[-59.517288,-30.620292],[-59.517139,-30.62059],[-59.51696,-30.620858],[-59.517035,-30.621125],[-59.517072,-30.621297],[-59.517267,-30.621516],[-59.517437,-30.621707],[-59.517535,-30.621818],[-59.517704,-30.621914],[-59.517779,-30.622226],[-59.517709,-30.62247],[-59.517571,-30.62284],[-59.517298,-30.623114],[-59.516809,-30.623604],[-59.515565,-30.624296],[-59.514842,-30.62461],[-59.462641,-30.626134],[-59.46165,-30.626152],[-59.451355,-30.626321],[-59.449894,-30.626346],[-59.43493,-30.626828],[-59.423923,-30.627334],[-59.421853,-30.62728],[-59.421331,-30.627264],[-59.409295,-30.628103],[-59.40606,-30.628327],[-59.384116,-30.629082],[-59.351987,-30.630324],[-59.334256,-30.631006],[-59.278568,-30.633131],[-59.278596,-30.632879],[-59.27813,-30.632055],[-59.277661,-30.631231],[-59.277287,-30.630238],[-59.276816,-30.629413],[-59.27649,-30.629282],[-59.275768,-30.629572],[-59.275349,-30.630443],[-59.274678,-30.631177],[-59.273819,-30.631751],[-59.272766,-30.631991],[-59.27182,-30.631577],[-59.271355,-30.630586],[-59.271263,-30.629592],[-59.270221,-30.629341],[-59.269264,-30.629751],[-59.268218,-30.629991],[-59.267078,-30.629985],[-59.26622,-30.629402],[-59.266609,-30.628498],[-59.267475,-30.627924],[-59.267762,-30.627022],[-59.267674,-30.626119],[-59.266918,-30.625457],[-59.265869,-30.625449],[-59.264823,-30.625685],[-59.263865,-30.626342],[-59.262721,-30.626832],[-59.261676,-30.626987],[-59.260536,-30.626819],[-59.259583,-30.626404],[-59.258546,-30.625739],[-59.2576,-30.625076],[-59.256744,-30.624493],[-59.255704,-30.623909],[-59.255522,-30.623895],[-59.254567,-30.623822]]]}},{"type":"Feature","properties":{"departamento":"La Paz","distrito":"Yeso","techo_ha":1.3,"total_ha":27.41,"ep":38,"potencia_kwp":13702,"inversion_musd":9.6,"generacion_gwh":15.6,"co2_tn":6865},"geometry":{"type":"Polygon","coordinates":[[[-59.430092,-30.860191],[-59.430413,-30.860691],[-59.430436,-30.861057],[-59.430187,-30.861721],[-59.429555,-30.862488],[-59.429134,-30.863341],[-59.42892,-30.864133],[-59.428811,-30.864243],[-59.428456,-30.864242],[-59.427548,-30.864009],[-59.427165,-30.864125],[-59.426726,-30.86455],[-59.426684,-30.864765],[-59.427157,-30.865386],[-59.427929,-30.865926],[-59.428479,-30.866644],[-59.428608,-30.867035],[-59.428513,-30.867704],[-59.428145,-30.868604],[-59.427963,-30.869423],[-59.428113,-30.870171],[-59.428298,-30.870401],[-59.428997,-30.870691],[-59.429809,-30.871123],[-59.430691,-30.871855],[-59.431792,-30.871809],[-59.432958,-30.871656],[-59.434146,-30.871504],[-59.435337,-30.871384],[-59.436471,-30.871442],[-59.43742,-30.87196],[-59.438251,-30.872582],[-59.439259,-30.873024],[-59.440274,-30.872768],[-59.441345,-30.872694],[-59.442238,-30.873264],[-59.442946,-30.873459],[-59.443275,-30.8734],[-59.444084,-30.872787],[-59.444803,-30.872068],[-59.445466,-30.871298],[-59.446296,-30.87074],[-59.446749,-30.869918],[-59.446692,-30.868989],[-59.44608,-30.868165],[-59.445624,-30.867504],[-59.445721,-30.86729],[-59.446706,-30.866988],[-59.44754,-30.867097],[-59.448369,-30.86771],[-59.44929,-30.868154],[-59.449429,-30.868447],[-59.449258,-30.869104],[-59.448689,-30.869873],[-59.448593,-30.870776],[-59.448876,-30.871396],[-59.449155,-30.871548],[-59.450196,-30.871297],[-59.451211,-30.870965],[-59.451722,-30.870145],[-59.45238,-30.869429],[-59.452892,-30.868578],[-59.453518,-30.867811],[-59.454014,-30.867342],[-59.454326,-30.867225],[-59.455399,-30.867227],[-59.456471,-30.867288],[-59.457508,-30.867546],[-59.458553,-30.867962],[-59.459682,-30.867966],[-59.460488,-30.868132],[-59.460721,-30.868179],[-59.460998,-30.868399],[-59.461288,-30.868952],[-59.461273,-30.869425],[-59.461132,-30.869642],[-59.459815,-30.870025],[-59.459105,-30.870636],[-59.458859,-30.871003],[-59.458918,-30.871667],[-59.459282,-30.872222],[-59.459568,-30.872388],[-59.460583,-30.87265],[-59.461589,-30.872912],[-59.462657,-30.873121],[-59.463796,-30.873125],[-59.464835,-30.873055],[-59.465852,-30.872695],[-59.46695,-30.872734],[-59.46802,-30.872889],[-59.46865,-30.873177],[-59.46891,-30.873409],[-59.46912,-30.873672],[-59.469384,-30.874233],[-59.469611,-30.875159],[-59.469669,-30.876084],[-59.469898,-30.877009],[-59.469921,-30.877321],[-59.469932,-30.87774],[-59.470016,-30.877936],[-59.470726,-30.878659],[-59.471379,-30.879379],[-59.471749,-30.879615],[-59.47213,-30.879535],[-59.472438,-30.879422],[-59.473037,-30.878605],[-59.47364,-30.877832],[-59.474595,-30.877426],[-59.475667,-30.877329],[-59.476678,-30.877897],[-59.477094,-30.87867],[-59.477799,-30.879442],[-59.47839,-30.880012],[-59.479637,-30.880686],[-59.480652,-30.880641],[-59.481422,-30.880951],[-59.482372,-30.88126],[-59.483506,-30.882035],[-59.484456,-30.882349],[-59.485264,-30.88311],[-59.485402,-30.883537],[-59.484979,-30.884409],[-59.484318,-30.885125],[-59.483421,-30.885633],[-59.482644,-30.886251],[-59.48238,-30.886889],[-59.482521,-30.887172],[-59.482853,-30.887316],[-59.483593,-30.887232],[-59.484489,-30.886721],[-59.485134,-30.886148],[-59.486103,-30.885597],[-59.486821,-30.884878],[-59.487361,-30.884059],[-59.488381,-30.88365],[-59.489391,-30.883245],[-59.490463,-30.883301],[-59.491474,-30.883711],[-59.492246,-30.884336],[-59.492893,-30.885061],[-59.492954,-30.885982],[-59.492829,-30.886907],[-59.492761,-30.887833],[-59.49258,-30.888139],[-59.492379,-30.88949],[-59.492253,-30.890879],[-59.491294,-30.891952],[-59.491444,-30.892844],[-59.491824,-30.893242],[-59.492333,-30.893467],[-59.493375,-30.893554],[-59.494221,-30.8935],[-59.49504,-30.893455],[-59.496646,-30.893463],[-59.497142,-30.893616],[-59.497889,-30.894339],[-59.498275,-30.895223],[-59.498303,-30.895679],[-59.498237,-30.897065],[-59.498168,-30.898456],[-59.498318,-30.898924],[-59.498883,-30.899412],[-59.499236,-30.899544],[-59.500904,-30.899647],[-59.502121,-30.899671],[-59.502631,-30.899861],[-59.503815,-30.900789],[-59.505004,-30.901718],[-59.506069,-30.902752],[-59.50734,-30.903061],[-59.507993,-30.903164],[-59.508767,-30.903064],[-59.509187,-30.902863],[-59.509456,-30.90237],[-59.509385,-30.901224],[-59.509499,-30.900393],[-59.510025,-30.899515],[-59.510455,-30.89932],[-59.512066,-30.899426],[-59.513673,-30.899483],[-59.515222,-30.898926],[-59.516342,-30.898852],[-59.516888,-30.89893],[-59.518318,-30.8995],[-59.519567,-30.900431],[-59.521052,-30.900899],[-59.522534,-30.901524],[-59.523423,-30.902657],[-59.524489,-30.90374],[-59.524918,-30.9044],[-59.525257,-30.904923],[-59.525791,-30.906262],[-59.52602,-30.907652],[-59.526337,-30.908854],[-59.526516,-30.909035],[-59.52665,-30.909174],[-59.527762,-30.909474],[-59.529251,-30.909942],[-59.530796,-30.910357],[-59.532161,-30.911187],[-59.532554,-30.911162],[-59.533359,-30.910728],[-59.533742,-30.910319],[-59.534139,-30.909312],[-59.534504,-30.908672],[-59.535599,-30.908373],[-59.535932,-30.908576],[-59.535568,-30.909963],[-59.53556,-30.91135],[-59.535827,-30.911763],[-59.536685,-30.912385],[-59.538231,-30.913008],[-59.539898,-30.913219],[-59.541324,-30.913893],[-59.542869,-30.914308],[-59.544835,-30.91478],[-59.54585,-30.915348],[-59.546558,-30.916583],[-59.547207,-30.917871],[-59.548394,-30.9188],[-59.549338,-30.919933],[-59.549632,-30.921271],[-59.550102,-30.922612],[-59.550454,-30.924001],[-59.551608,-30.925045],[-59.552853,-30.925971],[-59.553986,-30.926956],[-59.554866,-30.928138],[-59.55488,-30.929071],[-59.554507,-30.929471],[-59.55397,-30.929664],[-59.552899,-30.929626],[-59.551289,-30.929362],[-59.550342,-30.928224],[-59.549275,-30.927786],[-59.548798,-30.927908],[-59.548074,-30.929146],[-59.547798,-30.930121],[-59.547889,-30.930583],[-59.548779,-30.931715],[-59.549847,-30.932749],[-59.550239,-30.933196],[-59.550849,-30.933884],[-59.552338,-30.934401],[-59.553951,-30.934561],[-59.555554,-30.934672],[-59.557166,-30.934679],[-59.558774,-30.934681],[-59.560383,-30.934841],[-59.561688,-30.935619],[-59.56371,-30.936088],[-59.564605,-30.935985],[-59.564866,-30.935555],[-59.564613,-30.934598],[-59.563843,-30.933415],[-59.564041,-30.932537],[-59.564388,-30.932131],[-59.56562,-30.931511],[-59.567292,-30.931005],[-59.568962,-30.930806],[-59.56977,-30.930729],[-59.569977,-30.930707],[-59.57151,-30.930581],[-59.572243,-30.930713],[-59.574161,-30.93144],[-59.575646,-30.932016],[-59.577199,-30.932377],[-59.578338,-30.93334],[-59.579205,-30.933876],[-59.579707,-30.934011],[-59.58026,-30.934044],[-59.581375,-30.933916],[-59.581894,-30.933799],[-59.582588,-30.933619],[-59.582928,-30.933615],[-59.583436,-30.933741],[-59.584416,-30.934186],[-59.58596,-30.93501],[-59.586421,-30.935059],[-59.58707,-30.934963],[-59.587386,-30.934967],[-59.588578,-30.935116],[-59.588935,-30.935432],[-59.589169,-30.936871],[-59.589283,-30.937698],[-59.59005,-30.938917],[-59.590821,-30.9401],[-59.592067,-30.940926],[-59.593498,-30.94155],[-59.594568,-30.942578],[-59.595755,-30.943506],[-59.597004,-30.944337],[-59.598308,-30.944853],[-59.59851,-30.94507],[-59.598747,-30.945315],[-59.59914,-30.946398],[-59.599132,-30.947786],[-59.598887,-30.949172],[-59.599244,-30.95061],[-59.600427,-30.951542],[-59.600867,-30.952459],[-59.600782,-30.952881],[-59.59952,-30.953798],[-59.598534,-30.955083],[-59.598306,-30.955902],[-59.5985,-30.956317],[-59.599817,-30.957316],[-59.600463,-30.957297],[-59.601299,-30.956738],[-59.602796,-30.955507],[-59.603536,-30.95499],[-59.60387,-30.954994],[-59.604519,-30.956232],[-59.604812,-30.957619],[-59.605164,-30.958236],[-59.606327,-30.959227],[-59.607461,-30.960207],[-59.608411,-30.960773],[-59.609596,-30.962012],[-59.610188,-30.963298],[-59.611255,-30.964687],[-59.61185,-30.965617],[-59.61333,-30.966494],[-59.614763,-30.967167],[-59.616432,-30.967121],[-59.617385,-30.967331],[-59.619709,-30.967184],[-59.62138,-30.96703],[-59.622632,-30.966215],[-59.623718,-30.965987],[-59.624245,-30.966167],[-59.624904,-30.966955],[-59.625014,-30.9674],[-59.624711,-30.968739],[-59.624882,-30.970181],[-59.624938,-30.970381],[-59.625477,-30.971107],[-59.62732,-30.972606],[-59.628144,-30.974151],[-59.627907,-30.974816],[-59.628497,-30.975638],[-59.629685,-30.976669],[-59.631237,-30.977084],[-59.631524,-30.978425],[-59.631557,-30.979417],[-59.631667,-30.980236],[-59.632083,-30.98158],[-59.632798,-30.982811],[-59.633754,-30.983868],[-59.634395,-30.984254],[-59.634938,-30.984255],[-59.63559,-30.984466],[-59.637437,-30.984518],[-59.639226,-30.985196],[-59.640716,-30.985663],[-59.641215,-30.985653],[-59.642203,-30.985152],[-59.64328,-30.984125],[-59.644058,-30.983204],[-59.644516,-30.98295],[-59.645553,-30.982693],[-59.647164,-30.982545],[-59.648095,-30.982164],[-59.648536,-30.981982],[-59.650088,-30.98163],[-59.65057,-30.981764],[-59.651459,-30.982351],[-59.652527,-30.983383],[-59.652885,-30.984276],[-59.652878,-30.984722],[-59.652339,-30.986055],[-59.65144,-30.987185],[-59.650243,-30.988209],[-59.648811,-30.988924],[-59.648162,-30.989817],[-59.648209,-30.99026],[-59.649279,-30.991293],[-59.650646,-30.992067],[-59.650312,-30.992811],[-59.648671,-30.994111],[-59.647383,-30.995772],[-59.646507,-30.997493],[-59.646454,-30.997884],[-59.646405,-30.998252],[-59.647934,-30.999991],[-59.647939,-30.999996],[-59.649629,-31.001788],[-59.650002,-31.003618],[-59.649139,-31.00501],[-59.649137,-31.005912],[-59.647556,-31.00683],[-59.643804,-31.006634],[-59.642098,-31.005237],[-59.637908,-31.005061],[-59.636475,-31.005961],[-59.632008,-31.00488],[-59.631444,-31.003896],[-59.630397,-31.0034],[-59.628503,-31.003035],[-59.623997,-31.004116],[-59.621871,-31.006777],[-59.613556,-31.010029],[-59.608631,-31.010535],[-59.605957,-31.010023],[-59.604134,-31.011431],[-59.602864,-31.011911],[-59.60132,-31.012149],[-59.600047,-31.012995],[-59.598491,-31.014688],[-59.59694,-31.015409],[-59.596092,-31.016743],[-59.592435,-31.019156],[-59.592284,-31.021703],[-59.59171,-31.024688],[-59.588893,-31.025894],[-59.588598,-31.027878],[-59.587604,-31.029694],[-59.586902,-31.030739],[-59.589565,-31.033171],[-59.589145,-31.034155],[-59.585067,-31.032826],[-59.581837,-31.03124],[-59.579445,-31.030988],[-59.575965,-31.03112],[-59.57423,-31.031575],[-59.571971,-31.033511],[-59.570282,-31.034353],[-59.569294,-31.034039],[-59.567985,-31.033035],[-59.567329,-31.032644],[-59.564727,-31.032092],[-59.562928,-31.034045],[-59.5617,-31.032385],[-59.559315,-31.031042],[-59.557197,-31.031887],[-59.55607,-31.032974],[-59.552032,-31.032271],[-59.550365,-31.032047],[-59.549091,-31.031756],[-59.548471,-31.031757],[-59.546556,-31.03176],[-59.54543,-31.031338],[-59.544724,-31.030976],[-59.541777,-31.028901],[-59.541153,-31.028808],[-59.539811,-31.02938],[-59.538814,-31.031561],[-59.537465,-31.031944],[-59.536134,-31.031651],[-59.534932,-31.032173],[-59.534724,-31.033015],[-59.532924,-31.033151],[-59.53079,-31.032062],[-59.531331,-31.033663],[-59.52792,-31.034855],[-59.525917,-31.03554],[-59.523902,-31.037775],[-59.521903,-31.037937],[-59.512692,-31.039549],[-59.511157,-31.040237],[-59.510063,-31.041303],[-59.509349,-31.042874],[-59.508359,-31.043843],[-59.508637,-31.045175],[-59.507217,-31.046745],[-59.507637,-31.048207],[-59.504533,-31.048799],[-59.50298,-31.050248],[-59.500223,-31.049592],[-59.499253,-31.050427],[-59.496899,-31.051958],[-59.493503,-31.051149],[-59.491661,-31.050711],[-59.488996,-31.052324],[-59.48759,-31.053759],[-59.488475,-31.054184],[-59.489848,-31.054902],[-59.485059,-31.057556],[-59.4837,-31.059263],[-59.483459,-31.059567],[-59.481724,-31.06106],[-59.480388,-31.061867],[-59.478852,-31.063073],[-59.478231,-31.063448],[-59.476043,-31.063938],[-59.475559,-31.064145],[-59.474843,-31.064396],[-59.472371,-31.06486],[-59.471038,-31.065378],[-59.468696,-31.065376],[-59.466756,-31.065607],[-59.464019,-31.066244],[-59.46235,-31.066933],[-59.460812,-31.067963],[-59.458538,-31.068716],[-59.456071,-31.069752],[-59.453666,-31.070726],[-59.451935,-31.071242],[-59.450189,-31.071473],[-59.447914,-31.071478],[-59.446177,-31.071245],[-59.444237,-31.071192],[-59.44264,-31.070729],[-59.441096,-31.069866],[-59.439496,-31.069065],[-59.437621,-31.067738],[-59.435482,-31.066994],[-59.433921,-31.067171],[-59.432941,-31.06728],[-59.430667,-31.068028],[-59.429467,-31.068832],[-59.427326,-31.070098],[-59.425991,-31.070957],[-59.424788,-31.071478],[-59.423481,-31.072266],[-59.422986,-31.072568],[-59.421649,-31.073261],[-59.420043,-31.073775],[-59.418774,-31.074122],[-59.416107,-31.074467],[-59.416065,-31.074962],[-59.415532,-31.075758],[-59.412998,-31.075642],[-59.412755,-31.075636],[-59.4109,-31.075962],[-59.41063,-31.076878],[-59.410198,-31.076677],[-59.407864,-31.075612],[-59.404808,-31.077189],[-59.397282,-31.075334],[-59.395027,-31.076348],[-59.393433,-31.077254],[-59.393047,-31.07791],[-59.39235,-31.078837],[-59.391831,-31.079525],[-59.392215,-31.080667],[-59.389831,-31.081902],[-59.388104,-31.083268],[-59.385978,-31.084511],[-59.38451,-31.086438],[-59.382652,-31.087684],[-59.381718,-31.08882],[-59.380562,-31.088815],[-59.380359,-31.088814],[-59.379201,-31.088808],[-59.37708,-31.089365],[-59.376372,-31.089323],[-59.37542,-31.089175],[-59.374965,-31.089243],[-59.37351,-31.089918],[-59.372048,-31.090706],[-59.371693,-31.090813],[-59.370956,-31.09077],[-59.370185,-31.090473],[-59.368708,-31.089517],[-59.368268,-31.088446],[-59.367416,-31.087994],[-59.367026,-31.088055],[-59.365896,-31.089212],[-59.365096,-31.089789],[-59.364413,-31.090955],[-59.363334,-31.091789],[-59.362712,-31.092114],[-59.360229,-31.09317],[-59.359319,-31.094037],[-59.359208,-31.094133],[-59.358639,-31.094423],[-59.357505,-31.095193],[-59.35677,-31.095668],[-59.356372,-31.095868],[-59.356033,-31.095962],[-59.355466,-31.096153],[-59.355025,-31.096245],[-59.354114,-31.096246],[-59.353761,-31.096114],[-59.352131,-31.095951],[-59.35112,-31.097116],[-59.349582,-31.097501],[-59.349204,-31.098823],[-59.347397,-31.09897],[-59.345947,-31.098961],[-59.345268,-31.098523],[-59.344593,-31.098098],[-59.344042,-31.098799],[-59.341869,-31.099097],[-59.340324,-31.099711],[-59.338779,-31.099861],[-59.338056,-31.100561],[-59.334893,-31.099061],[-59.334255,-31.09953],[-59.333256,-31.100303],[-59.332248,-31.101549],[-59.328709,-31.102075],[-59.328522,-31.102295],[-59.328418,-31.102418],[-59.328067,-31.102849],[-59.325886,-31.103855],[-59.325157,-31.104704],[-59.32352,-31.105477],[-59.321258,-31.105619],[-59.320706,-31.106554],[-59.320515,-31.10749],[-59.321175,-31.108172],[-59.321773,-31.108743],[-59.322051,-31.110292],[-59.320607,-31.112444],[-59.319512,-31.112927],[-59.315413,-31.111805],[-59.314266,-31.111488],[-59.305938,-31.109988],[-59.304066,-31.109984],[-59.302061,-31.10998],[-59.300593,-31.110208],[-59.299266,-31.109796],[-59.29861,-31.109701],[-59.297747,-31.109604],[-59.297309,-31.109492],[-59.296557,-31.109033],[-59.295905,-31.108375],[-59.295043,-31.107436],[-59.29483,-31.10706],[-59.294616,-31.10659],[-59.294193,-31.105465],[-59.293655,-31.104436],[-59.293659,-31.104057],[-59.293431,-31.103262],[-59.293121,-31.102934],[-59.292042,-31.102276],[-59.291611,-31.101993],[-59.290421,-31.101428],[-59.289227,-31.100952],[-59.288258,-31.100293],[-59.287929,-31.100009],[-59.287902,-31.099611],[-59.288159,-31.098794],[-59.288273,-31.098419],[-59.288277,-31.097856],[-59.288387,-31.097111],[-59.288094,-31.096774],[-59.287198,-31.096451],[-59.286222,-31.096729],[-59.28513,-31.096531],[-59.284275,-31.095497],[-59.283733,-31.095026],[-59.282318,-31.094738],[-59.281773,-31.095483],[-59.281226,-31.095666],[-59.280353,-31.096321],[-59.279055,-31.096031],[-59.277973,-31.094995],[-59.276454,-31.094802],[-59.275047,-31.094699],[-59.274501,-31.094417],[-59.274189,-31.093291],[-59.273216,-31.092258],[-59.272137,-31.091596],[-59.271922,-31.09141],[-59.271165,-31.090748],[-59.27106,-31.090281],[-59.27031,-31.089245],[-59.269119,-31.088585],[-59.268467,-31.088395],[-59.267277,-31.087828],[-59.266414,-31.086889],[-59.265447,-31.086041],[-59.264901,-31.085755],[-59.263822,-31.085097],[-59.262744,-31.084345],[-59.261658,-31.083678],[-59.260365,-31.083019],[-59.260639,-31.077716],[-59.263094,-31.072807],[-59.265171,-31.067142],[-59.268192,-31.064499],[-59.26857,-31.060722],[-59.259129,-31.060722],[-59.260073,-31.050337],[-59.269514,-31.04354],[-59.276311,-31.035043],[-59.282165,-31.027112],[-59.286508,-31.021447],[-59.298781,-31.005398],[-59.310866,-31.00181],[-59.315775,-30.999166],[-59.312754,-30.994824],[-59.314831,-30.990292],[-59.311999,-30.989914],[-59.305579,-30.986704],[-59.291606,-30.980473],[-59.279332,-30.974808],[-59.295949,-30.946108],[-59.295382,-30.945919],[-59.294061,-30.945163],[-59.293305,-30.944786],[-59.292739,-30.944219],[-59.292172,-30.943464],[-59.291039,-30.943086],[-59.289718,-30.942142],[-59.288796,-30.941347],[-59.287457,-30.940569],[-59.28612,-30.939788],[-59.284722,-30.939121],[-59.283445,-30.938228],[-59.282497,-30.93712],[-59.281352,-30.936123],[-59.280277,-30.935123],[-59.279198,-30.934123],[-59.277857,-30.933238],[-59.276847,-30.932127],[-59.27615,-30.930967],[-59.275651,-30.929971],[-59.275212,-30.929553],[-59.274522,-30.928226],[-59.273506,-30.927116],[-59.272106,-30.926449],[-59.271763,-30.92638],[-59.271019,-30.926377],[-59.270507,-30.926218],[-59.270446,-30.925973],[-59.271037,-30.925373],[-59.271155,-30.924953],[-59.270145,-30.923901],[-59.269002,-30.922796],[-59.268242,-30.921575],[-59.267487,-30.920359],[-59.266345,-30.919353],[-59.265267,-30.91825],[-59.264058,-30.917305],[-59.262475,-30.916682],[-59.262935,-30.916011],[-59.263275,-30.915142],[-59.26356,-30.914245],[-59.263839,-30.913874],[-59.265072,-30.912932],[-59.266308,-30.911986],[-59.267173,-30.910826],[-59.267905,-30.909541],[-59.267914,-30.908379],[-59.267991,-30.90793],[-59.268475,-30.907111],[-59.269584,-30.906062],[-59.269948,-30.90564],[-59.270578,-30.904905],[-59.271142,-30.903633],[-59.271698,-30.902365],[-59.271955,-30.900989],[-59.272373,-30.900114],[-59.272701,-30.899727],[-59.273996,-30.898886],[-59.27511,-30.897783],[-59.275238,-30.896354],[-59.276169,-30.895191],[-59.276795,-30.894403],[-59.277223,-30.894145],[-59.278579,-30.893715],[-59.278749,-30.893661],[-59.279244,-30.89282],[-59.279351,-30.892345],[-59.279071,-30.891337],[-59.278926,-30.891044],[-59.278508,-30.890501],[-59.278342,-30.890059],[-59.278664,-30.888685],[-59.278648,-30.888378],[-59.278546,-30.887758],[-59.278676,-30.887311],[-59.278931,-30.887062],[-59.279555,-30.886724],[-59.28003,-30.886472],[-59.281322,-30.885473],[-59.281467,-30.885053],[-59.281388,-30.884722],[-59.280969,-30.884151],[-59.279742,-30.883247],[-59.278908,-30.882398],[-59.278527,-30.882392],[-59.277415,-30.883441],[-59.276173,-30.883072],[-59.276039,-30.882901],[-59.276446,-30.882296],[-59.276737,-30.881804],[-59.276748,-30.88043],[-59.276988,-30.880234],[-59.277799,-30.880154],[-59.278287,-30.879961],[-59.27903,-30.878694],[-59.279347,-30.87727],[-59.279189,-30.877022],[-59.278434,-30.876636],[-59.278188,-30.876304],[-59.278934,-30.875042],[-59.27998,-30.873986],[-59.281765,-30.873681],[-59.282936,-30.872575],[-59.283184,-30.872055],[-59.283562,-30.871255],[-59.283584,-30.870949],[-59.283455,-30.870301],[-59.283631,-30.869883],[-59.284127,-30.869735],[-59.28522,-30.87005],[-59.285562,-30.870186],[-59.28624,-30.870539],[-59.286751,-30.870639],[-59.288348,-30.870117],[-59.290008,-30.869809],[-59.290344,-30.869431],[-59.29039,-30.869041],[-59.290139,-30.86838],[-59.28984,-30.868286],[-59.288993,-30.868307],[-59.288549,-30.868109],[-59.287876,-30.866874],[-59.288125,-30.866561],[-59.288806,-30.865292],[-59.289367,-30.863817],[-59.289424,-30.863354],[-59.289403,-30.862894],[-59.289378,-30.862438],[-59.289142,-30.861062],[-59.289086,-30.860141],[-59.289216,-30.859685],[-59.290147,-30.858424],[-59.290651,-30.857736],[-59.290726,-30.857634],[-59.290891,-30.85721],[-59.29107,-30.855756],[-59.291164,-30.855484],[-59.291677,-30.855048],[-59.292061,-30.854703],[-59.292633,-30.853877],[-59.292801,-30.853436],[-59.292819,-30.852981],[-59.292625,-30.852056],[-59.292527,-30.851752],[-59.292248,-30.851135],[-59.292145,-30.850682],[-59.292238,-30.850243],[-59.292771,-30.849411],[-59.293759,-30.848363],[-59.29481,-30.847307],[-59.296038,-30.846468],[-59.297145,-30.845392],[-59.297275,-30.844648],[-59.297532,-30.843272],[-59.298087,-30.842008],[-59.298591,-30.840639],[-59.299273,-30.839262],[-59.299778,-30.837889],[-59.300041,-30.837495],[-59.300763,-30.836836],[-59.30106,-30.83666],[-59.301728,-30.83639],[-59.302115,-30.8361],[-59.303012,-30.834913],[-59.303754,-30.834547],[-59.30466,-30.833942],[-59.305045,-30.833552],[-59.30534,-30.833146],[-59.30576,-30.832288],[-59.305855,-30.831989],[-59.305974,-30.831384],[-59.306168,-30.830962],[-59.306393,-30.830685],[-59.307187,-30.829914],[-59.308327,-30.828915],[-59.309711,-30.828234],[-59.311004,-30.827392],[-59.312431,-30.826802],[-59.312709,-30.82649],[-59.31295,-30.826263],[-59.313518,-30.825887],[-59.313941,-30.825592],[-59.314309,-30.825265],[-59.314929,-30.824544],[-59.315003,-30.824253],[-59.314845,-30.823609],[-59.314843,-30.823302],[-59.314906,-30.82316],[-59.315583,-30.822458],[-59.315991,-30.822168],[-59.317315,-30.821404],[-59.317638,-30.821273],[-59.318325,-30.821059],[-59.318722,-30.820782],[-59.319671,-30.819583],[-59.320256,-30.818897],[-59.320362,-30.818634],[-59.320344,-30.81844],[-59.320208,-30.818017],[-59.320114,-30.81755],[-59.320222,-30.816648],[-59.320369,-30.816201],[-59.320569,-30.81595],[-59.321193,-30.815598],[-59.321434,-30.815384],[-59.321507,-30.815251],[-59.321949,-30.813845],[-59.321857,-30.813261],[-59.321406,-30.811937],[-59.321395,-30.811482],[-59.321725,-30.810563],[-59.322293,-30.809772],[-59.322677,-30.809482],[-59.324032,-30.808777],[-59.325416,-30.808091],[-59.326923,-30.807575],[-59.328007,-30.807412],[-59.328544,-30.807418],[-59.330139,-30.807562],[-59.331852,-30.807674],[-59.333515,-30.808063],[-59.334583,-30.807778],[-59.335362,-30.807138],[-59.336376,-30.806811],[-59.337355,-30.806456],[-59.338428,-30.806256],[-59.339475,-30.80611],[-59.339795,-30.805925],[-59.340125,-30.805268],[-59.339585,-30.80505],[-59.339334,-30.804871],[-59.339419,-30.804194],[-59.339664,-30.803998],[-59.340737,-30.804006],[-59.341225,-30.803997],[-59.341807,-30.803986],[-59.343056,-30.804094],[-59.343915,-30.804636],[-59.344837,-30.805108],[-59.345425,-30.805904],[-59.346017,-30.806678],[-59.346985,-30.807363],[-59.347581,-30.80797],[-59.347758,-30.808601],[-59.347668,-30.808896],[-59.347004,-30.809616],[-59.346523,-30.810486],[-59.346371,-30.811383],[-59.345352,-30.811692],[-59.34428,-30.811743],[-59.343852,-30.812077],[-59.343732,-30.812295],[-59.343792,-30.812562],[-59.344681,-30.813133],[-59.345511,-30.813751],[-59.346519,-30.814014],[-59.347592,-30.814075],[-59.348601,-30.814383],[-59.349614,-30.814646],[-59.350619,-30.815062],[-59.351573,-30.815454],[-59.351771,-30.815585],[-59.352009,-30.816007],[-59.351955,-30.816307],[-59.351292,-30.817018],[-59.350482,-30.817793],[-59.350495,-30.818059],[-59.351106,-30.818617],[-59.351963,-30.819132],[-59.352794,-30.819728],[-59.35347,-30.820013],[-59.353832,-30.820041],[-59.354638,-30.819996],[-59.355179,-30.819547],[-59.35545,-30.818672],[-59.356048,-30.818247],[-59.356345,-30.818188],[-59.356652,-30.818287],[-59.35724,-30.818758],[-59.357441,-30.819661],[-59.358387,-30.820048],[-59.359405,-30.819824],[-59.360066,-30.820095],[-59.36029,-30.820313],[-59.360301,-30.820489],[-59.359982,-30.820854],[-59.35975,-30.82114],[-59.359488,-30.821768],[-59.359535,-30.822062],[-59.359824,-30.822201],[-59.360607,-30.822011],[-59.361474,-30.821378],[-59.362193,-30.820713],[-59.362851,-30.819966],[-59.363781,-30.819456],[-59.364818,-30.819363],[-59.364993,-30.819224],[-59.365245,-30.818772],[-59.365479,-30.818648],[-59.366402,-30.819088],[-59.367317,-30.819681],[-59.367997,-30.820408],[-59.368228,-30.821333],[-59.368474,-30.821958],[-59.368733,-30.822154],[-59.36977,-30.822264],[-59.370842,-30.822421],[-59.371852,-30.822836],[-59.372711,-30.82346],[-59.373267,-30.824286],[-59.373297,-30.824738],[-59.373414,-30.825665],[-59.373634,-30.825923],[-59.373858,-30.825997],[-59.374359,-30.826155],[-59.375071,-30.82609],[-59.375409,-30.825932],[-59.376152,-30.825268],[-59.376691,-30.824472],[-59.377368,-30.82409],[-59.377707,-30.824091],[-59.378689,-30.824434],[-59.379758,-30.824743],[-59.379791,-30.824974],[-59.379247,-30.825562],[-59.378585,-30.826305],[-59.37873,-30.826525],[-59.379445,-30.826825],[-59.380515,-30.826828],[-59.381588,-30.826628],[-59.38266,-30.826433],[-59.383679,-30.8262],[-59.38469,-30.825822],[-59.385673,-30.82539],[-59.386186,-30.824517],[-59.386905,-30.823852],[-59.387328,-30.823909],[-59.38782,-30.824373],[-59.387866,-30.824677],[-59.387668,-30.825293],[-59.387574,-30.825493],[-59.387333,-30.825878],[-59.387309,-30.826166],[-59.387505,-30.826424],[-59.388168,-30.826713],[-59.38921,-30.826435],[-59.39034,-30.82644],[-59.390556,-30.826518],[-59.390984,-30.826805],[-59.391294,-30.826827],[-59.392217,-30.82637],[-59.393531,-30.826132],[-59.394427,-30.825626],[-59.395177,-30.82561],[-59.39553,-30.825733],[-59.396245,-30.82651],[-59.39725,-30.826849],[-59.398259,-30.826877],[-59.398925,-30.827287],[-59.399091,-30.827549],[-59.399049,-30.827831],[-59.398789,-30.828207],[-59.398727,-30.828395],[-59.398772,-30.829018],[-59.398904,-30.829323],[-59.39964,-30.82997],[-59.400143,-30.830822],[-59.400585,-30.831641],[-59.400937,-30.832137],[-59.400989,-30.832833],[-59.40096,-30.833476],[-59.400837,-30.833779],[-59.400436,-30.834309],[-59.400089,-30.834777],[-59.399699,-30.835293],[-59.399246,-30.836172],[-59.399295,-30.836458],[-59.399487,-30.83663],[-59.39999,-30.836815],[-59.401086,-30.836823],[-59.402188,-30.836804],[-59.402491,-30.836655],[-59.402821,-30.836299],[-59.402997,-30.836191],[-59.403484,-30.836146],[-59.403744,-30.836194],[-59.404036,-30.836396],[-59.40409,-30.836713],[-59.403956,-30.837141],[-59.403943,-30.837348],[-59.404065,-30.837942],[-59.4042,-30.838225],[-59.404521,-30.838369],[-59.404807,-30.838341],[-59.405155,-30.838184],[-59.405274,-30.838079],[-59.405789,-30.837282],[-59.406119,-30.836409],[-59.406375,-30.835988],[-59.406544,-30.835808],[-59.406898,-30.835691],[-59.407921,-30.83549],[-59.408305,-30.835329],[-59.408795,-30.835145],[-59.408935,-30.835239],[-59.409108,-30.83614],[-59.40928,-30.837069],[-59.409749,-30.837915],[-59.409747,-30.83833],[-59.409984,-30.838688],[-59.410634,-30.839409],[-59.411283,-30.840134],[-59.411549,-30.84034],[-59.412175,-30.840654],[-59.413064,-30.84117],[-59.414013,-30.841638],[-59.414566,-30.842072],[-59.414665,-30.842359],[-59.414925,-30.84329],[-59.415059,-30.843483],[-59.415577,-30.843727],[-59.415937,-30.843683],[-59.416657,-30.842991],[-59.417218,-30.842439],[-59.417489,-30.842379],[-59.417709,-30.842574],[-59.417904,-30.843224],[-59.417685,-30.844123],[-59.417684,-30.845074],[-59.41805,-30.84562],[-59.418363,-30.845773],[-59.419433,-30.845776],[-59.42015,-30.845814],[-59.420507,-30.845909],[-59.420662,-30.846161],[-59.420381,-30.846838],[-59.41972,-30.847554],[-59.419712,-30.847955],[-59.419793,-30.848169],[-59.420013,-30.848428],[-59.420964,-30.848846],[-59.421886,-30.849412],[-59.422657,-30.849798],[-59.423456,-30.850239],[-59.424239,-30.850869],[-59.424556,-30.851054],[-59.425308,-30.851264],[-59.425662,-30.851283],[-59.426146,-30.851265],[-59.426379,-30.851321],[-59.426694,-30.8515],[-59.427174,-30.851991],[-59.427708,-30.85279],[-59.428121,-30.85364],[-59.428506,-30.854515],[-59.428704,-30.85544],[-59.428761,-30.856365],[-59.428753,-30.857289],[-59.428688,-30.857508],[-59.428407,-30.857892],[-59.428119,-30.85806],[-59.427834,-30.857993],[-59.427441,-30.857685],[-59.427231,-30.857567],[-59.426536,-30.857295],[-59.426193,-30.857304],[-59.425905,-30.857489],[-59.425559,-30.858075],[-59.425559,-30.858696],[-59.425706,-30.858975],[-59.426295,-30.859699],[-59.427066,-30.860324],[-59.427433,-30.860501],[-59.428284,-30.860583],[-59.429478,-30.860075],[-59.4299,-30.860096],[-59.430092,-30.860191]]]}},{"type":"Feature","properties":{"departamento":"La Paz","distrito":"Alcaraz 1°","techo_ha":3.7,"total_ha":27.41,"ep":38,"potencia_kwp":13702,"inversion_musd":9.6,"generacion_gwh":15.6,"co2_tn":6865},"geometry":{"type":"Polygon","coordinates":[[[-59.652034,-30.992238],[-59.652375,-30.992211],[-59.653031,-30.991931],[-59.653525,-30.991781],[-59.655197,-30.991834],[-59.656681,-30.992197],[-59.657004,-30.992444],[-59.657349,-30.993205],[-59.657693,-30.993697],[-59.658409,-30.993994],[-59.658813,-30.994041],[-59.659305,-30.9939],[-59.660083,-30.992722],[-59.661023,-30.992034],[-59.661339,-30.991804],[-59.662833,-30.991189],[-59.663903,-30.990951],[-59.664441,-30.990987],[-59.664931,-30.991176],[-59.66563,-30.991915],[-59.665734,-30.992377],[-59.665568,-30.993301],[-59.665025,-30.994639],[-59.66455,-30.996258],[-59.664485,-30.997067],[-59.664644,-30.997553],[-59.664803,-30.997693],[-59.667422,-30.999996],[-59.670009,-31.002041],[-59.67342,-31.002926],[-59.673678,-31.003559],[-59.673051,-31.005039],[-59.672695,-31.005278],[-59.671746,-31.005636],[-59.671315,-31.006071],[-59.671188,-31.007307],[-59.671063,-31.007692],[-59.67073,-31.008458],[-59.670697,-31.009025],[-59.671113,-31.010009],[-59.671527,-31.010885],[-59.672604,-31.011665],[-59.675541,-31.011984],[-59.677013,-31.012757],[-59.67751,-31.013279],[-59.67756,-31.014114],[-59.676309,-31.015852],[-59.675347,-31.016422],[-59.675462,-31.016885],[-59.675988,-31.017552],[-59.676251,-31.017676],[-59.676778,-31.017554],[-59.678474,-31.01566],[-59.679379,-31.014827],[-59.679839,-31.014677],[-59.681217,-31.014699],[-59.681762,-31.014992],[-59.682995,-31.016759],[-59.684692,-31.016429],[-59.685677,-31.016386],[-59.686783,-31.016703],[-59.688464,-31.018161],[-59.688637,-31.01831],[-59.689537,-31.018369],[-59.692054,-31.016875],[-59.693251,-31.017185],[-59.692273,-31.019597],[-59.692801,-31.020373],[-59.693642,-31.021408],[-59.694237,-31.022284],[-59.694531,-31.023526],[-59.695366,-31.024048],[-59.695847,-31.024457],[-59.696682,-31.025028],[-59.696738,-31.025904],[-59.697456,-31.027247],[-59.698589,-31.028749],[-59.699718,-31.030247],[-59.701595,-31.032102],[-59.702041,-31.0326],[-59.703055,-31.034825],[-59.702872,-31.036425],[-59.702629,-31.038235],[-59.703944,-31.039472],[-59.7052,-31.040098],[-59.705858,-31.041282],[-59.707146,-31.042325],[-59.7089,-31.042212],[-59.712529,-31.039105],[-59.715234,-31.038313],[-59.716073,-31.038938],[-59.715587,-31.039764],[-59.715102,-31.042442],[-59.715964,-31.042942],[-59.716534,-31.043272],[-59.719294,-31.043126],[-59.721336,-31.041582],[-59.721879,-31.039415],[-59.722005,-31.037864],[-59.72153,-31.036162],[-59.720753,-31.034867],[-59.720936,-31.033939],[-59.723336,-31.03317],[-59.725616,-31.032453],[-59.728252,-31.031943],[-59.732502,-31.032623],[-59.733634,-31.03381],[-59.734771,-31.035984],[-59.735351,-31.036621],[-59.735664,-31.036967],[-59.736262,-31.038361],[-59.736919,-31.040067],[-59.738229,-31.041461],[-59.738735,-31.046345],[-59.741551,-31.047345],[-59.742809,-31.046818],[-59.74353,-31.04548],[-59.743591,-31.043827],[-59.744735,-31.043059],[-59.745694,-31.043421],[-59.750539,-31.045233],[-59.753599,-31.044517],[-59.756526,-31.046073],[-59.75808,-31.048109],[-59.758381,-31.048504],[-59.759687,-31.052583],[-59.760166,-31.053411],[-59.759914,-31.057848],[-59.75979,-31.05958],[-59.758162,-31.062256],[-59.756656,-31.064841],[-59.754678,-31.067207],[-59.752816,-31.068548],[-59.751973,-31.069166],[-59.751659,-31.070686],[-59.751957,-31.071617],[-59.752727,-31.072858],[-59.754223,-31.074207],[-59.754406,-31.074825],[-59.755359,-31.076426],[-59.756143,-31.076788],[-59.75721,-31.077824],[-59.758651,-31.078397],[-59.760929,-31.078914],[-59.761757,-31.078741],[-59.763447,-31.078405],[-59.76458,-31.079181],[-59.766976,-31.081094],[-59.768233,-31.080841],[-59.769677,-31.080738],[-59.770691,-31.080691],[-59.771409,-31.080691],[-59.773689,-31.08023],[-59.776204,-31.080234],[-59.778012,-31.079257],[-59.778548,-31.078743],[-59.781311,-31.077401],[-59.782863,-31.078026],[-59.783343,-31.07916],[-59.784118,-31.080017],[-59.785211,-31.080757],[-59.787033,-31.081073],[-59.788978,-31.080761],[-59.79226,-31.082028],[-59.793208,-31.082871],[-59.79448,-31.083439],[-59.797162,-31.08379],[-59.798745,-31.083897],[-59.801296,-31.083172],[-59.803365,-31.084642],[-59.804333,-31.086843],[-59.806881,-31.089885],[-59.812305,-31.093665],[-59.815026,-31.094192],[-59.81977,-31.091687],[-59.821647,-31.089989],[-59.820831,-31.091916],[-59.820434,-31.093384],[-59.820491,-31.094746],[-59.821218,-31.096734],[-59.822307,-31.098779],[-59.822547,-31.100457],[-59.82157,-31.102339],[-59.818162,-31.103959],[-59.816391,-31.105533],[-59.814748,-31.107466],[-59.813613,-31.108123],[-59.812312,-31.108875],[-59.810363,-31.109295],[-59.808657,-31.109708],[-59.806445,-31.110541],[-59.80465,-31.11106],[-59.802548,-31.111503],[-59.801149,-31.111838],[-59.800418,-31.112234],[-59.800885,-31.113215],[-59.801217,-31.113949],[-59.801029,-31.115391],[-59.8003,-31.116535],[-59.799115,-31.117326],[-59.798045,-31.118236],[-59.797069,-31.119393],[-59.796246,-31.120882],[-59.796028,-31.121904],[-59.795783,-31.122506],[-59.795719,-31.124073],[-59.795781,-31.124967],[-59.795354,-31.126227],[-59.793733,-31.128088],[-59.79346,-31.128397],[-59.790488,-31.130783],[-59.789147,-31.132039],[-59.787955,-31.133347],[-59.786036,-31.135098],[-59.784757,-31.1363],[-59.783038,-31.137154],[-59.779,-31.137756],[-59.776103,-31.138211],[-59.774682,-31.137779],[-59.773376,-31.136358],[-59.772987,-31.133059],[-59.774602,-31.130783],[-59.774243,-31.129553],[-59.773392,-31.128765],[-59.772057,-31.128578],[-59.771041,-31.129427],[-59.769944,-31.130891],[-59.768691,-31.13246],[-59.767438,-31.134028],[-59.766796,-31.135652],[-59.766822,-31.137343],[-59.768124,-31.138601],[-59.769527,-31.139551],[-59.770598,-31.142561],[-59.769744,-31.143572],[-59.765343,-31.144714],[-59.764071,-31.144371],[-59.763272,-31.143909],[-59.762876,-31.143561],[-59.76274,-31.143157],[-59.762741,-31.142756],[-59.763146,-31.142013],[-59.763343,-31.141843],[-59.763081,-31.140691],[-59.762745,-31.140232],[-59.761815,-31.139308],[-59.761151,-31.138966],[-59.760685,-31.138793],[-59.759353,-31.138619],[-59.758285,-31.138673],[-59.757214,-31.139187],[-59.756882,-31.139418],[-59.756409,-31.140154],[-59.756472,-31.140507],[-59.756679,-31.140737],[-59.757541,-31.141602],[-59.757876,-31.142056],[-59.758938,-31.142809],[-59.759136,-31.14321],[-59.759342,-31.143783],[-59.760203,-31.144648],[-59.761134,-31.144766],[-59.762336,-31.145341],[-59.762934,-31.146375],[-59.763022,-31.146643],[-59.763463,-31.147925],[-59.763396,-31.148283],[-59.762662,-31.148842],[-59.76242,-31.1488],[-59.76173,-31.148665],[-59.761395,-31.14844],[-59.760464,-31.147921],[-59.75993,-31.146826],[-59.759732,-31.146024],[-59.758535,-31.145561],[-59.758268,-31.145563],[-59.757131,-31.146481],[-59.756864,-31.146938],[-59.756394,-31.147512],[-59.755588,-31.148542],[-59.755054,-31.149002],[-59.754785,-31.149283],[-59.754048,-31.150373],[-59.753449,-31.150953],[-59.752445,-31.151752],[-59.750977,-31.152152],[-59.750511,-31.15215],[-59.74924,-31.152609],[-59.747974,-31.153176],[-59.746902,-31.153807],[-59.746166,-31.154324],[-59.745163,-31.155236],[-59.744429,-31.155466],[-59.744029,-31.155983],[-59.743229,-31.155007],[-59.742763,-31.155004],[-59.741428,-31.155119],[-59.74036,-31.155804],[-59.740227,-31.155918],[-59.739354,-31.156775],[-59.739154,-31.157355],[-59.739151,-31.15804],[-59.738811,-31.159248],[-59.738281,-31.159879],[-59.737278,-31.16016],[-59.736477,-31.159928],[-59.735349,-31.159354],[-59.735076,-31.159352],[-59.734275,-31.159579],[-59.73354,-31.159921],[-59.732871,-31.161013],[-59.732402,-31.161988],[-59.731933,-31.162449],[-59.731068,-31.163017],[-59.729728,-31.16319],[-59.728398,-31.163071],[-59.727864,-31.162841],[-59.726621,-31.162882],[-59.726293,-31.162738],[-59.725795,-31.162667],[-59.724567,-31.162099],[-59.723504,-31.161396],[-59.722274,-31.160968],[-59.720962,-31.160967],[-59.720182,-31.161019],[-59.719815,-31.161172],[-59.719455,-31.161491],[-59.718987,-31.162227],[-59.718575,-31.162933],[-59.717342,-31.163497],[-59.717015,-31.163637],[-59.716694,-31.163899],[-59.716357,-31.164625],[-59.716187,-31.1654],[-59.71594,-31.166106],[-59.715363,-31.167236],[-59.715364,-31.167376],[-59.715363,-31.168155],[-59.715359,-31.168507],[-59.715186,-31.169638],[-59.714955,-31.170321],[-59.714053,-31.169965],[-59.71381,-31.169963],[-59.71249,-31.170173],[-59.711511,-31.170594],[-59.710767,-31.17158],[-59.710389,-31.172255],[-59.710429,-31.172923],[-59.710923,-31.173346],[-59.711416,-31.174404],[-59.711497,-31.17455],[-59.711574,-31.174831],[-59.711342,-31.175159],[-59.710507,-31.175534],[-59.710179,-31.175535],[-59.708783,-31.175742],[-59.708211,-31.17539],[-59.707307,-31.174465],[-59.706487,-31.175386],[-59.70599,-31.175878],[-59.705826,-31.17637],[-59.705409,-31.177359],[-59.705082,-31.178491],[-59.704177,-31.179049],[-59.703599,-31.179611],[-59.703347,-31.180745],[-59.70314,-31.181241],[-59.702933,-31.181734],[-59.701703,-31.182293],[-59.700881,-31.182714],[-59.700137,-31.183699],[-59.700053,-31.183841],[-59.700054,-31.184337],[-59.699887,-31.185468],[-59.699226,-31.186524],[-59.698569,-31.186737],[-59.697993,-31.186947],[-59.697091,-31.187789],[-59.696433,-31.187858],[-59.696098,-31.18899],[-59.695933,-31.189202],[-59.695278,-31.19019],[-59.694999,-31.191129],[-59.694995,-31.192282],[-59.694926,-31.193434],[-59.694725,-31.193722],[-59.693584,-31.194413],[-59.692574,-31.195217],[-59.692237,-31.19533],[-59.691883,-31.19601],[-59.6917,-31.19637],[-59.691428,-31.19694],[-59.691359,-31.197118],[-59.691222,-31.198273],[-59.691218,-31.198615],[-59.691215,-31.199769],[-59.69115,-31.200344],[-59.689876,-31.200861],[-59.688733,-31.201318],[-59.688333,-31.20184],[-59.687123,-31.202471],[-59.686515,-31.202698],[-59.686181,-31.202816],[-59.6847,-31.203039],[-59.684302,-31.20316],[-59.683894,-31.203446],[-59.683155,-31.204423],[-59.682824,-31.204649],[-59.682011,-31.205633],[-59.681743,-31.205802],[-59.68134,-31.206089],[-59.681271,-31.207304],[-59.681269,-31.207587],[-59.680995,-31.208225],[-59.680793,-31.20863],[-59.681057,-31.209835],[-59.681301,-31.210508],[-59.681456,-31.210936],[-59.681724,-31.211452],[-59.681591,-31.21226],[-59.680694,-31.213016],[-59.680289,-31.213357],[-59.680024,-31.213589],[-59.679482,-31.214625],[-59.679413,-31.214857],[-59.678878,-31.215317],[-59.678403,-31.216467],[-59.678205,-31.216584],[-59.677932,-31.216874],[-59.677993,-31.217912],[-59.678127,-31.218141],[-59.679534,-31.218375],[-59.680072,-31.218376],[-59.681351,-31.217918],[-59.681886,-31.217922],[-59.682292,-31.218077],[-59.682685,-31.21884],[-59.682755,-31.219076],[-59.682148,-31.22011],[-59.681739,-31.220402],[-59.680467,-31.220797],[-59.680332,-31.220973],[-59.679657,-31.221893],[-59.678852,-31.222355],[-59.67838,-31.223275],[-59.677773,-31.223449],[-59.676434,-31.223211],[-59.675696,-31.223156],[-59.674758,-31.22315],[-59.673348,-31.223204],[-59.672009,-31.223489],[-59.671737,-31.223545],[-59.670929,-31.224002],[-59.670819,-31.224373],[-59.671261,-31.225159],[-59.671665,-31.225449],[-59.672131,-31.225678],[-59.672264,-31.226835],[-59.672261,-31.227294],[-59.671925,-31.227529],[-59.671585,-31.228624],[-59.671315,-31.229662],[-59.671143,-31.230532],[-59.671378,-31.230867],[-59.672584,-31.231389],[-59.67285,-31.231568],[-59.673184,-31.232085],[-59.673584,-31.23324],[-59.673646,-31.233702],[-59.67311,-31.233584],[-59.671904,-31.23312],[-59.671707,-31.233007],[-59.670567,-31.232311],[-59.669627,-31.231962],[-59.669091,-31.231786],[-59.66775,-31.231954],[-59.666676,-31.2323],[-59.666408,-31.232703],[-59.66652,-31.233467],[-59.66681,-31.233799],[-59.667342,-31.234092],[-59.667493,-31.234425],[-59.667005,-31.235188],[-59.666665,-31.235237],[-59.66606,-31.235123],[-59.664788,-31.235063],[-59.664116,-31.235469],[-59.663573,-31.236504],[-59.663712,-31.236733],[-59.663713,-31.23708],[-59.66412,-31.23797],[-59.663703,-31.238265],[-59.663146,-31.238647],[-59.662843,-31.238775],[-59.661834,-31.238771],[-59.661301,-31.238771],[-59.660928,-31.238959],[-59.660758,-31.239225],[-59.660625,-31.239744],[-59.660759,-31.239865],[-59.660961,-31.240677],[-59.66089,-31.241076],[-59.660549,-31.241594],[-59.659677,-31.242455],[-59.659475,-31.243207],[-59.659142,-31.243419],[-59.658398,-31.243548],[-59.658116,-31.243284],[-59.657753,-31.242729],[-59.657595,-31.242739],[-59.656853,-31.243778],[-59.65665,-31.24412],[-59.656314,-31.24435],[-59.656379,-31.245041],[-59.655436,-31.245733],[-59.654697,-31.245966],[-59.653358,-31.245841],[-59.652478,-31.246197],[-59.652214,-31.246528],[-59.65215,-31.246936],[-59.652145,-31.247224],[-59.652946,-31.248151],[-59.653619,-31.248493],[-59.653886,-31.249014],[-59.654059,-31.249901],[-59.653878,-31.250284],[-59.652866,-31.251091],[-59.652598,-31.251319],[-59.652466,-31.251955],[-59.651253,-31.252581],[-59.650447,-31.252529],[-59.649377,-31.253271],[-59.648435,-31.25367],[-59.648044,-31.253976],[-59.647556,-31.254188],[-59.646411,-31.254821],[-59.645201,-31.25551],[-59.644935,-31.255855],[-59.644328,-31.256546],[-59.643723,-31.25735],[-59.642791,-31.257592],[-59.642514,-31.257864],[-59.642376,-31.258212],[-59.642035,-31.259077],[-59.642159,-31.259378],[-59.643107,-31.259772],[-59.644314,-31.260124],[-59.645183,-31.260989],[-59.64545,-31.261392],[-59.645982,-31.262429],[-59.645977,-31.26301],[-59.645513,-31.263237],[-59.644165,-31.263233],[-59.643094,-31.263926],[-59.642862,-31.264551],[-59.642951,-31.264846],[-59.643822,-31.265712],[-59.644695,-31.266181],[-59.646035,-31.266125],[-59.646302,-31.266069],[-59.646649,-31.266335],[-59.646905,-31.267104],[-59.646905,-31.267338],[-59.647628,-31.268244],[-59.647766,-31.268415],[-59.64803,-31.269395],[-59.648028,-31.269683],[-59.647824,-31.270421],[-59.647617,-31.270776],[-59.647419,-31.270893],[-59.647335,-31.271269],[-59.647416,-31.27179],[-59.647414,-31.272051],[-59.647278,-31.272507],[-59.646671,-31.272964],[-59.64573,-31.273773],[-59.6452,-31.273998],[-59.643916,-31.273424],[-59.643285,-31.273263],[-59.642948,-31.273277],[-59.642643,-31.273386],[-59.642509,-31.273473],[-59.642235,-31.274227],[-59.641972,-31.27454],[-59.641751,-31.27471],[-59.641228,-31.274971],[-59.640488,-31.27543],[-59.639546,-31.276234],[-59.639473,-31.276755],[-59.639408,-31.277907],[-59.639744,-31.279164],[-59.639741,-31.279623],[-59.63974,-31.280083],[-59.639736,-31.281236],[-59.639332,-31.28233],[-59.638996,-31.282501],[-59.638253,-31.283018],[-59.638227,-31.283328],[-59.638919,-31.284004],[-59.639991,-31.284176],[-59.640129,-31.284351],[-59.640866,-31.285105],[-59.64153,-31.285681],[-59.641997,-31.286779],[-59.642129,-31.287589],[-59.641635,-31.288113],[-59.641251,-31.288503],[-59.640307,-31.289312],[-59.639838,-31.289886],[-59.639836,-31.290751],[-59.638825,-31.291675],[-59.638757,-31.292192],[-59.638251,-31.292895],[-59.637878,-31.293056],[-59.637145,-31.292938],[-59.636203,-31.292877],[-59.634792,-31.292642],[-59.63419,-31.292297],[-59.633325,-31.292288],[-59.632981,-31.292522],[-59.632981,-31.293041],[-59.632706,-31.294196],[-59.632507,-31.294249],[-59.632241,-31.294364],[-59.632032,-31.295233],[-59.632027,-31.296386],[-59.632295,-31.296614],[-59.632762,-31.296905],[-59.632828,-31.298056],[-59.63269,-31.298404],[-59.631886,-31.299325],[-59.630603,-31.300129],[-59.629325,-31.300587],[-59.628852,-31.301102],[-59.627978,-31.301331],[-59.627171,-31.302251],[-59.626565,-31.303285],[-59.626691,-31.304095],[-59.626755,-31.30525],[-59.626755,-31.305539],[-59.626484,-31.30623],[-59.625676,-31.307182],[-59.625272,-31.307181],[-59.62447,-31.307295],[-59.62366,-31.308215],[-59.622315,-31.308792],[-59.622048,-31.308903],[-59.620963,-31.30982],[-59.620965,-31.310055],[-59.621228,-31.311211],[-59.621228,-31.31167],[-59.620152,-31.312471],[-59.619072,-31.313163],[-59.617862,-31.313618],[-59.616252,-31.313729],[-59.615044,-31.314418],[-59.614637,-31.315453],[-59.614627,-31.31661],[-59.614628,-31.316957],[-59.613974,-31.317459],[-59.613261,-31.317832],[-59.612474,-31.318333],[-59.611268,-31.318441],[-59.611263,-31.319022],[-59.610854,-31.320174],[-59.610446,-31.320632],[-59.609909,-31.321208],[-59.608834,-31.32213],[-59.608292,-31.322819],[-59.608017,-31.32397],[-59.607864,-31.324859],[-59.607864,-31.325572],[-59.607694,-31.326115],[-59.60749,-31.326625],[-59.607626,-31.327168],[-59.607524,-31.327847],[-59.606811,-31.32822],[-59.605861,-31.32839],[-59.60508,-31.329103],[-59.603965,-31.329148],[-59.603077,-31.329069],[-59.602534,-31.329476],[-59.601719,-31.32985],[-59.601176,-31.330087],[-59.600531,-31.330325],[-59.59992,-31.330359],[-59.599343,-31.330596],[-59.599309,-31.331479],[-59.598528,-31.332124],[-59.597909,-31.332817],[-59.597904,-31.333975],[-59.59763,-31.335243],[-59.597224,-31.335814],[-59.596416,-31.336738],[-59.596186,-31.337216],[-59.595604,-31.337429],[-59.594794,-31.338344],[-59.594488,-31.339219],[-59.593849,-31.340306],[-59.593742,-31.341188],[-59.593402,-31.341867],[-59.593266,-31.342919],[-59.592757,-31.34353],[-59.591773,-31.34353],[-59.591297,-31.343938],[-59.591275,-31.344798],[-59.590871,-31.345945],[-59.590733,-31.346293],[-59.590191,-31.347328],[-59.58977,-31.347638],[-59.589396,-31.348181],[-59.588582,-31.34869],[-59.587733,-31.349132],[-59.587088,-31.349573],[-59.586579,-31.35015],[-59.586409,-31.350897],[-59.585934,-31.351134],[-59.585391,-31.351134],[-59.584881,-31.351168],[-59.584372,-31.35144],[-59.583965,-31.352051],[-59.583863,-31.352866],[-59.583965,-31.353409],[-59.583897,-31.354054],[-59.583829,-31.354733],[-59.583422,-31.355344],[-59.582896,-31.355596],[-59.582573,-31.355615],[-59.582199,-31.35548],[-59.581588,-31.355514],[-59.581181,-31.355819],[-59.580536,-31.356362],[-59.580468,-31.356939],[-59.58057,-31.357449],[-59.580638,-31.357856],[-59.580706,-31.358128],[-59.580655,-31.358389],[-59.580647,-31.358542],[-59.580129,-31.358908],[-59.579518,-31.358908],[-59.578873,-31.35901],[-59.578431,-31.359452],[-59.578216,-31.360333],[-59.57794,-31.360884],[-59.577364,-31.361386],[-59.576436,-31.360734],[-59.575934,-31.360182],[-59.575283,-31.360007],[-59.574581,-31.359957],[-59.573929,-31.360583],[-59.573126,-31.361185],[-59.572951,-31.361787],[-59.572826,-31.362238],[-59.573046,-31.36288],[-59.573537,-31.363473],[-59.573595,-31.363869],[-59.573327,-31.364207],[-59.572472,-31.364647],[-59.571547,-31.36477],[-59.571146,-31.365924],[-59.570745,-31.366626],[-59.570745,-31.367528],[-59.570318,-31.36808],[-59.569591,-31.368205],[-59.569015,-31.368381],[-59.568646,-31.368719],[-59.567836,-31.369405],[-59.567162,-31.370559],[-59.566754,-31.371016],[-59.566086,-31.371246],[-59.565944,-31.3724],[-59.564869,-31.373088],[-59.563519,-31.373543],[-59.562911,-31.374063],[-59.562604,-31.374365],[-59.562037,-31.374922],[-59.560959,-31.375268],[-59.560284,-31.375263],[-59.559741,-31.376528],[-59.559605,-31.377682],[-59.558661,-31.378491],[-59.558388,-31.379641],[-59.558389,-31.379984],[-59.558385,-31.380448],[-59.557838,-31.381483],[-59.556762,-31.381828],[-59.55542,-31.381823],[-59.554078,-31.381819],[-59.552594,-31.382274],[-59.552593,-31.382504],[-59.551246,-31.383306],[-59.551113,-31.383424],[-59.55084,-31.38457],[-59.549756,-31.385262],[-59.548546,-31.38595],[-59.548414,-31.386064],[-59.547198,-31.386986],[-59.546796,-31.387214],[-59.547325,-31.388251],[-59.54665,-31.389405],[-59.546378,-31.389519],[-59.545448,-31.389593],[-59.545093,-31.389737],[-59.544224,-31.390087],[-59.543416,-31.391007],[-59.54301,-31.391465],[-59.541797,-31.39204],[-59.540988,-31.39296],[-59.540447,-31.394108],[-59.539501,-31.394916],[-59.538421,-31.39572],[-59.537614,-31.396523],[-59.5364,-31.397328],[-59.535702,-31.398089],[-59.535483,-31.398326],[-59.53518,-31.399282],[-59.534633,-31.400322],[-59.533558,-31.400545],[-59.532212,-31.401],[-59.531941,-31.401457],[-59.5314,-31.402731],[-59.530857,-31.403995],[-59.530579,-31.404686],[-59.529503,-31.405374],[-59.529096,-31.405953],[-59.528689,-31.407217],[-59.528278,-31.408256],[-59.527332,-31.409059],[-59.527331,-31.409289],[-59.527328,-31.410442],[-59.527142,-31.411072],[-59.526951,-31.411324],[-59.526535,-31.412209],[-59.52599,-31.413244],[-59.52491,-31.414053],[-59.52423,-31.415314],[-59.524094,-31.415662],[-59.524082,-31.41604],[-59.52415,-31.416565],[-59.524085,-31.416811],[-59.523903,-31.416833],[-59.523552,-31.416675],[-59.522877,-31.417386],[-59.522606,-31.41796],[-59.522198,-31.419116],[-59.521789,-31.419803],[-59.52192,-31.420104],[-59.522365,-31.420504],[-59.522456,-31.420727],[-59.522591,-31.420848],[-59.522583,-31.421997],[-59.52258,-31.42315],[-59.522847,-31.423383],[-59.523526,-31.424266],[-59.523585,-31.424443],[-59.523915,-31.425349],[-59.524849,-31.426158],[-59.525176,-31.427104],[-59.525192,-31.427317],[-59.525245,-31.428242],[-59.52538,-31.428556],[-59.526044,-31.429165],[-59.527116,-31.42986],[-59.527386,-31.43044],[-59.527512,-31.431588],[-59.519771,-31.442567],[-59.506514,-31.434866],[-59.471079,-31.414703],[-59.463383,-31.409896],[-59.458316,-31.406728],[-59.456006,-31.405283],[-59.435209,-31.396134],[-59.428174,-31.392833],[-59.424888,-31.391118],[-59.397367,-31.373324],[-59.389016,-31.367508],[-59.363784,-31.351941],[-59.310062,-31.318758],[-59.308937,-31.318066],[-59.275156,-31.297003],[-59.276124,-31.294848],[-59.276815,-31.293466],[-59.277333,-31.292257],[-59.278024,-31.289667],[-59.278369,-31.288459],[-59.278887,-31.287422],[-59.279405,-31.286041],[-59.27975,-31.284832],[-59.280441,-31.283451],[-59.280787,-31.281897],[-59.28165,-31.28017],[-59.281995,-31.279307],[-59.282513,-31.277925],[-59.282859,-31.276717],[-59.283549,-31.27568],[-59.283895,-31.273263],[-59.284931,-31.271018],[-59.285276,-31.269637],[-59.285794,-31.267737],[-59.286485,-31.26532],[-59.28683,-31.263938],[-59.287003,-31.262384],[-59.287003,-31.261176],[-59.286828,-31.260468],[-59.286786,-31.259615],[-59.286634,-31.259142],[-59.286358,-31.25849],[-59.286346,-31.257989],[-59.286255,-31.257554],[-59.285938,-31.256428],[-59.286069,-31.256031],[-59.285947,-31.255586],[-59.28563,-31.254459],[-59.28509,-31.25343],[-59.285099,-31.252218],[-59.285103,-31.252029],[-59.285112,-31.250817],[-59.285211,-31.250226],[-59.285011,-31.249972],[-59.28469,-31.24885],[-59.284696,-31.248377],[-59.284701,-31.247165],[-59.284276,-31.24645],[-59.284279,-31.246171],[-59.284287,-31.244955],[-59.284293,-31.244207],[-59.284519,-31.242993],[-59.284851,-31.241872],[-59.284641,-31.241496],[-59.284316,-31.240937],[-59.283889,-31.239812],[-59.28424,-31.238867],[-59.284005,-31.238594],[-59.282922,-31.238585],[-59.282642,-31.238379],[-59.282599,-31.237463],[-59.282826,-31.236618],[-59.281964,-31.235683],[-59.281673,-31.235206],[-59.281211,-31.234747],[-59.280667,-31.234456],[-59.280534,-31.234101],[-59.280677,-31.233339],[-59.281338,-31.232124],[-59.281236,-31.231378],[-59.280688,-31.231371],[-59.280589,-31.230156],[-59.280164,-31.229036],[-59.279298,-31.228465],[-59.278215,-31.227808],[-59.277134,-31.227146],[-59.276375,-31.227047],[-59.275944,-31.226485],[-59.275517,-31.225265],[-59.275519,-31.224891],[-59.275524,-31.223959],[-59.275528,-31.223671],[-59.275535,-31.222738],[-59.274991,-31.222457],[-59.273801,-31.221981],[-59.274024,-31.221235],[-59.274085,-31.220831],[-59.274013,-31.219928],[-59.274037,-31.219703],[-59.274365,-31.219181],[-59.275136,-31.218158],[-59.275901,-31.217221],[-59.275979,-31.216994],[-59.275939,-31.216461],[-59.275909,-31.216099],[-59.275802,-31.215749],[-59.275269,-31.214977],[-59.275123,-31.214878],[-59.274761,-31.214697],[-59.274616,-31.214508],[-59.274521,-31.213383],[-59.274318,-31.212418],[-59.273996,-31.211291],[-59.273789,-31.210352],[-59.273796,-31.209235],[-59.272934,-31.208291],[-59.27316,-31.207541],[-59.273709,-31.206237],[-59.273826,-31.205398],[-59.273511,-31.204271],[-59.27275,-31.203709],[-59.271955,-31.203194],[-59.271778,-31.202766],[-59.271789,-31.20155],[-59.271255,-31.200521],[-59.270714,-31.200144],[-59.269523,-31.199389],[-59.268445,-31.198538],[-59.267901,-31.197977],[-59.267258,-31.196945],[-59.266725,-31.195906],[-59.266614,-31.195534],[-59.266515,-31.194319],[-59.266521,-31.193103],[-59.266421,-31.192636],[-59.265885,-31.191602],[-59.265448,-31.191319],[-59.264904,-31.190641],[-59.264699,-31.190383],[-59.264697,-31.190103],[-59.264927,-31.188979],[-59.264825,-31.188512],[-59.263848,-31.187574],[-59.26342,-31.186728],[-59.262993,-31.185598],[-59.262778,-31.185322],[-59.262138,-31.184289],[-59.262891,-31.183325],[-59.262893,-31.182667],[-59.262469,-31.181452],[-59.261715,-31.180511],[-59.261609,-31.180134],[-59.260745,-31.179198],[-59.260652,-31.177979],[-59.260656,-31.177605],[-59.260993,-31.17703],[-59.26131,-31.176489],[-59.261426,-31.176209],[-59.261649,-31.17499],[-59.261761,-31.174808],[-59.261765,-31.174061],[-59.26221,-31.172938],[-59.262212,-31.172749],[-59.261894,-31.171627],[-59.261353,-31.171341],[-59.260602,-31.17031],[-59.260709,-31.170065],[-59.26093,-31.169563],[-59.261806,-31.168818],[-59.263007,-31.168172],[-59.263225,-31.167895],[-59.263889,-31.166869],[-59.264005,-31.16612],[-59.26434,-31.164999],[-59.26434,-31.16472],[-59.264447,-31.164349],[-59.264129,-31.163222],[-59.263921,-31.162658],[-59.263932,-31.161446],[-59.263931,-31.161072],[-59.26313,-31.160454],[-59.263831,-31.159668],[-59.264161,-31.158889],[-59.263298,-31.158323],[-59.26352,-31.157668],[-59.264938,-31.157308],[-59.264939,-31.157024],[-59.26484,-31.155809],[-59.264083,-31.155332],[-59.265064,-31.154496],[-59.265827,-31.154221],[-59.266381,-31.153101],[-59.265075,-31.152816],[-59.264001,-31.151964],[-59.263787,-31.151589],[-59.262481,-31.151303],[-59.261401,-31.150452],[-59.260863,-31.149891],[-59.260543,-31.149233],[-59.259354,-31.148577],[-59.259278,-31.147637],[-59.25925,-31.147357],[-59.259258,-31.146425],[-59.259372,-31.14605],[-59.259704,-31.144929],[-59.260905,-31.144283],[-59.261886,-31.143442],[-59.261567,-31.142973],[-59.26114,-31.141848],[-59.261253,-31.141568],[-59.261806,-31.140543],[-59.262139,-31.139422],[-59.263016,-31.138681],[-59.26337,-31.138011],[-59.263565,-31.137657],[-59.264548,-31.136816],[-59.265309,-31.136914],[-59.266728,-31.136645],[-59.267594,-31.136273],[-59.26858,-31.135437],[-59.268589,-31.134599],[-59.268623,-31.134222],[-59.268706,-31.133287],[-59.269688,-31.132829],[-59.270565,-31.13171],[-59.2709,-31.130495],[-59.271011,-31.130214],[-59.271454,-31.12947],[-59.272216,-31.129195],[-59.272652,-31.128824],[-59.273854,-31.128359],[-59.27407,-31.127802],[-59.274299,-31.126768],[-59.274086,-31.125649],[-59.273773,-31.124527],[-59.273994,-31.124241],[-59.274536,-31.123968],[-59.274932,-31.122696],[-59.274967,-31.122539],[-59.275146,-31.122386],[-59.275696,-31.121641],[-59.276996,-31.121458],[-59.278373,-31.121935],[-59.281455,-31.122609],[-59.282983,-31.121906],[-59.284367,-31.12072],[-59.285545,-31.120196],[-59.288971,-31.121317],[-59.289397,-31.12146],[-59.290601,-31.120882],[-59.290954,-31.119397],[-59.29214,-31.117917],[-59.292693,-31.117505],[-59.295049,-31.116924],[-59.296364,-31.116218],[-59.2981,-31.114682],[-59.298866,-31.113556],[-59.29901,-31.112551],[-59.300536,-31.111549],[-59.300335,-31.110651],[-59.300201,-31.110476],[-59.300593,-31.110208],[-59.302061,-31.10998],[-59.304066,-31.109984],[-59.305938,-31.109988],[-59.314266,-31.111488],[-59.315413,-31.111805],[-59.319512,-31.112927],[-59.320607,-31.112444],[-59.322051,-31.110292],[-59.321773,-31.108743],[-59.321175,-31.108172],[-59.320515,-31.10749],[-59.320706,-31.106554],[-59.321258,-31.105619],[-59.32352,-31.105477],[-59.325157,-31.104704],[-59.325886,-31.103855],[-59.328067,-31.102849],[-59.328418,-31.102418],[-59.328522,-31.102295],[-59.328709,-31.102075],[-59.332248,-31.101549],[-59.333256,-31.100303],[-59.334255,-31.09953],[-59.334893,-31.099061],[-59.338056,-31.100561],[-59.338779,-31.099861],[-59.340324,-31.099711],[-59.341869,-31.099097],[-59.344042,-31.098799],[-59.344593,-31.098098],[-59.345268,-31.098523],[-59.345947,-31.098961],[-59.347397,-31.09897],[-59.349204,-31.098823],[-59.349582,-31.097501],[-59.35112,-31.097116],[-59.352131,-31.095951],[-59.353761,-31.096114],[-59.354114,-31.096246],[-59.355025,-31.096245],[-59.355466,-31.096153],[-59.356033,-31.095962],[-59.356372,-31.095868],[-59.35677,-31.095668],[-59.357505,-31.095193],[-59.358639,-31.094423],[-59.359208,-31.094133],[-59.359319,-31.094037],[-59.360229,-31.09317],[-59.362712,-31.092114],[-59.363334,-31.091789],[-59.364413,-31.090955],[-59.365096,-31.089789],[-59.365896,-31.089212],[-59.367026,-31.088055],[-59.367416,-31.087994],[-59.368268,-31.088446],[-59.368708,-31.089517],[-59.370185,-31.090473],[-59.370956,-31.09077],[-59.371693,-31.090813],[-59.372048,-31.090706],[-59.37351,-31.089918],[-59.374965,-31.089243],[-59.37542,-31.089175],[-59.376372,-31.089323],[-59.37708,-31.089365],[-59.379201,-31.088808],[-59.380359,-31.088814],[-59.380562,-31.088815],[-59.381718,-31.08882],[-59.382652,-31.087684],[-59.38451,-31.086438],[-59.385978,-31.084511],[-59.388104,-31.083268],[-59.389831,-31.081902],[-59.392215,-31.080667],[-59.391831,-31.079525],[-59.39235,-31.078837],[-59.393047,-31.07791],[-59.393433,-31.077254],[-59.395027,-31.076348],[-59.397282,-31.075334],[-59.404808,-31.077189],[-59.407864,-31.075612],[-59.410198,-31.076677],[-59.41063,-31.076878],[-59.4109,-31.075962],[-59.412755,-31.075636],[-59.412998,-31.075642],[-59.415532,-31.075758],[-59.416065,-31.074962],[-59.416107,-31.074467],[-59.418774,-31.074122],[-59.420043,-31.073775],[-59.421649,-31.073261],[-59.422986,-31.072568],[-59.423481,-31.072266],[-59.424788,-31.071478],[-59.425991,-31.070957],[-59.427326,-31.070098],[-59.429467,-31.068832],[-59.430667,-31.068028],[-59.432941,-31.06728],[-59.433921,-31.067171],[-59.435482,-31.066994],[-59.437621,-31.067738],[-59.439496,-31.069065],[-59.441096,-31.069866],[-59.44264,-31.070729],[-59.444237,-31.071192],[-59.446177,-31.071245],[-59.447914,-31.071478],[-59.450189,-31.071473],[-59.451935,-31.071242],[-59.453666,-31.070726],[-59.456071,-31.069752],[-59.458538,-31.068716],[-59.460812,-31.067963],[-59.46235,-31.066933],[-59.464019,-31.066244],[-59.466756,-31.065607],[-59.468696,-31.065376],[-59.471038,-31.065378],[-59.472371,-31.06486],[-59.474843,-31.064396],[-59.475559,-31.064145],[-59.476043,-31.063938],[-59.478231,-31.063448],[-59.478852,-31.063073],[-59.480388,-31.061867],[-59.481724,-31.06106],[-59.483459,-31.059567],[-59.4837,-31.059263],[-59.485059,-31.057556],[-59.489848,-31.054902],[-59.488475,-31.054184],[-59.48759,-31.053759],[-59.488996,-31.052324],[-59.491661,-31.050711],[-59.493503,-31.051149],[-59.496899,-31.051958],[-59.499253,-31.050427],[-59.500223,-31.049592],[-59.50298,-31.050248],[-59.504533,-31.048799],[-59.507637,-31.048207],[-59.507217,-31.046745],[-59.508637,-31.045175],[-59.508359,-31.043843],[-59.509349,-31.042874],[-59.510063,-31.041303],[-59.511157,-31.040237],[-59.512692,-31.039549],[-59.521903,-31.037937],[-59.523902,-31.037775],[-59.525917,-31.03554],[-59.52792,-31.034855],[-59.531331,-31.033663],[-59.53079,-31.032062],[-59.532924,-31.033151],[-59.534724,-31.033015],[-59.534932,-31.032173],[-59.536134,-31.031651],[-59.537465,-31.031944],[-59.538814,-31.031561],[-59.539811,-31.02938],[-59.541153,-31.028808],[-59.541777,-31.028901],[-59.544724,-31.030976],[-59.54543,-31.031338],[-59.546556,-31.03176],[-59.548471,-31.031757],[-59.549091,-31.031756],[-59.550365,-31.032047],[-59.552032,-31.032271],[-59.55607,-31.032974],[-59.557197,-31.031887],[-59.559315,-31.031042],[-59.5617,-31.032385],[-59.562928,-31.034045],[-59.564727,-31.032092],[-59.567329,-31.032644],[-59.567985,-31.033035],[-59.569294,-31.034039],[-59.570282,-31.034353],[-59.571971,-31.033511],[-59.57423,-31.031575],[-59.575965,-31.03112],[-59.579445,-31.030988],[-59.581837,-31.03124],[-59.585067,-31.032826],[-59.589145,-31.034155],[-59.589565,-31.033171],[-59.586902,-31.030739],[-59.587604,-31.029694],[-59.588598,-31.027878],[-59.588893,-31.025894],[-59.59171,-31.024688],[-59.592284,-31.021703],[-59.592435,-31.019156],[-59.596092,-31.016743],[-59.59694,-31.015409],[-59.598491,-31.014688],[-59.600047,-31.012995],[-59.60132,-31.012149],[-59.602864,-31.011911],[-59.604134,-31.011431],[-59.605957,-31.010023],[-59.608631,-31.010535],[-59.613556,-31.010029],[-59.621871,-31.006777],[-59.623997,-31.004116],[-59.628503,-31.003035],[-59.630397,-31.0034],[-59.631444,-31.003896],[-59.632008,-31.00488],[-59.636475,-31.005961],[-59.637908,-31.005061],[-59.642098,-31.005237],[-59.643804,-31.006634],[-59.647556,-31.00683],[-59.649137,-31.005912],[-59.649139,-31.00501],[-59.650002,-31.003618],[-59.649629,-31.001788],[-59.647939,-30.999996],[-59.647934,-30.999991],[-59.646405,-30.998252],[-59.646454,-30.997884],[-59.646507,-30.997493],[-59.647383,-30.995772],[-59.648671,-30.994111],[-59.650312,-30.992811],[-59.650646,-30.992067],[-59.652034,-30.992238]]]}},{"type":"Feature","properties":{"departamento":"La Paz","distrito":"Estacas","techo_ha":0,"total_ha":27.41,"ep":38,"potencia_kwp":13702,"inversion_musd":9.6,"generacion_gwh":15.6,"co2_tn":6865},"geometry":{"type":"Polygon","coordinates":[[[-59.519526,-30.619538],[-59.519594,-30.619653],[-59.519576,-30.619902],[-59.519638,-30.62014],[-59.519698,-30.620367],[-59.519823,-30.620454],[-59.519846,-30.620724],[-59.519952,-30.620892],[-59.52007,-30.621081],[-59.520233,-30.62123],[-59.520501,-30.62123],[-59.520724,-30.621378],[-59.520932,-30.621349],[-59.521096,-30.621259],[-59.521379,-30.621051],[-59.521453,-30.620768],[-59.521468,-30.620501],[-59.521408,-30.620263],[-59.521468,-30.62001],[-59.521289,-30.619787],[-59.52123,-30.619623],[-59.521349,-30.619429],[-59.521527,-30.61931],[-59.52178,-30.619221],[-59.522048,-30.619177],[-59.522256,-30.619221],[-59.52239,-30.6194],[-59.522613,-30.619519],[-59.522732,-30.619787],[-59.52303,-30.619861],[-59.523432,-30.619935],[-59.523774,-30.619891],[-59.524146,-30.619697],[-59.524235,-30.619474],[-59.52419,-30.619162],[-59.52419,-30.618745],[-59.524222,-30.618521],[-59.524399,-30.618388],[-59.524626,-30.618456],[-59.524698,-30.618444],[-59.524771,-30.618433],[-59.524994,-30.618344],[-59.525217,-30.618165],[-59.525395,-30.618001],[-59.525699,-30.618016],[-59.525891,-30.618032],[-59.526209,-30.618216],[-59.526378,-30.618464],[-59.526589,-30.618632],[-59.52665,-30.618987],[-59.526772,-30.619281],[-59.52703,-30.619513],[-59.527299,-30.619599],[-59.52758,-30.619562],[-59.527666,-30.619195],[-59.527605,-30.618901],[-59.527691,-30.618681],[-59.52785,-30.618473],[-59.528131,-30.618338],[-59.528511,-30.618387],[-59.528793,-30.618448],[-59.529111,-30.618595],[-59.529209,-30.61895],[-59.529246,-30.619354],[-59.529405,-30.619562],[-59.52965,-30.619758],[-59.52987,-30.61993],[-59.530139,-30.619979],[-59.53047,-30.61982],[-59.530653,-30.619599],[-59.530764,-30.61933],[-59.530935,-30.618987],[-59.530996,-30.618461],[-59.531009,-30.618093],[-59.531119,-30.617408],[-59.531327,-30.617028],[-59.531764,-30.616682],[-59.532098,-30.616551],[-59.532404,-30.616477],[-59.532897,-30.616469],[-59.533371,-30.616563],[-59.533906,-30.616748],[-59.534388,-30.616979],[-59.534718,-30.617346],[-59.535159,-30.61764],[-59.535598,-30.617947],[-59.536077,-30.618461],[-59.536298,-30.618534],[-59.536702,-30.618534],[-59.536995,-30.61835],[-59.537302,-30.618093],[-59.537522,-30.617897],[-59.537755,-30.617848],[-59.537987,-30.617897],[-59.53822,-30.618118],[-59.538318,-30.618387],[-59.53844,-30.618497],[-59.53855,-30.618534],[-59.538585,-30.618802],[-59.538618,-30.619049],[-59.538648,-30.619281],[-59.538856,-30.619452],[-59.539065,-30.619477],[-59.539285,-30.619379],[-59.539432,-30.619207],[-59.539677,-30.619158],[-59.539885,-30.618926],[-59.540032,-30.618607],[-59.540032,-30.618179],[-59.540019,-30.617885],[-59.540089,-30.617593],[-59.540326,-30.617432],[-59.540497,-30.617151],[-59.540632,-30.616808],[-59.540815,-30.616575],[-59.541146,-30.616465],[-59.54144,-30.616428],[-59.541721,-30.616489],[-59.541807,-30.616722],[-59.541978,-30.617138],[-59.542382,-30.617481],[-59.542799,-30.618057],[-59.543105,-30.618265],[-59.543448,-30.618314],[-59.543827,-30.618069],[-59.544121,-30.617812],[-59.544265,-30.617501],[-59.544623,-30.61693],[-59.545015,-30.616759],[-59.545406,-30.616661],[-59.545832,-30.616655],[-59.546478,-30.617033],[-59.547006,-30.61729],[-59.548602,-30.617518],[-59.549632,-30.617419],[-59.550148,-30.617275],[-59.550525,-30.617011],[-59.551027,-30.616659],[-59.551468,-30.616349],[-59.551728,-30.616236],[-59.551976,-30.616248],[-59.552082,-30.616403],[-59.552221,-30.616557],[-59.552349,-30.616699],[-59.552552,-30.616948],[-59.552834,-30.617196],[-59.553162,-30.617151],[-59.553478,-30.616993],[-59.553794,-30.617004],[-59.55426,-30.617023],[-59.554629,-30.616982],[-59.554844,-30.616812],[-59.554923,-30.616553],[-59.554909,-30.616184],[-59.554878,-30.615774],[-59.554968,-30.615491],[-59.555126,-30.615164],[-59.555036,-30.614859],[-59.554833,-30.614712],[-59.554554,-30.614551],[-59.554471,-30.614453],[-59.554494,-30.614216],[-59.554697,-30.614046],[-59.5549,-30.614012],[-59.555216,-30.614193],[-59.555691,-30.614238],[-59.55586,-30.614464],[-59.556063,-30.614645],[-59.556537,-30.614678],[-59.556842,-30.614645],[-59.557215,-30.614396],[-59.557621,-30.614125],[-59.558174,-30.613583],[-59.558637,-30.613324],[-59.559044,-30.613256],[-59.559394,-30.613324],[-59.559608,-30.61355],[-59.559721,-30.613832],[-59.559574,-30.614182],[-59.559134,-30.614825],[-59.559078,-30.615187],[-59.559179,-30.615412],[-59.559364,-30.615592],[-59.559675,-30.615758],[-59.559898,-30.615522],[-59.560117,-30.615325],[-59.560441,-30.61487],[-59.560694,-30.614423],[-59.560922,-30.614261],[-59.561135,-30.614196],[-59.56136,-30.614004],[-59.561595,-30.613705],[-59.562034,-30.613548],[-59.562824,-30.613481],[-59.563604,-30.613384],[-59.563967,-30.613342],[-59.564598,-30.613075],[-59.565025,-30.612793],[-59.566037,-30.611707],[-59.567234,-30.610788],[-59.568496,-30.609866],[-59.569696,-30.608947],[-59.570674,-30.60786],[-59.570817,-30.607475],[-59.570954,-30.606867],[-59.571151,-30.606687],[-59.571394,-30.606492],[-59.571768,-30.60646],[-59.572099,-30.606492],[-59.57258,-30.606524],[-59.573114,-30.606492],[-59.573531,-30.606118],[-59.573862,-30.605766],[-59.574407,-30.605146],[-59.575059,-30.605018],[-59.575518,-30.604964],[-59.575743,-30.60506],[-59.575808,-30.605278],[-59.575989,-30.605381],[-59.576298,-30.60537],[-59.576662,-30.605253],[-59.577004,-30.605156],[-59.577452,-30.604953],[-59.577762,-30.604932],[-59.578135,-30.604908],[-59.578436,-30.604889],[-59.578596,-30.604889],[-59.578852,-30.604911],[-59.579013,-30.604932],[-59.579141,-30.6049],[-59.579453,-30.604824],[-59.579643,-30.604633],[-59.579771,-30.60444],[-59.57991,-30.604312],[-59.580006,-30.604002],[-59.580177,-30.603842],[-59.580339,-30.603631],[-59.580391,-30.602474],[-59.580498,-30.60209],[-59.580605,-30.601673],[-59.580712,-30.601288],[-59.580872,-30.601053],[-59.58147,-30.600943],[-59.581812,-30.60101],[-59.58209,-30.601181],[-59.582325,-30.601449],[-59.58256,-30.601716],[-59.58288,-30.601854],[-59.583169,-30.602036],[-59.58349,-30.602047],[-59.583981,-30.602058],[-59.584409,-30.602068],[-59.584858,-30.602111],[-59.585242,-30.602207],[-59.585627,-30.602367],[-59.599695,-30.599942],[-59.658064,-30.593592],[-59.655896,-30.599071],[-59.654754,-30.603865],[-59.654525,-30.607553],[-59.654183,-30.614252],[-59.65464,-30.619046],[-59.656352,-30.624182],[-59.658635,-30.628291],[-59.660804,-30.632857],[-59.663786,-30.637052],[-59.667353,-30.64176],[-59.671348,-30.646326],[-59.674201,-30.651034],[-59.676484,-30.656028],[-59.678339,-30.662734],[-59.679066,-30.667785],[-59.679066,-30.67372],[-59.678267,-30.679541],[-59.677354,-30.683879],[-59.675528,-30.688102],[-59.670962,-30.689814],[-59.665027,-30.691184],[-59.66033,-30.692001],[-59.654526,-30.69301],[-59.648362,-30.693467],[-59.643226,-30.694151],[-59.637897,-30.695347],[-59.631801,-30.69858],[-59.629916,-30.703772],[-59.629757,-30.708762],[-59.630802,-30.71264],[-59.633019,-30.719512],[-59.635921,-30.72497],[-59.639005,-30.728602],[-59.638252,-30.731404],[-59.638068,-30.731593],[-59.637424,-30.73204],[-59.637185,-30.732318],[-59.637128,-30.732474],[-59.636981,-30.733385],[-59.636989,-30.733845],[-59.637157,-30.735232],[-59.637154,-30.736143],[-59.637284,-30.737516],[-59.637982,-30.738733],[-59.638111,-30.740137],[-59.637969,-30.741585],[-59.63779,-30.742991],[-59.638225,-30.744358],[-59.638568,-30.745733],[-59.638542,-30.746196],[-59.638127,-30.747096],[-59.637329,-30.748359],[-59.637191,-30.749689],[-59.637232,-30.75106],[-59.637324,-30.751342],[-59.637692,-30.75187],[-59.637928,-30.752277],[-59.638062,-30.752727],[-59.638142,-30.753644],[-59.638057,-30.753831],[-59.637672,-30.754168],[-59.637612,-30.754405],[-59.637947,-30.754738],[-59.638801,-30.755319],[-59.640251,-30.75601],[-59.640609,-30.75638],[-59.641122,-30.757231],[-59.641667,-30.758282],[-59.641471,-30.758597],[-59.63993,-30.758935],[-59.636808,-30.758773],[-59.636562,-30.758695],[-59.636173,-30.758261],[-59.635593,-30.757232],[-59.635315,-30.757216],[-59.634874,-30.757894],[-59.634744,-30.759373],[-59.6343,-30.76074],[-59.633237,-30.761956],[-59.632089,-30.763017],[-59.631813,-30.763456],[-59.631553,-30.764382],[-59.631817,-30.764894],[-59.632382,-30.765539],[-59.632257,-30.765757],[-59.631841,-30.765795],[-59.631283,-30.765632],[-59.631001,-30.765566],[-59.630222,-30.76537],[-59.629857,-30.765451],[-59.629023,-30.766078],[-59.626987,-30.769268],[-59.617649,-30.775969],[-59.590223,-30.794982],[-59.569022,-30.809803],[-59.562883,-30.814026],[-59.562306,-30.814487],[-59.560708,-30.814642],[-59.559242,-30.813977],[-59.557973,-30.813087],[-59.556438,-30.813474],[-59.554715,-30.813406],[-59.55325,-30.812907],[-59.551648,-30.813013],[-59.550056,-30.812953],[-59.548453,-30.813167],[-59.546986,-30.813768],[-59.54588,-30.813874],[-59.54539,-30.813707],[-59.54412,-30.812876],[-59.542842,-30.812044],[-59.541252,-30.811763],[-59.539811,-30.812409],[-59.538593,-30.813336],[-59.536929,-30.813887],[-59.535712,-30.814764],[-59.53538,-30.815211],[-59.534813,-30.81597],[-59.533219,-30.816297],[-59.531812,-30.816953],[-59.531692,-30.817369],[-59.531856,-30.818054],[-59.531741,-30.818335],[-59.530893,-30.81892],[-59.530395,-30.819047],[-59.528802,-30.818986],[-59.527204,-30.819146],[-59.52567,-30.81947],[-59.525192,-30.819493],[-59.524875,-30.819575],[-59.524361,-30.819642],[-59.523682,-30.819732],[-59.523369,-30.819877],[-59.523025,-30.820214],[-59.522628,-30.821028],[-59.522208,-30.821801],[-59.521526,-30.822625],[-59.520499,-30.823729],[-59.519535,-30.824825],[-59.51838,-30.825812],[-59.517353,-30.826911],[-59.516518,-30.828123],[-59.515557,-30.829219],[-59.51485,-30.83043],[-59.514397,-30.830751],[-59.51331,-30.830866],[-59.512937,-30.829486],[-59.511922,-30.828954],[-59.51147,-30.828983],[-59.510826,-30.83025],[-59.509906,-30.831],[-59.509479,-30.83102],[-59.508403,-30.830022],[-59.507446,-30.828915],[-59.507329,-30.827479],[-59.50684,-30.827339],[-59.505729,-30.827746],[-59.504575,-30.828684],[-59.503427,-30.829613],[-59.502906,-30.829725],[-59.50251,-30.829611],[-59.50214,-30.829312],[-59.501891,-30.829112],[-59.501576,-30.82817],[-59.500755,-30.826463],[-59.500389,-30.825989],[-59.499358,-30.825245],[-59.498067,-30.824804],[-59.497444,-30.824905],[-59.495875,-30.825619],[-59.494724,-30.826552],[-59.494313,-30.826446],[-59.493743,-30.825751],[-59.493453,-30.825608],[-59.492993,-30.825829],[-59.492333,-30.826271],[-59.491981,-30.82632],[-59.490384,-30.82593],[-59.488022,-30.825645],[-59.487484,-30.825775],[-59.486772,-30.826062],[-59.486426,-30.826021],[-59.485974,-30.825756],[-59.485282,-30.825025],[-59.48471,-30.824253],[-59.483174,-30.823774],[-59.482641,-30.823733],[-59.481915,-30.823807],[-59.481564,-30.823766],[-59.481143,-30.823494],[-59.48067,-30.823003],[-59.480373,-30.822851],[-59.47858,-30.822405],[-59.478141,-30.822357],[-59.477569,-30.822288],[-59.477366,-30.822141],[-59.476085,-30.821098],[-59.474556,-30.821665],[-59.474034,-30.821714],[-59.473319,-30.821717],[-59.472984,-30.821825],[-59.472565,-30.822129],[-59.47198,-30.822933],[-59.471442,-30.824207],[-59.471631,-30.825605],[-59.471337,-30.826511],[-59.470543,-30.827666],[-59.469533,-30.828733],[-59.468525,-30.8298],[-59.468101,-30.829825],[-59.467403,-30.829346],[-59.467052,-30.829179],[-59.46598,-30.828866],[-59.46548,-30.829046],[-59.465164,-30.829474],[-59.465092,-30.830365],[-59.465281,-30.831185],[-59.465419,-30.831842],[-59.465412,-30.833329],[-59.465207,-30.833788],[-59.464864,-30.834377],[-59.464925,-30.83464],[-59.465825,-30.835801],[-59.466725,-30.836956],[-59.467817,-30.837946],[-59.468376,-30.839272],[-59.46861,-30.840671],[-59.46861,-30.840878],[-59.468602,-30.842293],[-59.468789,-30.843695],[-59.468888,-30.844625],[-59.468633,-30.845096],[-59.46814,-30.845358],[-59.467059,-30.845292],[-59.4664,-30.845098],[-59.465531,-30.844746],[-59.465091,-30.844698],[-59.46471,-30.84475],[-59.46396,-30.845077],[-59.463509,-30.845402],[-59.462859,-30.846182],[-59.462636,-30.846631],[-59.462425,-30.847535],[-59.462483,-30.848452],[-59.462746,-30.8489],[-59.463168,-30.849268],[-59.46408,-30.849766],[-59.465458,-30.85043],[-59.465873,-30.850793],[-59.466222,-30.851374],[-59.46626,-30.851628],[-59.465965,-30.851904],[-59.465221,-30.852239],[-59.464969,-30.852489],[-59.464562,-30.853357],[-59.464535,-30.853802],[-59.464626,-30.8543],[-59.463719,-30.855451],[-59.463351,-30.855802],[-59.462428,-30.856349],[-59.460945,-30.856917],[-59.459843,-30.857905],[-59.459071,-30.859136],[-59.458947,-30.859597],[-59.45902,-30.860536],[-59.459298,-30.860927],[-59.459808,-30.861409],[-59.459915,-30.861692],[-59.459862,-30.863051],[-59.459832,-30.86396],[-59.459951,-30.86441],[-59.460053,-30.864529],[-59.46037,-30.864579],[-59.461574,-30.864089],[-59.461896,-30.863845],[-59.462321,-30.863519],[-59.462529,-30.863552],[-59.463627,-30.864375],[-59.463857,-30.864796],[-59.463424,-30.865203],[-59.462087,-30.865982],[-59.461314,-30.866682],[-59.46103,-30.867088],[-59.460488,-30.868132],[-59.459682,-30.867966],[-59.458553,-30.867962],[-59.457508,-30.867546],[-59.456471,-30.867288],[-59.455399,-30.867227],[-59.454326,-30.867225],[-59.454014,-30.867342],[-59.453518,-30.867811],[-59.452892,-30.868578],[-59.45238,-30.869429],[-59.451722,-30.870145],[-59.451211,-30.870965],[-59.450196,-30.871297],[-59.449155,-30.871548],[-59.448876,-30.871396],[-59.448593,-30.870776],[-59.448689,-30.869873],[-59.449258,-30.869104],[-59.449429,-30.868447],[-59.44929,-30.868154],[-59.448369,-30.86771],[-59.44754,-30.867097],[-59.446706,-30.866988],[-59.445721,-30.86729],[-59.445624,-30.867504],[-59.44608,-30.868165],[-59.446692,-30.868989],[-59.446749,-30.869918],[-59.446296,-30.87074],[-59.445466,-30.871298],[-59.444803,-30.872068],[-59.444084,-30.872787],[-59.443275,-30.8734],[-59.442946,-30.873459],[-59.442238,-30.873264],[-59.441345,-30.872694],[-59.440274,-30.872768],[-59.439259,-30.873024],[-59.438251,-30.872582],[-59.43742,-30.87196],[-59.436471,-30.871442],[-59.435337,-30.871384],[-59.434146,-30.871504],[-59.432958,-30.871656],[-59.431792,-30.871809],[-59.430691,-30.871855],[-59.429809,-30.871123],[-59.428997,-30.870691],[-59.428298,-30.870401],[-59.428113,-30.870171],[-59.427963,-30.869423],[-59.428145,-30.868604],[-59.428513,-30.867704],[-59.428608,-30.867035],[-59.428479,-30.866644],[-59.427929,-30.865926],[-59.427157,-30.865386],[-59.426684,-30.864765],[-59.426726,-30.86455],[-59.427165,-30.864125],[-59.427548,-30.864009],[-59.428456,-30.864242],[-59.428811,-30.864243],[-59.42892,-30.864133],[-59.429134,-30.863341],[-59.429555,-30.862488],[-59.430187,-30.861721],[-59.430436,-30.861057],[-59.430413,-30.860691],[-59.430092,-30.860191],[-59.4299,-30.860096],[-59.429478,-30.860075],[-59.428284,-30.860583],[-59.427433,-30.860501],[-59.427066,-30.860324],[-59.426295,-30.859699],[-59.425706,-30.858975],[-59.425559,-30.858696],[-59.425559,-30.858075],[-59.425905,-30.857489],[-59.426193,-30.857304],[-59.426536,-30.857295],[-59.427231,-30.857567],[-59.427441,-30.857685],[-59.427834,-30.857993],[-59.428119,-30.85806],[-59.428407,-30.857892],[-59.428688,-30.857508],[-59.428753,-30.857289],[-59.428761,-30.856365],[-59.428704,-30.85544],[-59.428506,-30.854515],[-59.428121,-30.85364],[-59.427708,-30.85279],[-59.427174,-30.851991],[-59.426694,-30.8515],[-59.426379,-30.851321],[-59.426146,-30.851265],[-59.425662,-30.851283],[-59.425308,-30.851264],[-59.424556,-30.851054],[-59.424239,-30.850869],[-59.423456,-30.850239],[-59.422657,-30.849798],[-59.421886,-30.849412],[-59.420964,-30.848846],[-59.420013,-30.848428],[-59.419793,-30.848169],[-59.419712,-30.847955],[-59.41972,-30.847554],[-59.420381,-30.846838],[-59.420662,-30.846161],[-59.420507,-30.845909],[-59.42015,-30.845814],[-59.419433,-30.845776],[-59.418363,-30.845773],[-59.41805,-30.84562],[-59.417684,-30.845074],[-59.417685,-30.844123],[-59.417904,-30.843224],[-59.417709,-30.842574],[-59.417489,-30.842379],[-59.417218,-30.842439],[-59.416657,-30.842991],[-59.415937,-30.843683],[-59.415577,-30.843727],[-59.415059,-30.843483],[-59.414925,-30.84329],[-59.414665,-30.842359],[-59.414566,-30.842072],[-59.414013,-30.841638],[-59.413064,-30.84117],[-59.412175,-30.840654],[-59.411549,-30.84034],[-59.411283,-30.840134],[-59.410634,-30.839409],[-59.409984,-30.838688],[-59.409747,-30.83833],[-59.409749,-30.837915],[-59.40928,-30.837069],[-59.409108,-30.83614],[-59.408935,-30.835239],[-59.408795,-30.835145],[-59.408305,-30.835329],[-59.407921,-30.83549],[-59.406898,-30.835691],[-59.406544,-30.835808],[-59.406375,-30.835988],[-59.406119,-30.836409],[-59.405789,-30.837282],[-59.405274,-30.838079],[-59.405155,-30.838184],[-59.404807,-30.838341],[-59.404521,-30.838369],[-59.4042,-30.838225],[-59.404065,-30.837942],[-59.403943,-30.837348],[-59.403956,-30.837141],[-59.40409,-30.836713],[-59.404036,-30.836396],[-59.403744,-30.836194],[-59.403484,-30.836146],[-59.402997,-30.836191],[-59.402821,-30.836299],[-59.402491,-30.836655],[-59.402188,-30.836804],[-59.401086,-30.836823],[-59.39999,-30.836815],[-59.399487,-30.83663],[-59.399295,-30.836458],[-59.399246,-30.836172],[-59.399699,-30.835293],[-59.400089,-30.834777],[-59.400436,-30.834309],[-59.400837,-30.833779],[-59.40096,-30.833476],[-59.400989,-30.832833],[-59.400937,-30.832137],[-59.400585,-30.831641],[-59.400143,-30.830822],[-59.39964,-30.82997],[-59.398904,-30.829323],[-59.398772,-30.829018],[-59.398727,-30.828395],[-59.398789,-30.828207],[-59.399049,-30.827831],[-59.399091,-30.827549],[-59.398925,-30.827287],[-59.398259,-30.826877],[-59.39725,-30.826849],[-59.396245,-30.82651],[-59.39553,-30.825733],[-59.395177,-30.82561],[-59.394427,-30.825626],[-59.393531,-30.826132],[-59.392217,-30.82637],[-59.391294,-30.826827],[-59.390984,-30.826805],[-59.390556,-30.826518],[-59.39034,-30.82644],[-59.38921,-30.826435],[-59.388168,-30.826713],[-59.387505,-30.826424],[-59.387309,-30.826166],[-59.387333,-30.825878],[-59.387574,-30.825493],[-59.387668,-30.825293],[-59.387866,-30.824677],[-59.38782,-30.824373],[-59.387328,-30.823909],[-59.386905,-30.823852],[-59.386186,-30.824517],[-59.385673,-30.82539],[-59.38469,-30.825822],[-59.383679,-30.8262],[-59.38266,-30.826433],[-59.381588,-30.826628],[-59.380515,-30.826828],[-59.379445,-30.826825],[-59.37873,-30.826525],[-59.378585,-30.826305],[-59.379247,-30.825562],[-59.379791,-30.824974],[-59.379758,-30.824743],[-59.378689,-30.824434],[-59.377707,-30.824091],[-59.377368,-30.82409],[-59.376691,-30.824472],[-59.376152,-30.825268],[-59.375409,-30.825932],[-59.375071,-30.82609],[-59.374359,-30.826155],[-59.373858,-30.825997],[-59.373634,-30.825923],[-59.373414,-30.825665],[-59.373297,-30.824738],[-59.373267,-30.824286],[-59.372711,-30.82346],[-59.371852,-30.822836],[-59.370842,-30.822421],[-59.36977,-30.822264],[-59.368733,-30.822154],[-59.368474,-30.821958],[-59.368228,-30.821333],[-59.367997,-30.820408],[-59.367317,-30.819681],[-59.366402,-30.819088],[-59.365479,-30.818648],[-59.365245,-30.818772],[-59.364993,-30.819224],[-59.364818,-30.819363],[-59.363781,-30.819456],[-59.362851,-30.819966],[-59.362193,-30.820713],[-59.361474,-30.821378],[-59.360607,-30.822011],[-59.359824,-30.822201],[-59.359535,-30.822062],[-59.359488,-30.821768],[-59.35975,-30.82114],[-59.359982,-30.820854],[-59.360301,-30.820489],[-59.36029,-30.820313],[-59.360066,-30.820095],[-59.359405,-30.819824],[-59.358387,-30.820048],[-59.357441,-30.819661],[-59.35724,-30.818758],[-59.356652,-30.818287],[-59.356345,-30.818188],[-59.356048,-30.818247],[-59.35545,-30.818672],[-59.355179,-30.819547],[-59.354638,-30.819996],[-59.353832,-30.820041],[-59.35347,-30.820013],[-59.352794,-30.819728],[-59.351963,-30.819132],[-59.351106,-30.818617],[-59.350495,-30.818059],[-59.350482,-30.817793],[-59.351292,-30.817018],[-59.351955,-30.816307],[-59.352009,-30.816007],[-59.351771,-30.815585],[-59.351573,-30.815454],[-59.350619,-30.815062],[-59.349614,-30.814646],[-59.348601,-30.814383],[-59.347592,-30.814075],[-59.346519,-30.814014],[-59.345511,-30.813751],[-59.344681,-30.813133],[-59.343792,-30.812562],[-59.343732,-30.812295],[-59.343852,-30.812077],[-59.34428,-30.811743],[-59.345352,-30.811692],[-59.346371,-30.811383],[-59.346523,-30.810486],[-59.347004,-30.809616],[-59.347668,-30.808896],[-59.347758,-30.808601],[-59.347581,-30.80797],[-59.346985,-30.807363],[-59.346017,-30.806678],[-59.345425,-30.805904],[-59.344837,-30.805108],[-59.343915,-30.804636],[-59.343056,-30.804094],[-59.341807,-30.803986],[-59.341225,-30.803997],[-59.340737,-30.804006],[-59.339664,-30.803998],[-59.339419,-30.804194],[-59.339334,-30.804871],[-59.339585,-30.80505],[-59.340125,-30.805268],[-59.339795,-30.805925],[-59.339475,-30.80611],[-59.338428,-30.806256],[-59.337355,-30.806456],[-59.336376,-30.806811],[-59.335362,-30.807138],[-59.334583,-30.807778],[-59.333515,-30.808063],[-59.333256,-30.807191],[-59.333244,-30.806898],[-59.333527,-30.806316],[-59.333778,-30.806084],[-59.334186,-30.805861],[-59.334366,-30.805731],[-59.334709,-30.805349],[-59.334817,-30.805136],[-59.3348,-30.804941],[-59.334417,-30.804669],[-59.333747,-30.804493],[-59.333396,-30.804595],[-59.332931,-30.804821],[-59.332706,-30.804769],[-59.33246,-30.804524],[-59.332236,-30.803941],[-59.332179,-30.803317],[-59.332269,-30.803018],[-59.33308,-30.802356],[-59.333331,-30.801773],[-59.333382,-30.801482],[-59.333091,-30.800608],[-59.333291,-30.799956],[-59.333545,-30.799738],[-59.333081,-30.798878],[-59.33261,-30.798027],[-59.331966,-30.797251],[-59.331463,-30.796431],[-59.330489,-30.795263],[-59.330208,-30.795237],[-59.329568,-30.79567],[-59.32944,-30.796571],[-59.328551,-30.796055],[-59.327727,-30.795149],[-59.327106,-30.794325],[-59.326974,-30.793974],[-59.326847,-30.79347],[-59.326667,-30.793244],[-59.326436,-30.793094],[-59.325925,-30.793007],[-59.324795,-30.793209],[-59.323692,-30.7932],[-59.322654,-30.793094],[-59.321583,-30.79301],[-59.320716,-30.793571],[-59.320087,-30.793359],[-59.319793,-30.793126],[-59.319382,-30.792276],[-59.31871,-30.791554],[-59.318379,-30.79122],[-59.317551,-30.790624],[-59.317296,-30.790667],[-59.316951,-30.791364],[-59.317095,-30.792297],[-59.317109,-30.792905],[-59.316967,-30.793194],[-59.316703,-30.793214],[-59.316136,-30.792625],[-59.315369,-30.792004],[-59.31507,-30.792027],[-59.314471,-30.792542],[-59.313813,-30.793303],[-59.313244,-30.794075],[-59.313034,-30.794177],[-59.31244,-30.794088],[-59.312207,-30.793833],[-59.312237,-30.792911],[-59.312217,-30.791987],[-59.312082,-30.791708],[-59.311538,-30.79126],[-59.310959,-30.790833],[-59.310618,-30.790743],[-59.309547,-30.790766],[-59.308419,-30.790806],[-59.307434,-30.791161],[-59.306594,-30.791777],[-59.305882,-30.791977],[-59.305522,-30.791976],[-59.304482,-30.791793],[-59.303361,-30.791716],[-59.302819,-30.791421],[-59.30267,-30.791156],[-59.302735,-30.790621],[-59.302853,-30.789642],[-59.302854,-30.789489],[-59.302649,-30.78856],[-59.302447,-30.787973],[-59.302239,-30.787688],[-59.301712,-30.78715],[-59.30144,-30.787088],[-59.300636,-30.7877],[-59.299947,-30.788469],[-59.299382,-30.788836],[-59.299049,-30.788953],[-59.297921,-30.789105],[-59.297199,-30.789161],[-59.296849,-30.789097],[-59.296558,-30.788926],[-59.296413,-30.788756],[-59.296139,-30.788423],[-59.296023,-30.788244],[-59.295861,-30.787848],[-59.29564,-30.787625],[-59.294628,-30.787335],[-59.293648,-30.786969],[-59.29335,-30.786789],[-59.292912,-30.786299],[-59.292805,-30.785895],[-59.292858,-30.785676],[-59.293067,-30.785375],[-59.293711,-30.784984],[-59.294021,-30.784993],[-59.29485,-30.785566],[-59.295796,-30.786008],[-59.296033,-30.786028],[-59.296528,-30.785889],[-59.29678,-30.785653],[-59.297237,-30.784832],[-59.297719,-30.783963],[-59.297859,-30.783796],[-59.298267,-30.783555],[-59.298584,-30.783375],[-59.299451,-30.782688],[-59.299569,-30.782471],[-59.299564,-30.781912],[-59.299371,-30.781785],[-59.298504,-30.782345],[-59.297638,-30.782956],[-59.29728,-30.783018],[-59.297017,-30.782952],[-59.296602,-30.782692],[-59.296585,-30.782435],[-59.297104,-30.781904],[-59.298093,-30.7815],[-59.298722,-30.781068],[-59.298843,-30.780855],[-59.29869,-30.780634],[-59.298011,-30.78029],[-59.296979,-30.780063],[-59.296242,-30.778735],[-59.296002,-30.778521],[-59.295289,-30.778343],[-59.294217,-30.778546],[-59.293331,-30.778025],[-59.29274,-30.777252],[-59.291886,-30.776732],[-59.290814,-30.776651],[-59.289951,-30.775906],[-59.289425,-30.775125],[-59.288804,-30.774377],[-59.287887,-30.773806],[-59.287175,-30.773582],[-59.286846,-30.773672],[-59.286602,-30.773917],[-59.286305,-30.774517],[-59.286258,-30.774836],[-59.286229,-30.775258],[-59.28612,-30.77544],[-59.285282,-30.776002],[-59.284359,-30.776457],[-59.284,-30.776519],[-59.283292,-30.776323],[-59.282432,-30.775758],[-59.281621,-30.775203],[-59.280643,-30.774864],[-59.279605,-30.774577],[-59.279015,-30.773776],[-59.278038,-30.77341],[-59.277423,-30.773037],[-59.277237,-30.772788],[-59.277264,-30.772505],[-59.277493,-30.772111],[-59.277574,-30.771915],[-59.277743,-30.771302],[-59.277695,-30.771058],[-59.277382,-30.770923],[-59.276627,-30.771221],[-59.27576,-30.771727],[-59.275071,-30.771676],[-59.274749,-30.771487],[-59.274546,-30.770589],[-59.273748,-30.769993],[-59.27298,-30.769345],[-59.272751,-30.768446],[-59.271984,-30.767776],[-59.271335,-30.767275],[-59.271039,-30.767307],[-59.270862,-30.767572],[-59.270819,-30.768202],[-59.271167,-30.769054],[-59.270958,-30.769611],[-59.270687,-30.769874],[-59.270326,-30.770039],[-59.269584,-30.769991],[-59.268581,-30.769628],[-59.268624,-30.769391],[-59.269177,-30.769042],[-59.26933,-30.768862],[-59.26936,-30.768236],[-59.269188,-30.767961],[-59.268843,-30.767825],[-59.268578,-30.767817],[-59.268112,-30.767984],[-59.267747,-30.768253],[-59.266706,-30.768399],[-59.265663,-30.768702],[-59.264911,-30.769342],[-59.264565,-30.769387],[-59.26381,-30.769126],[-59.263527,-30.768703],[-59.263497,-30.768459],[-59.263671,-30.768203],[-59.264687,-30.767921],[-59.265728,-30.767852],[-59.265926,-30.767718],[-59.26608,-30.767245],[-59.265912,-30.766929],[-59.265277,-30.766542],[-59.264964,-30.766483],[-59.264033,-30.766943],[-59.262966,-30.767016],[-59.261871,-30.766651],[-59.260709,-30.766568],[-59.260037,-30.766197],[-59.25985,-30.765971],[-59.259968,-30.765753],[-59.260394,-30.765455],[-59.260539,-30.765279],[-59.260846,-30.764355],[-59.260914,-30.763406],[-59.260682,-30.76248],[-59.260278,-30.761933],[-59.259972,-30.761807],[-59.259605,-30.761841],[-59.258899,-30.761902],[-59.257859,-30.762075],[-59.256842,-30.762329],[-59.256039,-30.762941],[-59.255348,-30.763272],[-59.255023,-30.763241],[-59.254224,-30.762645],[-59.253487,-30.762002],[-59.253144,-30.761839],[-59.252417,-30.761814],[-59.251727,-30.761987],[-59.25098,-30.762682],[-59.25087,-30.762895],[-59.250529,-30.763548],[-59.249928,-30.764319],[-59.249602,-30.764453],[-59.248912,-30.764546],[-59.248199,-30.764633],[-59.247845,-30.76456],[-59.247531,-30.764375],[-59.247222,-30.763812],[-59.247349,-30.762888],[-59.247449,-30.762273],[-59.24733,-30.761964],[-59.246681,-30.761553],[-59.246324,-30.761547],[-59.245309,-30.761824],[-59.244262,-30.762177],[-59.244042,-30.762404],[-59.243888,-30.76281],[-59.243782,-30.762996],[-59.243061,-30.763687],[-59.242737,-30.763768],[-59.242025,-30.763499],[-59.242013,-30.763206],[-59.242236,-30.762749],[-59.242176,-30.762553],[-59.241611,-30.762127],[-59.241286,-30.762032],[-59.240277,-30.762363],[-59.239208,-30.762278],[-59.238192,-30.762501],[-59.238026,-30.762752],[-59.237996,-30.76318],[-59.237887,-30.763375],[-59.237328,-30.763877],[-59.237054,-30.763936],[-59.236345,-30.763262],[-59.235427,-30.762772],[-59.234946,-30.762393],[-59.234071,-30.761709],[-59.23391,-30.761808],[-59.233254,-30.762578],[-59.232632,-30.763078],[-59.232324,-30.763087],[-59.231589,-30.762331],[-59.230968,-30.761534],[-59.230481,-30.761046],[-59.230232,-30.760886],[-59.229922,-30.760931],[-59.22953,-30.761289],[-59.229454,-30.761499],[-59.229417,-30.762453],[-59.229381,-30.763375],[-59.22926,-30.763651],[-59.228661,-30.764093],[-59.227914,-30.7644],[-59.227554,-30.764394],[-59.226612,-30.763795],[-59.225576,-30.763485],[-59.224473,-30.763268],[-59.223702,-30.7633],[-59.223457,-30.763491],[-59.223385,-30.763678],[-59.222932,-30.764111],[-59.222512,-30.764378],[-59.222259,-30.764452],[-59.221919,-30.76441],[-59.221088,-30.763845],[-59.220296,-30.763146],[-59.219964,-30.763038],[-59.219227,-30.763138],[-59.218537,-30.763361],[-59.218265,-30.763592],[-59.218197,-30.763792],[-59.218301,-30.76421],[-59.218349,-30.764522],[-59.218264,-30.765137],[-59.218075,-30.765442],[-59.21778,-30.765654],[-59.217121,-30.76582],[-59.216644,-30.765878],[-59.216403,-30.765849],[-59.216084,-30.765663],[-59.215911,-30.765361],[-59.215969,-30.764737],[-59.216109,-30.76415],[-59.216243,-30.763866],[-59.216415,-30.763745],[-59.21696,-30.763734],[-59.217286,-30.763667],[-59.217518,-30.763227],[-59.217541,-30.762971],[-59.217354,-30.762741],[-59.216298,-30.762534],[-59.215965,-30.762637],[-59.21487,-30.762628],[-59.214043,-30.763297],[-59.214397,-30.76351],[-59.214555,-30.763673],[-59.214283,-30.764683],[-59.214043,-30.76523],[-59.213554,-30.765855],[-59.213386,-30.765891],[-59.212964,-30.765739],[-59.212795,-30.765522],[-59.212819,-30.76523],[-59.213067,-30.764647],[-59.213611,-30.763857],[-59.213589,-30.763572],[-59.213139,-30.763],[-59.212894,-30.762849],[-59.2123,-30.762787],[-59.211979,-30.762971],[-59.211559,-30.763846],[-59.211169,-30.764736],[-59.21096,-30.76423],[-59.210755,-30.763917],[-59.210053,-30.763789],[-59.209718,-30.763833],[-59.209554,-30.763959],[-59.209297,-30.764379],[-59.209052,-30.764575],[-59.20855,-30.764547],[-59.208362,-30.764537],[-59.208015,-30.764414],[-59.207242,-30.763769],[-59.207837,-30.763692],[-59.208168,-30.763513],[-59.208386,-30.762618],[-59.208394,-30.761663],[-59.20852,-30.760716],[-59.208629,-30.760544],[-59.209061,-30.760304],[-59.209298,-30.760099],[-59.209344,-30.759803],[-59.209128,-30.759175],[-59.208935,-30.759057],[-59.208354,-30.758909],[-59.20818,-30.75876],[-59.20881,-30.75799],[-59.209675,-30.757484],[-59.209774,-30.757212],[-59.209466,-30.756626],[-59.209193,-30.757186],[-59.208966,-30.757328],[-59.208145,-30.756646],[-59.208239,-30.756442],[-59.208179,-30.756174],[-59.207563,-30.755742],[-59.20734,-30.755708],[-59.206811,-30.755877],[-59.206516,-30.755815],[-59.206475,-30.755466],[-59.206967,-30.754769],[-59.207157,-30.754247],[-59.206809,-30.753399],[-59.206244,-30.752842],[-59.205977,-30.752803],[-59.205287,-30.753648],[-59.204948,-30.754827],[-59.204624,-30.755043],[-59.20385,-30.755047],[-59.203083,-30.754376],[-59.20301,-30.754184],[-59.20303,-30.753721],[-59.202881,-30.753478],[-59.202663,-30.753449],[-59.202214,-30.753657],[-59.201866,-30.75375],[-59.200829,-30.753593],[-59.20006,-30.752972],[-59.199141,-30.7524],[-59.199197,-30.752185],[-59.199922,-30.751787],[-59.201019,-30.751869],[-59.202092,-30.751855],[-59.202751,-30.751136],[-59.203678,-30.750654],[-59.204749,-30.750532],[-59.205307,-30.750026],[-59.205353,-30.749761],[-59.204639,-30.749092],[-59.203664,-30.748752],[-59.202962,-30.748768],[-59.202621,-30.748952],[-59.202401,-30.749233],[-59.202287,-30.74982],[-59.202365,-30.750751],[-59.201728,-30.751282],[-59.201443,-30.751233],[-59.200944,-30.750407],[-59.200566,-30.749531],[-59.199646,-30.749063],[-59.198697,-30.748643],[-59.198376,-30.747998],[-59.198262,-30.747765],[-59.197647,-30.74735],[-59.197343,-30.747274],[-59.196442,-30.747833],[-59.195259,-30.747929],[-59.194299,-30.748333],[-59.193432,-30.748894],[-59.192734,-30.748941],[-59.192394,-30.74876],[-59.192181,-30.748478],[-59.192134,-30.747882],[-59.192614,-30.74727],[-59.192399,-30.746381],[-59.191508,-30.745891],[-59.191151,-30.745754],[-59.190384,-30.745628],[-59.190048,-30.745825],[-59.189671,-30.746251],[-59.189256,-30.745333],[-59.189025,-30.744435],[-59.18875,-30.744264],[-59.188187,-30.744194],[-59.188015,-30.744067],[-59.188058,-30.743118],[-59.187493,-30.742295],[-59.186637,-30.741774],[-59.185932,-30.741077],[-59.185585,-30.740941],[-59.184864,-30.740839],[-59.183706,-30.740854],[-59.183385,-30.740921],[-59.183017,-30.740991],[-59.18269,-30.741158],[-59.182442,-30.741421],[-59.182262,-30.742001],[-59.18249,-30.742237],[-59.183002,-30.74255],[-59.183007,-30.742703],[-59.182284,-30.743362],[-59.181596,-30.744081],[-59.181114,-30.74467],[-59.180874,-30.744744],[-59.180607,-30.744556],[-59.180168,-30.743994],[-59.18024,-30.743757],[-59.180654,-30.74344],[-59.180827,-30.743279],[-59.181342,-30.742456],[-59.181282,-30.742193],[-59.180752,-30.741686],[-59.180405,-30.741563],[-59.179885,-30.741701],[-59.179707,-30.741854],[-59.17982,-30.742758],[-59.179493,-30.743244],[-59.178703,-30.743252],[-59.178496,-30.743327],[-59.178388,-30.743436],[-59.178205,-30.74371],[-59.177983,-30.743916],[-59.177642,-30.74396],[-59.177441,-30.743954],[-59.177144,-30.743904],[-59.176934,-30.743804],[-59.176872,-30.743649],[-59.176934,-30.743461],[-59.177059,-30.743271],[-59.177365,-30.742911],[-59.177578,-30.742737],[-59.178116,-30.742271],[-59.177223,-30.742159],[-59.176207,-30.742386],[-59.174973,-30.742336],[-59.174914,-30.742172],[-59.175693,-30.741731],[-59.176052,-30.741313],[-59.175755,-30.740174],[-59.175453,-30.739237],[-59.175121,-30.738785],[-59.174832,-30.738727],[-59.174247,-30.739269],[-59.173806,-30.739548],[-59.172509,-30.738771],[-59.171605,-30.740002],[-59.170528,-30.740006],[-59.169999,-30.739783],[-59.169865,-30.739626],[-59.16965,-30.739381],[-59.169477,-30.738497],[-59.170907,-30.73794],[-59.171177,-30.736925],[-59.170917,-30.736553],[-59.169434,-30.736027],[-59.168014,-30.735453],[-59.167675,-30.735078],[-59.167728,-30.734116],[-59.169338,-30.733767],[-59.170223,-30.732955],[-59.170125,-30.732592],[-59.169133,-30.732162],[-59.168639,-30.732115],[-59.167145,-30.732571],[-59.165946,-30.733486],[-59.164826,-30.733399],[-59.164407,-30.733117],[-59.164403,-30.732887],[-59.164952,-30.732389],[-59.165309,-30.73199],[-59.165702,-30.730965],[-59.165497,-30.730554],[-59.163957,-30.730134],[-59.162356,-30.729916],[-59.160808,-30.729496],[-59.160233,-30.728159],[-59.158676,-30.728559],[-59.157313,-30.727879],[-59.155716,-30.727714],[-59.154198,-30.727219],[-59.152656,-30.727051],[-59.152118,-30.726806],[-59.151535,-30.726252],[-59.151234,-30.726067],[-59.150826,-30.726249],[-59.150298,-30.726864],[-59.15004,-30.726987],[-59.149841,-30.726612],[-59.149765,-30.725772],[-59.149574,-30.725595],[-59.149148,-30.725816],[-59.14856,-30.726321],[-59.148261,-30.726358],[-59.146901,-30.725677],[-59.146817,-30.725558],[-59.146996,-30.72532],[-59.147413,-30.725139],[-59.147903,-30.724923],[-59.148038,-30.724558],[-59.147877,-30.723814],[-59.147633,-30.723474],[-59.146274,-30.722694],[-59.145491,-30.721986],[-59.145271,-30.721556],[-59.145165,-30.720166],[-59.144939,-30.718776],[-59.144573,-30.718454],[-59.143479,-30.718124],[-59.141849,-30.718139],[-59.141083,-30.717521],[-59.139958,-30.717303],[-59.138415,-30.716883],[-59.136753,-30.716667],[-59.135146,-30.716556],[-59.133403,-30.716455],[-59.132058,-30.716329],[-59.13177,-30.716554],[-59.131847,-30.717624],[-59.132154,-30.718044],[-59.132675,-30.718568],[-59.132611,-30.71881],[-59.132123,-30.719074],[-59.131,-30.719113],[-59.12964,-30.718383],[-59.129536,-30.716943],[-59.128869,-30.716414],[-59.128551,-30.716458],[-59.127864,-30.7176],[-59.128003,-30.718046],[-59.128406,-30.718653],[-59.12833,-30.718939],[-59.127833,-30.719226],[-59.126721,-30.719134],[-59.125481,-30.71825],[-59.124062,-30.717626],[-59.123182,-30.716433],[-59.121804,-30.717252],[-59.120923,-30.716064],[-59.119944,-30.715503],[-59.119504,-30.715436],[-59.11955,-30.716824],[-59.118118,-30.71743],[-59.117171,-30.717514],[-59.117016,-30.717528],[-59.116509,-30.717369],[-59.116299,-30.716939],[-59.1167,-30.715933],[-59.117195,-30.715659],[-59.117974,-30.715304],[-59.11802,-30.715116],[-59.116778,-30.714237],[-59.115836,-30.713145],[-59.115752,-30.712643],[-59.116151,-30.711605],[-59.117343,-30.71069],[-59.116405,-30.709504],[-59.114987,-30.708772],[-59.113926,-30.707736],[-59.1128,-30.706756],[-59.111382,-30.706178],[-59.11008,-30.705296],[-59.109204,-30.704058],[-59.108518,-30.703371],[-59.107276,-30.702491],[-59.106839,-30.702527],[-59.105965,-30.703456],[-59.104766,-30.704371],[-59.104472,-30.704213],[-59.104184,-30.703083],[-59.104144,-30.702582],[-59.104137,-30.701919],[-59.103955,-30.701643],[-59.102601,-30.700967],[-59.101295,-30.700185],[-59.100118,-30.699253],[-59.099419,-30.697962],[-59.098651,-30.696776],[-59.098156,-30.696635],[-59.097415,-30.696789],[-59.097049,-30.696814],[-59.096009,-30.696701],[-59.095509,-30.696497],[-59.095275,-30.696084],[-59.0957,-30.695111],[-59.09678,-30.693985],[-59.097206,-30.692656],[-59.096938,-30.691814],[-59.096561,-30.691411],[-59.096073,-30.691085],[-59.095086,-30.690889],[-59.093582,-30.691452],[-59.093158,-30.690223],[-59.09312,-30.689276],[-59.09275,-30.688323],[-59.092526,-30.687415],[-59.092197,-30.686509],[-59.091683,-30.685682],[-59.090978,-30.685021],[-59.090362,-30.684192],[-59.090317,-30.683889],[-59.09061,-30.683285],[-59.091331,-30.68259],[-59.092003,-30.681894],[-59.092961,-30.68141],[-59.093082,-30.681107],[-59.093109,-30.680504],[-59.092979,-30.679599],[-59.093557,-30.678779],[-59.094367,-30.678204],[-59.094802,-30.677302],[-59.095162,-30.676502],[-59.095317,-30.675394],[-59.094789,-30.674522],[-59.094048,-30.67332],[-59.094082,-30.673046],[-59.094522,-30.672487],[-59.094874,-30.672079],[-59.095642,-30.670881],[-59.095708,-30.670721],[-59.095279,-30.669411],[-59.094972,-30.668298],[-59.09509,-30.668026],[-59.095168,-30.66783],[-59.096621,-30.666807],[-59.097888,-30.665948],[-59.0985,-30.66525],[-59.098842,-30.66486],[-59.099922,-30.663784],[-59.101068,-30.662701],[-59.101806,-30.661966],[-59.102277,-30.661728],[-59.103907,-30.661417],[-59.105489,-30.661095],[-59.105923,-30.660856],[-59.106507,-30.660017],[-59.106579,-30.659717],[-59.106525,-30.65904],[-59.10677,-30.658656],[-59.107113,-30.658594],[-59.107815,-30.658836],[-59.108335,-30.658941],[-59.109978,-30.658626],[-59.111426,-30.657926],[-59.111676,-30.657474],[-59.11238,-30.655846],[-59.112536,-30.65572],[-59.112961,-30.655593],[-59.113265,-30.655471],[-59.114474,-30.654557],[-59.115865,-30.65386],[-59.117127,-30.652997],[-59.118268,-30.652022],[-59.119474,-30.651049],[-59.120614,-30.64997],[-59.121506,-30.648776],[-59.122397,-30.647581],[-59.125145,-30.643531],[-59.131882,-30.637059],[-59.137471,-30.636171],[-59.142334,-30.631972],[-59.14263,-30.630308],[-59.146147,-30.627941],[-59.152847,-30.624131],[-59.155126,-30.620779],[-59.157865,-30.618227],[-59.158829,-30.617849],[-59.159949,-30.616707],[-59.16151,-30.61537],[-59.163076,-30.613848],[-59.164748,-30.612514],[-59.166423,-30.611181],[-59.167984,-30.609848],[-59.169109,-30.608318],[-59.171,-30.607185],[-59.171902,-30.605463],[-59.173908,-30.604513],[-59.17558,-30.603373],[-59.177034,-30.601843],[-59.177601,-30.599932],[-59.178283,-30.598208],[-59.179406,-30.596678],[-59.180307,-30.594957],[-59.180542,-30.593134],[-59.180301,-30.591321],[-59.180847,-30.591152],[-59.18242,-30.591212],[-59.183926,-30.59177],[-59.185111,-30.592701],[-59.186298,-30.593632],[-59.187862,-30.593917],[-59.188737,-30.595064],[-59.19031,-30.594912],[-59.19176,-30.59432],[-59.192902,-30.594353],[-59.193295,-30.594491],[-59.19346,-30.594545],[-59.194706,-30.595429],[-59.19564,-30.596524],[-59.196509,-30.597725],[-59.197887,-30.598387],[-59.199398,-30.598832],[-59.200581,-30.599817],[-59.201707,-30.600805],[-59.203143,-30.601357],[-59.204163,-30.601855],[-59.20446,-30.602238],[-59.204865,-30.60356],[-59.206081,-30.603826],[-59.206963,-30.603775],[-59.209133,-30.604347],[-59.210507,-30.605122],[-59.212079,-30.605348],[-59.213328,-30.606227],[-59.214139,-30.607485],[-59.215515,-30.608196],[-59.216576,-30.609236],[-59.216377,-30.6106],[-59.217374,-30.611697],[-59.217675,-30.613057],[-59.218171,-30.614365],[-59.219105,-30.615518],[-59.219787,-30.616268],[-59.220231,-30.616502],[-59.221893,-30.61696],[-59.222843,-30.617046],[-59.223826,-30.616822],[-59.224941,-30.616562],[-59.225983,-30.616737],[-59.226934,-30.617152],[-59.227978,-30.617078],[-59.228934,-30.616674],[-59.230077,-30.616761],[-59.231118,-30.617174],[-59.231777,-30.617923],[-59.233008,-30.618342],[-59.234057,-30.618431],[-59.235108,-30.618272],[-59.236344,-30.618033],[-59.237579,-30.618289],[-59.237664,-30.619188],[-59.23785,-30.620099],[-59.237745,-30.621002],[-59.237835,-30.62191],[-59.238593,-30.622572],[-59.239636,-30.622746],[-59.240684,-30.622587],[-59.241829,-30.622265],[-59.242879,-30.621858],[-59.24392,-30.622028],[-59.243632,-30.622934],[-59.243527,-30.623836],[-59.244186,-30.624581],[-59.24524,-30.624341],[-59.246385,-30.623689],[-59.247153,-30.622955],[-59.248097,-30.623536],[-59.249042,-30.623951],[-59.249714,-30.623628],[-59.250572,-30.623053],[-59.251713,-30.623388],[-59.252469,-30.624054],[-59.253516,-30.623976],[-59.254567,-30.623822],[-59.255522,-30.623895],[-59.255704,-30.623909],[-59.256744,-30.624493],[-59.2576,-30.625076],[-59.258546,-30.625739],[-59.259583,-30.626404],[-59.260536,-30.626819],[-59.261676,-30.626987],[-59.262721,-30.626832],[-59.263865,-30.626342],[-59.264823,-30.625685],[-59.265869,-30.625449],[-59.266918,-30.625457],[-59.267674,-30.626119],[-59.267762,-30.627022],[-59.267475,-30.627924],[-59.266609,-30.628498],[-59.26622,-30.629402],[-59.267078,-30.629985],[-59.268218,-30.629991],[-59.269264,-30.629751],[-59.270221,-30.629341],[-59.271263,-30.629592],[-59.271355,-30.630586],[-59.27182,-30.631577],[-59.272766,-30.631991],[-59.273819,-30.631751],[-59.274678,-30.631177],[-59.275349,-30.630443],[-59.275768,-30.629572],[-59.27649,-30.629282],[-59.276816,-30.629413],[-59.277287,-30.630238],[-59.277661,-30.631231],[-59.27813,-30.632055],[-59.278596,-30.632879],[-59.278568,-30.633131],[-59.334256,-30.631006],[-59.351987,-30.630324],[-59.384116,-30.629082],[-59.40606,-30.628327],[-59.409295,-30.628103],[-59.421331,-30.627264],[-59.421853,-30.62728],[-59.423923,-30.627334],[-59.43493,-30.626828],[-59.449894,-30.626346],[-59.451355,-30.626321],[-59.46165,-30.626152],[-59.462641,-30.626134],[-59.514842,-30.62461],[-59.515565,-30.624296],[-59.516809,-30.623604],[-59.517298,-30.623114],[-59.517571,-30.62284],[-59.517709,-30.62247],[-59.517779,-30.622226],[-59.517704,-30.621914],[-59.517535,-30.621818],[-59.517437,-30.621707],[-59.517267,-30.621516],[-59.517072,-30.621297],[-59.517035,-30.621125],[-59.51696,-30.620858],[-59.517139,-30.62059],[-59.517288,-30.620292],[-59.517332,-30.62001],[-59.517451,-30.619757],[-59.517303,-30.619474],[-59.517362,-30.619102],[-59.517466,-30.618849],[-59.517704,-30.618715],[-59.517935,-30.618614],[-59.518151,-30.618433],[-59.518567,-30.618463],[-59.518954,-30.618596],[-59.519118,-30.61876],[-59.519385,-30.618805],[-59.519488,-30.618991],[-59.519475,-30.619251],[-59.519445,-30.6194],[-59.519526,-30.619538]]]}},{"type":"Feature","properties":{"departamento":"La Paz","distrito":"Feliciano","techo_ha":5.4,"total_ha":27.41,"ep":38,"potencia_kwp":13702,"inversion_musd":9.6,"generacion_gwh":15.6,"co2_tn":6865},"geometry":{"type":"Polygon","coordinates":[[[-59.557973,-30.813087],[-59.559242,-30.813977],[-59.560708,-30.814642],[-59.562306,-30.814487],[-59.562883,-30.814026],[-59.569022,-30.809803],[-59.590223,-30.794982],[-59.617649,-30.775969],[-59.626987,-30.769268],[-59.629023,-30.766078],[-59.629857,-30.765451],[-59.630222,-30.76537],[-59.631001,-30.765566],[-59.631283,-30.765632],[-59.631841,-30.765795],[-59.632257,-30.765757],[-59.632382,-30.765539],[-59.631817,-30.764894],[-59.631553,-30.764382],[-59.631813,-30.763456],[-59.632089,-30.763017],[-59.633237,-30.761956],[-59.6343,-30.76074],[-59.634744,-30.759373],[-59.634874,-30.757894],[-59.635315,-30.757216],[-59.635593,-30.757232],[-59.636173,-30.758261],[-59.636562,-30.758695],[-59.636808,-30.758773],[-59.63993,-30.758935],[-59.641471,-30.758597],[-59.641667,-30.758282],[-59.641122,-30.757231],[-59.640609,-30.75638],[-59.640251,-30.75601],[-59.638801,-30.755319],[-59.637947,-30.754738],[-59.637612,-30.754405],[-59.637672,-30.754168],[-59.638057,-30.753831],[-59.638142,-30.753644],[-59.638062,-30.752727],[-59.637928,-30.752277],[-59.637692,-30.75187],[-59.637324,-30.751342],[-59.637232,-30.75106],[-59.637191,-30.749689],[-59.637329,-30.748359],[-59.638127,-30.747096],[-59.638542,-30.746196],[-59.638568,-30.745733],[-59.638225,-30.744358],[-59.63779,-30.742991],[-59.637969,-30.741585],[-59.638111,-30.740137],[-59.637982,-30.738733],[-59.637284,-30.737516],[-59.637154,-30.736143],[-59.637157,-30.735232],[-59.636989,-30.733845],[-59.636981,-30.733385],[-59.637128,-30.732474],[-59.637185,-30.732318],[-59.637424,-30.73204],[-59.638068,-30.731593],[-59.638252,-30.731404],[-59.639005,-30.728602],[-59.643661,-30.732593],[-59.650977,-30.737692],[-59.66561,-30.747669],[-59.674478,-30.754985],[-59.681794,-30.762744],[-59.687337,-30.773164],[-59.691771,-30.786245],[-59.693544,-30.797995],[-59.695096,-30.808415],[-59.696316,-30.813544],[-59.698884,-30.819965],[-59.703022,-30.827669],[-59.711297,-30.841081],[-59.713866,-30.84579],[-59.719573,-30.853494],[-59.724281,-30.859772],[-59.729418,-30.866478],[-59.736123,-30.87404],[-59.744541,-30.884455],[-59.751533,-30.891446],[-59.757525,-30.89644],[-59.762947,-30.902433],[-59.769653,-30.908282],[-59.775074,-30.913419],[-59.787915,-30.920838],[-59.800471,-30.926545],[-59.806321,-30.92997],[-59.810601,-30.934821],[-59.815452,-30.941954],[-59.818877,-30.948803],[-59.821159,-30.957792],[-59.82387,-30.96835],[-59.828008,-30.975769],[-59.834826,-30.983941],[-59.839509,-30.989333],[-59.842914,-30.994583],[-59.846271,-31.001451],[-59.851407,-31.009584],[-59.85954,-31.022282],[-59.863914,-31.029062],[-59.866751,-31.034596],[-59.870015,-31.041406],[-59.872569,-31.047082],[-59.876669,-31.054347],[-59.879053,-31.059228],[-59.881577,-31.062976],[-59.885462,-31.066766],[-59.888684,-31.069609],[-59.891717,-31.072357],[-59.895033,-31.074632],[-59.897876,-31.076432],[-59.900624,-31.078233],[-59.90233,-31.07937],[-59.904036,-31.080791],[-59.90631,-31.083445],[-59.909058,-31.086098],[-59.912091,-31.088278],[-59.917019,-31.090173],[-59.92441,-31.091784],[-59.930854,-31.09349],[-59.93474,-31.094532],[-59.941847,-31.095954],[-59.878581,-31.107377],[-59.875383,-31.107333],[-59.872497,-31.107599],[-59.869566,-31.108043],[-59.867185,-31.108527],[-59.865119,-31.109153],[-59.862683,-31.109571],[-59.859642,-31.110299],[-59.856595,-31.110085],[-59.854866,-31.109909],[-59.854621,-31.109871],[-59.853712,-31.109731],[-59.851365,-31.109241],[-59.848758,-31.107537],[-59.847217,-31.10731],[-59.846099,-31.105421],[-59.845296,-31.101445],[-59.845059,-31.098717],[-59.844941,-31.096407],[-59.845674,-31.093581],[-59.84592,-31.089702],[-59.845925,-31.087089],[-59.846534,-31.084575],[-59.847763,-31.080906],[-59.846795,-31.077552],[-59.846009,-31.077023],[-59.842296,-31.074512],[-59.838178,-31.074213],[-59.833905,-31.075482],[-59.830876,-31.07525],[-59.827469,-31.07472],[-59.825524,-31.072834],[-59.824192,-31.070318],[-59.823219,-31.069271],[-59.8203,-31.069266],[-59.81884,-31.070204],[-59.817989,-31.071147],[-59.81847,-31.073768],[-59.819562,-31.076801],[-59.820033,-31.079949],[-59.819421,-31.083409],[-59.819543,-31.08571],[-59.821543,-31.088997],[-59.821894,-31.089574],[-59.821686,-31.089953],[-59.821647,-31.089989],[-59.81977,-31.091687],[-59.815026,-31.094192],[-59.812305,-31.093665],[-59.806881,-31.089885],[-59.804333,-31.086843],[-59.803365,-31.084642],[-59.801296,-31.083172],[-59.798745,-31.083897],[-59.797162,-31.08379],[-59.79448,-31.083439],[-59.793208,-31.082871],[-59.79226,-31.082028],[-59.788978,-31.080761],[-59.787033,-31.081073],[-59.785211,-31.080757],[-59.784118,-31.080017],[-59.783343,-31.07916],[-59.782863,-31.078026],[-59.781311,-31.077401],[-59.778548,-31.078743],[-59.778012,-31.079257],[-59.776204,-31.080234],[-59.773689,-31.08023],[-59.771409,-31.080691],[-59.770691,-31.080691],[-59.769677,-31.080738],[-59.768233,-31.080841],[-59.766976,-31.081094],[-59.76458,-31.079181],[-59.763447,-31.078405],[-59.761757,-31.078741],[-59.760929,-31.078914],[-59.758651,-31.078397],[-59.75721,-31.077824],[-59.756143,-31.076788],[-59.755359,-31.076426],[-59.754406,-31.074825],[-59.754223,-31.074207],[-59.752727,-31.072858],[-59.751957,-31.071617],[-59.751659,-31.070686],[-59.751973,-31.069166],[-59.752816,-31.068548],[-59.754678,-31.067207],[-59.756656,-31.064841],[-59.758162,-31.062256],[-59.75979,-31.05958],[-59.759914,-31.057848],[-59.760166,-31.053411],[-59.759687,-31.052583],[-59.758381,-31.048504],[-59.75808,-31.048109],[-59.756526,-31.046073],[-59.753599,-31.044517],[-59.750539,-31.045233],[-59.745694,-31.043421],[-59.744735,-31.043059],[-59.743591,-31.043827],[-59.74353,-31.04548],[-59.742809,-31.046818],[-59.741551,-31.047345],[-59.738735,-31.046345],[-59.738229,-31.041461],[-59.736919,-31.040067],[-59.736262,-31.038361],[-59.735664,-31.036967],[-59.735351,-31.036621],[-59.734771,-31.035984],[-59.733634,-31.03381],[-59.732502,-31.032623],[-59.728252,-31.031943],[-59.725616,-31.032453],[-59.723336,-31.03317],[-59.720936,-31.033939],[-59.720753,-31.034867],[-59.72153,-31.036162],[-59.722005,-31.037864],[-59.721879,-31.039415],[-59.721336,-31.041582],[-59.719294,-31.043126],[-59.716534,-31.043272],[-59.715964,-31.042942],[-59.715102,-31.042442],[-59.715587,-31.039764],[-59.716073,-31.038938],[-59.715234,-31.038313],[-59.712529,-31.039105],[-59.7089,-31.042212],[-59.707146,-31.042325],[-59.705858,-31.041282],[-59.7052,-31.040098],[-59.703944,-31.039472],[-59.702629,-31.038235],[-59.702872,-31.036425],[-59.703055,-31.034825],[-59.702041,-31.0326],[-59.701595,-31.032102],[-59.699718,-31.030247],[-59.698589,-31.028749],[-59.697456,-31.027247],[-59.696738,-31.025904],[-59.696682,-31.025028],[-59.695847,-31.024457],[-59.695366,-31.024048],[-59.694531,-31.023526],[-59.694237,-31.022284],[-59.693642,-31.021408],[-59.692801,-31.020373],[-59.692273,-31.019597],[-59.693251,-31.017185],[-59.692054,-31.016875],[-59.689537,-31.018369],[-59.688637,-31.01831],[-59.688464,-31.018161],[-59.686783,-31.016703],[-59.685677,-31.016386],[-59.684692,-31.016429],[-59.682995,-31.016759],[-59.681762,-31.014992],[-59.681217,-31.014699],[-59.679839,-31.014677],[-59.679379,-31.014827],[-59.678474,-31.01566],[-59.676778,-31.017554],[-59.676251,-31.017676],[-59.675988,-31.017552],[-59.675462,-31.016885],[-59.675347,-31.016422],[-59.676309,-31.015852],[-59.67756,-31.014114],[-59.67751,-31.013279],[-59.677013,-31.012757],[-59.675541,-31.011984],[-59.672604,-31.011665],[-59.671527,-31.010885],[-59.671113,-31.010009],[-59.670697,-31.009025],[-59.67073,-31.008458],[-59.671063,-31.007692],[-59.671188,-31.007307],[-59.671315,-31.006071],[-59.671746,-31.005636],[-59.672695,-31.005278],[-59.673051,-31.005039],[-59.673678,-31.003559],[-59.67342,-31.002926],[-59.670009,-31.002041],[-59.667422,-30.999996],[-59.664803,-30.997693],[-59.664644,-30.997553],[-59.664485,-30.997067],[-59.66455,-30.996258],[-59.665025,-30.994639],[-59.665568,-30.993301],[-59.665734,-30.992377],[-59.66563,-30.991915],[-59.664931,-30.991176],[-59.664441,-30.990987],[-59.663903,-30.990951],[-59.662833,-30.991189],[-59.661339,-30.991804],[-59.661023,-30.992034],[-59.660083,-30.992722],[-59.659305,-30.9939],[-59.658813,-30.994041],[-59.658409,-30.993994],[-59.657693,-30.993697],[-59.657349,-30.993205],[-59.657004,-30.992444],[-59.656681,-30.992197],[-59.655197,-30.991834],[-59.653525,-30.991781],[-59.653031,-30.991931],[-59.652375,-30.992211],[-59.652034,-30.992238],[-59.650646,-30.992067],[-59.649279,-30.991293],[-59.648209,-30.99026],[-59.648162,-30.989817],[-59.648811,-30.988924],[-59.650243,-30.988209],[-59.65144,-30.987185],[-59.652339,-30.986055],[-59.652878,-30.984722],[-59.652885,-30.984276],[-59.652527,-30.983383],[-59.651459,-30.982351],[-59.65057,-30.981764],[-59.650088,-30.98163],[-59.648536,-30.981982],[-59.648095,-30.982164],[-59.647164,-30.982545],[-59.645553,-30.982693],[-59.644516,-30.98295],[-59.644058,-30.983204],[-59.64328,-30.984125],[-59.642203,-30.985152],[-59.641215,-30.985653],[-59.640716,-30.985663],[-59.639226,-30.985196],[-59.637437,-30.984518],[-59.63559,-30.984466],[-59.634938,-30.984255],[-59.634395,-30.984254],[-59.633754,-30.983868],[-59.632798,-30.982811],[-59.632083,-30.98158],[-59.631667,-30.980236],[-59.631557,-30.979417],[-59.631524,-30.978425],[-59.631237,-30.977084],[-59.629685,-30.976669],[-59.628497,-30.975638],[-59.627907,-30.974816],[-59.628144,-30.974151],[-59.62732,-30.972606],[-59.625477,-30.971107],[-59.624938,-30.970381],[-59.624882,-30.970181],[-59.624711,-30.968739],[-59.625014,-30.9674],[-59.624904,-30.966955],[-59.624245,-30.966167],[-59.623718,-30.965987],[-59.622632,-30.966215],[-59.62138,-30.96703],[-59.619709,-30.967184],[-59.617385,-30.967331],[-59.616432,-30.967121],[-59.614763,-30.967167],[-59.61333,-30.966494],[-59.61185,-30.965617],[-59.611255,-30.964687],[-59.610188,-30.963298],[-59.609596,-30.962012],[-59.608411,-30.960773],[-59.607461,-30.960207],[-59.606327,-30.959227],[-59.605164,-30.958236],[-59.604812,-30.957619],[-59.604519,-30.956232],[-59.60387,-30.954994],[-59.603536,-30.95499],[-59.602796,-30.955507],[-59.601299,-30.956738],[-59.600463,-30.957297],[-59.599817,-30.957316],[-59.5985,-30.956317],[-59.598306,-30.955902],[-59.598534,-30.955083],[-59.59952,-30.953798],[-59.600782,-30.952881],[-59.600867,-30.952459],[-59.600427,-30.951542],[-59.599244,-30.95061],[-59.598887,-30.949172],[-59.599132,-30.947786],[-59.59914,-30.946398],[-59.598747,-30.945315],[-59.59851,-30.94507],[-59.598308,-30.944853],[-59.597004,-30.944337],[-59.595755,-30.943506],[-59.594568,-30.942578],[-59.593498,-30.94155],[-59.592067,-30.940926],[-59.590821,-30.9401],[-59.59005,-30.938917],[-59.589283,-30.937698],[-59.589169,-30.936871],[-59.588935,-30.935432],[-59.588578,-30.935116],[-59.587386,-30.934967],[-59.58707,-30.934963],[-59.586421,-30.935059],[-59.58596,-30.93501],[-59.584416,-30.934186],[-59.583436,-30.933741],[-59.582928,-30.933615],[-59.582588,-30.933619],[-59.581894,-30.933799],[-59.581375,-30.933916],[-59.58026,-30.934044],[-59.579707,-30.934011],[-59.579205,-30.933876],[-59.578338,-30.93334],[-59.577199,-30.932377],[-59.575646,-30.932016],[-59.574161,-30.93144],[-59.572243,-30.930713],[-59.57151,-30.930581],[-59.569977,-30.930707],[-59.56977,-30.930729],[-59.568962,-30.930806],[-59.567292,-30.931005],[-59.56562,-30.931511],[-59.564388,-30.932131],[-59.564041,-30.932537],[-59.563843,-30.933415],[-59.564613,-30.934598],[-59.564866,-30.935555],[-59.564605,-30.935985],[-59.56371,-30.936088],[-59.561688,-30.935619],[-59.560383,-30.934841],[-59.558774,-30.934681],[-59.557166,-30.934679],[-59.555554,-30.934672],[-59.553951,-30.934561],[-59.552338,-30.934401],[-59.550849,-30.933884],[-59.550239,-30.933196],[-59.549847,-30.932749],[-59.548779,-30.931715],[-59.547889,-30.930583],[-59.547798,-30.930121],[-59.548074,-30.929146],[-59.548798,-30.927908],[-59.549275,-30.927786],[-59.550342,-30.928224],[-59.551289,-30.929362],[-59.552899,-30.929626],[-59.55397,-30.929664],[-59.554507,-30.929471],[-59.55488,-30.929071],[-59.554866,-30.928138],[-59.553986,-30.926956],[-59.552853,-30.925971],[-59.551608,-30.925045],[-59.550454,-30.924001],[-59.550102,-30.922612],[-59.549632,-30.921271],[-59.549338,-30.919933],[-59.548394,-30.9188],[-59.547207,-30.917871],[-59.546558,-30.916583],[-59.54585,-30.915348],[-59.544835,-30.91478],[-59.542869,-30.914308],[-59.541324,-30.913893],[-59.539898,-30.913219],[-59.538231,-30.913008],[-59.536685,-30.912385],[-59.535827,-30.911763],[-59.53556,-30.91135],[-59.535568,-30.909963],[-59.535932,-30.908576],[-59.535599,-30.908373],[-59.534504,-30.908672],[-59.534139,-30.909312],[-59.533742,-30.910319],[-59.533359,-30.910728],[-59.532554,-30.911162],[-59.532161,-30.911187],[-59.530796,-30.910357],[-59.529251,-30.909942],[-59.527762,-30.909474],[-59.52665,-30.909174],[-59.526516,-30.909035],[-59.526337,-30.908854],[-59.52602,-30.907652],[-59.525791,-30.906262],[-59.525257,-30.904923],[-59.524918,-30.9044],[-59.524489,-30.90374],[-59.523423,-30.902657],[-59.522534,-30.901524],[-59.521052,-30.900899],[-59.519567,-30.900431],[-59.518318,-30.8995],[-59.516888,-30.89893],[-59.516342,-30.898852],[-59.515222,-30.898926],[-59.513673,-30.899483],[-59.512066,-30.899426],[-59.510455,-30.89932],[-59.510025,-30.899515],[-59.509499,-30.900393],[-59.509385,-30.901224],[-59.509456,-30.90237],[-59.509187,-30.902863],[-59.508767,-30.903064],[-59.507993,-30.903164],[-59.50734,-30.903061],[-59.506069,-30.902752],[-59.505004,-30.901718],[-59.503815,-30.900789],[-59.502631,-30.899861],[-59.502121,-30.899671],[-59.500904,-30.899647],[-59.499236,-30.899544],[-59.498883,-30.899412],[-59.498318,-30.898924],[-59.498168,-30.898456],[-59.498237,-30.897065],[-59.498303,-30.895679],[-59.498275,-30.895223],[-59.497889,-30.894339],[-59.497142,-30.893616],[-59.496646,-30.893463],[-59.49504,-30.893455],[-59.494221,-30.8935],[-59.493375,-30.893554],[-59.492333,-30.893467],[-59.491824,-30.893242],[-59.491444,-30.892844],[-59.491294,-30.891952],[-59.492253,-30.890879],[-59.492379,-30.88949],[-59.49258,-30.888139],[-59.492761,-30.887833],[-59.492829,-30.886907],[-59.492954,-30.885982],[-59.492893,-30.885061],[-59.492246,-30.884336],[-59.491474,-30.883711],[-59.490463,-30.883301],[-59.489391,-30.883245],[-59.488381,-30.88365],[-59.487361,-30.884059],[-59.486821,-30.884878],[-59.486103,-30.885597],[-59.485134,-30.886148],[-59.484489,-30.886721],[-59.483593,-30.887232],[-59.482853,-30.887316],[-59.482521,-30.887172],[-59.48238,-30.886889],[-59.482644,-30.886251],[-59.483421,-30.885633],[-59.484318,-30.885125],[-59.484979,-30.884409],[-59.485402,-30.883537],[-59.485264,-30.88311],[-59.484456,-30.882349],[-59.483506,-30.882035],[-59.482372,-30.88126],[-59.481422,-30.880951],[-59.480652,-30.880641],[-59.479637,-30.880686],[-59.47839,-30.880012],[-59.477799,-30.879442],[-59.477094,-30.87867],[-59.476678,-30.877897],[-59.475667,-30.877329],[-59.474595,-30.877426],[-59.47364,-30.877832],[-59.473037,-30.878605],[-59.472438,-30.879422],[-59.47213,-30.879535],[-59.471749,-30.879615],[-59.471379,-30.879379],[-59.470726,-30.878659],[-59.470016,-30.877936],[-59.469932,-30.87774],[-59.469921,-30.877321],[-59.469898,-30.877009],[-59.469669,-30.876084],[-59.469611,-30.875159],[-59.469384,-30.874233],[-59.46912,-30.873672],[-59.46891,-30.873409],[-59.46865,-30.873177],[-59.46802,-30.872889],[-59.46695,-30.872734],[-59.465852,-30.872695],[-59.464835,-30.873055],[-59.463796,-30.873125],[-59.462657,-30.873121],[-59.461589,-30.872912],[-59.460583,-30.87265],[-59.459568,-30.872388],[-59.459282,-30.872222],[-59.458918,-30.871667],[-59.458859,-30.871003],[-59.459105,-30.870636],[-59.459815,-30.870025],[-59.461132,-30.869642],[-59.461273,-30.869425],[-59.461288,-30.868952],[-59.460998,-30.868399],[-59.460721,-30.868179],[-59.460488,-30.868132],[-59.46103,-30.867088],[-59.461314,-30.866682],[-59.462087,-30.865982],[-59.463424,-30.865203],[-59.463857,-30.864796],[-59.463627,-30.864375],[-59.462529,-30.863552],[-59.462321,-30.863519],[-59.461896,-30.863845],[-59.461574,-30.864089],[-59.46037,-30.864579],[-59.460053,-30.864529],[-59.459951,-30.86441],[-59.459832,-30.86396],[-59.459862,-30.863051],[-59.459915,-30.861692],[-59.459808,-30.861409],[-59.459298,-30.860927],[-59.45902,-30.860536],[-59.458947,-30.859597],[-59.459071,-30.859136],[-59.459843,-30.857905],[-59.460945,-30.856917],[-59.462428,-30.856349],[-59.463351,-30.855802],[-59.463719,-30.855451],[-59.464626,-30.8543],[-59.464535,-30.853802],[-59.464562,-30.853357],[-59.464969,-30.852489],[-59.465221,-30.852239],[-59.465965,-30.851904],[-59.46626,-30.851628],[-59.466222,-30.851374],[-59.465873,-30.850793],[-59.465458,-30.85043],[-59.46408,-30.849766],[-59.463168,-30.849268],[-59.462746,-30.8489],[-59.462483,-30.848452],[-59.462425,-30.847535],[-59.462636,-30.846631],[-59.462859,-30.846182],[-59.463509,-30.845402],[-59.46396,-30.845077],[-59.46471,-30.84475],[-59.465091,-30.844698],[-59.465531,-30.844746],[-59.4664,-30.845098],[-59.467059,-30.845292],[-59.46814,-30.845358],[-59.468633,-30.845096],[-59.468888,-30.844625],[-59.468789,-30.843695],[-59.468602,-30.842293],[-59.46861,-30.840878],[-59.46861,-30.840671],[-59.468376,-30.839272],[-59.467817,-30.837946],[-59.466725,-30.836956],[-59.465825,-30.835801],[-59.464925,-30.83464],[-59.464864,-30.834377],[-59.465207,-30.833788],[-59.465412,-30.833329],[-59.465419,-30.831842],[-59.465281,-30.831185],[-59.465092,-30.830365],[-59.465164,-30.829474],[-59.46548,-30.829046],[-59.46598,-30.828866],[-59.467052,-30.829179],[-59.467403,-30.829346],[-59.468101,-30.829825],[-59.468525,-30.8298],[-59.469533,-30.828733],[-59.470543,-30.827666],[-59.471337,-30.826511],[-59.471631,-30.825605],[-59.471442,-30.824207],[-59.47198,-30.822933],[-59.472565,-30.822129],[-59.472984,-30.821825],[-59.473319,-30.821717],[-59.474034,-30.821714],[-59.474556,-30.821665],[-59.476085,-30.821098],[-59.477366,-30.822141],[-59.477569,-30.822288],[-59.478141,-30.822357],[-59.47858,-30.822405],[-59.480373,-30.822851],[-59.48067,-30.823003],[-59.481143,-30.823494],[-59.481564,-30.823766],[-59.481915,-30.823807],[-59.482641,-30.823733],[-59.483174,-30.823774],[-59.48471,-30.824253],[-59.485282,-30.825025],[-59.485974,-30.825756],[-59.486426,-30.826021],[-59.486772,-30.826062],[-59.487484,-30.825775],[-59.488022,-30.825645],[-59.490384,-30.82593],[-59.491981,-30.82632],[-59.492333,-30.826271],[-59.492993,-30.825829],[-59.493453,-30.825608],[-59.493743,-30.825751],[-59.494313,-30.826446],[-59.494724,-30.826552],[-59.495875,-30.825619],[-59.497444,-30.824905],[-59.498067,-30.824804],[-59.499358,-30.825245],[-59.500389,-30.825989],[-59.500755,-30.826463],[-59.501576,-30.82817],[-59.501891,-30.829112],[-59.50214,-30.829312],[-59.50251,-30.829611],[-59.502906,-30.829725],[-59.503427,-30.829613],[-59.504575,-30.828684],[-59.505729,-30.827746],[-59.50684,-30.827339],[-59.507329,-30.827479],[-59.507446,-30.828915],[-59.508403,-30.830022],[-59.509479,-30.83102],[-59.509906,-30.831],[-59.510826,-30.83025],[-59.51147,-30.828983],[-59.511922,-30.828954],[-59.512937,-30.829486],[-59.51331,-30.830866],[-59.514397,-30.830751],[-59.51485,-30.83043],[-59.515557,-30.829219],[-59.516518,-30.828123],[-59.517353,-30.826911],[-59.51838,-30.825812],[-59.519535,-30.824825],[-59.520499,-30.823729],[-59.521526,-30.822625],[-59.522208,-30.821801],[-59.522628,-30.821028],[-59.523025,-30.820214],[-59.523369,-30.819877],[-59.523682,-30.819732],[-59.524361,-30.819642],[-59.524875,-30.819575],[-59.525192,-30.819493],[-59.52567,-30.81947],[-59.527204,-30.819146],[-59.528802,-30.818986],[-59.530395,-30.819047],[-59.530893,-30.81892],[-59.531741,-30.818335],[-59.531856,-30.818054],[-59.531692,-30.817369],[-59.531812,-30.816953],[-59.533219,-30.816297],[-59.534813,-30.81597],[-59.53538,-30.815211],[-59.535712,-30.814764],[-59.536929,-30.813887],[-59.538593,-30.813336],[-59.539811,-30.812409],[-59.541252,-30.811763],[-59.542842,-30.812044],[-59.54412,-30.812876],[-59.54539,-30.813707],[-59.54588,-30.813874],[-59.546986,-30.813768],[-59.548453,-30.813167],[-59.550056,-30.812953],[-59.551648,-30.813013],[-59.55325,-30.812907],[-59.554715,-30.813406],[-59.556438,-30.813474],[-59.557973,-30.813087]]]}},{"type":"Feature","properties":{"departamento":"Nogoyá","distrito":"Chiqueros","techo_ha":0,"total_ha":42.26,"ep":93,"potencia_kwp":21129,"inversion_musd":14.8,"generacion_gwh":24.1,"co2_tn":10586},"geometry":{"type":"Polygon","coordinates":[[[-59.761121,-32.315911],[-59.760429,-32.315817],[-59.760254,-32.315812],[-59.759902,-32.315866],[-59.759746,-32.315907],[-59.759461,-32.31604],[-59.758924,-32.316364],[-59.75874,-32.316454],[-59.758473,-32.316496],[-59.75827,-32.316473],[-59.758118,-32.316424],[-59.757983,-32.316322],[-59.757862,-32.316071],[-59.757789,-32.315889],[-59.757685,-32.315751],[-59.757502,-32.315678],[-59.75695,-32.315912],[-59.756072,-32.316363],[-59.75579,-32.316599],[-59.755628,-32.316757],[-59.755468,-32.316861],[-59.755278,-32.316815],[-59.755198,-32.316673],[-59.75518,-32.316385],[-59.755215,-32.316147],[-59.755229,-32.315805],[-59.755258,-32.315607],[-59.755214,-32.315354],[-59.755075,-32.315161],[-59.754935,-32.315058],[-59.754723,-32.314976],[-59.754517,-32.314966],[-59.7543,-32.315015],[-59.754071,-32.315108],[-59.753922,-32.315199],[-59.753631,-32.315408],[-59.75348,-32.315548],[-59.753384,-32.315699],[-59.753333,-32.316004],[-59.753299,-32.316525],[-59.753299,-32.316751],[-59.753262,-32.316894],[-59.753156,-32.31704],[-59.753033,-32.31714],[-59.752839,-32.317144],[-59.752652,-32.317248],[-59.752442,-32.317423],[-59.752346,-32.317569],[-59.752251,-32.317774],[-59.752018,-32.317993],[-59.751778,-32.31809],[-59.751546,-32.318147],[-59.751251,-32.318149],[-59.750924,-32.318086],[-59.750615,-32.318042],[-59.750194,-32.318036],[-59.750029,-32.318041],[-59.749904,-32.318132],[-59.749732,-32.318704],[-59.749669,-32.318987],[-59.749535,-32.319096],[-59.749377,-32.319132],[-59.749074,-32.319156],[-59.748631,-32.319163],[-59.748414,-32.319153],[-59.748252,-32.31913],[-59.747951,-32.319037],[-59.747719,-32.318918],[-59.747445,-32.318718],[-59.747288,-32.318646],[-59.747117,-32.318623],[-59.746901,-32.318713],[-59.746765,-32.318813],[-59.746566,-32.319037],[-59.746429,-32.319164],[-59.746242,-32.319326],[-59.746005,-32.319726],[-59.745803,-32.320121],[-59.7457,-32.320326],[-59.745515,-32.320749],[-59.74543,-32.320887],[-59.745042,-32.321219],[-59.744847,-32.32139],[-59.744511,-32.32144],[-59.744164,-32.321507],[-59.74392,-32.32151],[-59.743453,-32.321358],[-59.742927,-32.321147],[-59.742668,-32.321045],[-59.742207,-32.320876],[-59.742032,-32.320889],[-59.74179,-32.320982],[-59.741586,-32.320963],[-59.741397,-32.320904],[-59.741219,-32.320823],[-59.740886,-32.320648],[-59.740684,-32.320453],[-59.740493,-32.320444],[-59.740067,-32.32078],[-59.739899,-32.320875],[-59.739723,-32.320902],[-59.73948,-32.32094],[-59.738837,-32.321262],[-59.738442,-32.321486],[-59.738231,-32.321521],[-59.73793,-32.321486],[-59.737647,-32.321524],[-59.737472,-32.321587],[-59.737271,-32.321577],[-59.737045,-32.321522],[-59.73682,-32.321435],[-59.736679,-32.321364],[-59.736396,-32.321203],[-59.73615,-32.32103],[-59.735837,-32.320806],[-59.735671,-32.320698],[-59.735248,-32.32043],[-59.735011,-32.320302],[-59.734862,-32.320244],[-59.734551,-32.320191],[-59.734344,-32.320181],[-59.734139,-32.320221],[-59.733968,-32.32032],[-59.733781,-32.320509],[-59.733482,-32.320911],[-59.733364,-32.32103],[-59.732769,-32.321415],[-59.732371,-32.321639],[-59.732188,-32.321707],[-59.732028,-32.321734],[-59.731866,-32.321748],[-59.731647,-32.321769],[-59.731388,-32.321835],[-59.731147,-32.321964],[-59.730849,-32.322195],[-59.730676,-32.322384],[-59.730456,-32.322649],[-59.730322,-32.322758],[-59.730122,-32.322798],[-59.729808,-32.32274],[-59.729293,-32.322907],[-59.729117,-32.322992],[-59.728863,-32.323143],[-59.728707,-32.323257],[-59.728539,-32.323428],[-59.728439,-32.323574],[-59.728333,-32.323779],[-59.728146,-32.324031],[-59.727876,-32.324321],[-59.727557,-32.324484],[-59.727387,-32.324709],[-59.727316,-32.325041],[-59.727314,-32.325266],[-59.727302,-32.325441],[-59.727247,-32.325656],[-59.727098,-32.325815],[-59.726915,-32.325882],[-59.726453,-32.32582],[-59.726296,-32.325753],[-59.726093,-32.325631],[-59.725933,-32.325595],[-59.725699,-32.32567],[-59.725463,-32.325822],[-59.725381,-32.326027],[-59.725407,-32.326266],[-59.725368,-32.326405],[-59.725162,-32.326526],[-59.724933,-32.326601],[-59.724717,-32.326654],[-59.723679,-32.326658],[-59.723419,-32.326656],[-59.722825,-32.326654],[-59.722583,-32.326662],[-59.722295,-32.326708],[-59.722094,-32.32682],[-59.721963,-32.326934],[-59.721665,-32.326962],[-59.721447,-32.326902],[-59.72104,-32.326707],[-59.720792,-32.326525],[-59.719921,-32.326088],[-59.719393,-32.325862],[-59.719219,-32.32584],[-59.718864,-32.325979],[-59.718609,-32.326139],[-59.7183,-32.326379],[-59.71814,-32.326474],[-59.717987,-32.326537],[-59.717775,-32.326608],[-59.717624,-32.326677],[-59.717372,-32.326954],[-59.717179,-32.327093],[-59.717031,-32.327148],[-59.716747,-32.327208],[-59.716545,-32.327225],[-59.716273,-32.327187],[-59.716088,-32.327087],[-59.715901,-32.326844],[-59.715694,-32.326473],[-59.715565,-32.326303],[-59.715359,-32.326045],[-59.715217,-32.325934],[-59.714377,-32.325907],[-59.713916,-32.325904],[-59.713619,-32.325892],[-59.713324,-32.325826],[-59.713103,-32.325698],[-59.71286,-32.325458],[-59.712666,-32.325232],[-59.712532,-32.325066],[-59.712411,-32.324959],[-59.712124,-32.324812],[-59.711807,-32.324714],[-59.711591,-32.324668],[-59.711147,-32.324611],[-59.710796,-32.324575],[-59.710618,-32.324575],[-59.710437,-32.324579],[-59.71017,-32.324635],[-59.709965,-32.324724],[-59.709764,-32.324863],[-59.709634,-32.324999],[-59.709365,-32.325335],[-59.709203,-32.325488],[-59.708915,-32.325666],[-59.708692,-32.325745],[-59.708505,-32.325781],[-59.708135,-32.325821],[-59.707943,-32.325829],[-59.707649,-32.325831],[-59.707218,-32.325792],[-59.706941,-32.325745],[-59.706593,-32.325664],[-59.70637,-32.325595],[-59.705689,-32.325302],[-59.705407,-32.325159],[-59.704945,-32.324877],[-59.704377,-32.324515],[-59.704097,-32.324332],[-59.703694,-32.324038],[-59.7035,-32.323753],[-59.703172,-32.323078],[-59.703031,-32.322795],[-59.702951,-32.322658],[-59.702842,-32.322524],[-59.702718,-32.322426],[-59.702309,-32.322371],[-59.702043,-32.322382],[-59.70174,-32.322527],[-59.701256,-32.322794],[-59.701001,-32.32294],[-59.700649,-32.323143],[-59.700462,-32.323241],[-59.700139,-32.323386],[-59.699969,-32.323449],[-59.699717,-32.323515],[-59.699472,-32.323558],[-59.699203,-32.323578],[-59.698921,-32.32353],[-59.698643,-32.323433],[-59.69809,-32.323179],[-59.697886,-32.323012],[-59.697678,-32.322749],[-59.697522,-32.322664],[-59.697364,-32.322705],[-59.697206,-32.322836],[-59.697045,-32.323012],[-59.696818,-32.323268],[-59.696706,-32.323377],[-59.696527,-32.32349],[-59.69621,-32.323522],[-59.695964,-32.323479],[-59.69569,-32.323306],[-59.695405,-32.323095],[-59.695255,-32.323006],[-59.695042,-32.322874],[-59.69485,-32.322824],[-59.694561,-32.322834],[-59.694264,-32.322885],[-59.693738,-32.322989],[-59.69347,-32.323054],[-59.693241,-32.323237],[-59.69313,-32.323419],[-59.692865,-32.323795],[-59.692743,-32.32394],[-59.692622,-32.32405],[-59.69236,-32.324241],[-59.692063,-32.324391],[-59.691853,-32.324476],[-59.691413,-32.324608],[-59.690886,-32.32472],[-59.689831,-32.325053],[-59.689655,-32.325098],[-59.689304,-32.32517],[-59.689129,-32.325179],[-59.688774,-32.325165],[-59.688508,-32.325118],[-59.688336,-32.325086],[-59.687908,-32.324962],[-59.68729,-32.324766],[-59.68694,-32.324671],[-59.686584,-32.324612],[-59.686401,-32.324598],[-59.68521,-32.324594],[-59.683105,-32.324475],[-59.682663,-32.324459],[-59.682442,-32.324476],[-59.682262,-32.32453],[-59.682033,-32.324645],[-59.681271,-32.324941],[-59.680946,-32.325045],[-59.680622,-32.325117],[-59.680465,-32.325145],[-59.680295,-32.325145],[-59.680108,-32.325113],[-59.679958,-32.325064],[-59.679639,-32.324889],[-59.679012,-32.324467],[-59.678866,-32.324319],[-59.678768,-32.324158],[-59.678656,-32.324034],[-59.678386,-32.323955],[-59.678222,-32.323937],[-59.677861,-32.32395],[-59.677674,-32.323976],[-59.677292,-32.324061],[-59.676921,-32.324182],[-59.676674,-32.324274],[-59.67624,-32.324461],[-59.676069,-32.324565],[-59.675755,-32.324868],[-59.675495,-32.325172],[-59.675362,-32.325312],[-59.67522,-32.32543],[-59.674993,-32.32555],[-59.674785,-32.325576],[-59.674557,-32.325552],[-59.674091,-32.325468],[-59.673615,-32.325338],[-59.673293,-32.325235],[-59.672677,-32.325012],[-59.672233,-32.32482],[-59.671657,-32.324557],[-59.671361,-32.324445],[-59.671159,-32.32439],[-59.670885,-32.324343],[-59.67072,-32.324343],[-59.670483,-32.324377],[-59.670302,-32.324444],[-59.669984,-32.324657],[-59.66959,-32.324975],[-59.669376,-32.325114],[-59.668058,-32.325899],[-59.667424,-32.326256],[-59.667104,-32.326432],[-59.666599,-32.32668],[-59.666387,-32.326742],[-59.665939,-32.326789],[-59.664884,-32.326788],[-59.664093,-32.326785],[-59.663825,-32.326783],[-59.663432,-32.326781],[-59.663246,-32.32679],[-59.662896,-32.32688],[-59.662205,-32.327127],[-59.661963,-32.327197],[-59.661378,-32.327308],[-59.661144,-32.327333],[-59.660907,-32.327345],[-59.659683,-32.327223],[-59.659019,-32.327106],[-59.658681,-32.327052],[-59.658177,-32.326989],[-59.657883,-32.326963],[-59.657296,-32.326925],[-59.655536,-32.326869],[-59.655005,-32.326864],[-59.654748,-32.326866],[-59.654484,-32.326891],[-59.654316,-32.326932],[-59.653981,-32.327026],[-59.653001,-32.327406],[-59.652668,-32.327505],[-59.652497,-32.327532],[-59.65228,-32.327535],[-59.651981,-32.327514],[-59.651614,-32.327599],[-59.651174,-32.32774],[-59.650294,-32.328059],[-59.649857,-32.328201],[-59.649479,-32.328299],[-59.648701,-32.328463],[-59.647998,-32.328602],[-59.647656,-32.328678],[-59.647149,-32.328814],[-59.646821,-32.328922],[-59.64666,-32.328985],[-59.64642,-32.329092],[-59.646236,-32.329177],[-59.645879,-32.329375],[-59.645187,-32.32978],[-59.644838,-32.329978],[-59.644371,-32.33024],[-59.643764,-32.330589],[-59.64345,-32.330752],[-59.642967,-32.330987],[-59.642716,-32.331097],[-59.64252,-32.331159],[-59.642117,-32.33123],[-59.641843,-32.331245],[-59.641468,-32.331258],[-59.641282,-32.331266],[-59.641005,-32.33129],[-59.639678,-32.331534],[-59.639018,-32.331643],[-59.638736,-32.331671],[-59.63855,-32.331671],[-59.638175,-32.331638],[-59.63799,-32.331602],[-59.63762,-32.331506],[-59.637253,-32.331389],[-59.637002,-32.331292],[-59.636513,-32.331076],[-59.636318,-32.330904],[-59.636178,-32.33067],[-59.636045,-32.330545],[-59.635747,-32.330425],[-59.635257,-32.330263],[-59.634762,-32.330137],[-59.634425,-32.330065],[-59.634204,-32.330023],[-59.633748,-32.329943],[-59.633396,-32.329911],[-59.63269,-32.329861],[-59.631752,-32.329827],[-59.631283,-32.329801],[-59.630818,-32.329748],[-59.630581,-32.329714],[-59.630357,-32.329663],[-59.630208,-32.329614],[-59.62992,-32.32949],[-59.629723,-32.329309],[-59.629559,-32.329223],[-59.62936,-32.329159],[-59.629152,-32.329113],[-59.628738,-32.329039],[-59.628318,-32.328987],[-59.628037,-32.32898],[-59.627849,-32.328979],[-59.627468,-32.328996],[-59.626889,-32.329035],[-59.626125,-32.329091],[-59.625743,-32.329098],[-59.625369,-32.329084],[-59.625184,-32.32907],[-59.624909,-32.329031],[-59.624851,-32.328903],[-59.624984,-32.328655],[-59.625106,-32.328446],[-59.625144,-32.328294],[-59.624886,-32.328237],[-59.624505,-32.328218],[-59.624123,-32.328208],[-59.623868,-32.328215],[-59.62336,-32.328251],[-59.622124,-32.328371],[-59.621506,-32.328449],[-59.620586,-32.328577],[-59.620281,-32.328646],[-59.620082,-32.328699],[-59.619689,-32.328846],[-59.619301,-32.329011],[-59.618786,-32.329232],[-59.618531,-32.329324],[-59.618271,-32.329403],[-59.617947,-32.329466],[-59.617637,-32.329458],[-59.617432,-32.329416],[-59.617024,-32.329239],[-59.616694,-32.32905],[-59.616547,-32.328947],[-59.616279,-32.328728],[-59.616123,-32.32857],[-59.616021,-32.328464],[-59.615836,-32.328229],[-59.615688,-32.327932],[-59.615555,-32.327523],[-59.615485,-32.327391],[-59.615175,-32.326968],[-59.615027,-32.326793],[-59.6148,-32.326548],[-59.614541,-32.326311],[-59.614394,-32.326208],[-59.613793,-32.325809],[-59.613383,-32.325564],[-59.612552,-32.325077],[-59.612407,-32.324997],[-59.612225,-32.324879],[-59.611978,-32.324764],[-59.611646,-32.324692],[-59.611479,-32.324674],[-59.611149,-32.324652],[-59.610649,-32.324666],[-59.609984,-32.324711],[-59.609649,-32.324733],[-59.608509,-32.324793],[-59.607934,-32.32484],[-59.607677,-32.324892],[-59.607484,-32.32495],[-59.606907,-32.325191],[-59.606711,-32.325258],[-59.606342,-32.325338],[-59.605986,-32.325347],[-59.605786,-32.325319],[-59.605582,-32.325228],[-59.605405,-32.325079],[-59.605088,-32.324741],[-59.604964,-32.324648],[-59.604374,-32.324343],[-59.603668,-32.323996],[-59.603316,-32.323819],[-59.601737,-32.322916],[-59.601542,-32.322794],[-59.601178,-32.322527],[-59.600693,-32.322167],[-59.600437,-32.321998],[-59.600174,-32.321851],[-59.600028,-32.321784],[-59.599793,-32.321688],[-59.599297,-32.321535],[-59.598286,-32.32126],[-59.597785,-32.321111],[-59.596467,-32.320666],[-59.595813,-32.320432],[-59.595515,-32.320306],[-59.595325,-32.320216],[-59.594955,-32.320017],[-59.593877,-32.319357],[-59.593507,-32.319166],[-59.593309,-32.319075],[-59.593159,-32.319026],[-59.592837,-32.318982],[-59.592612,-32.318976],[-59.592316,-32.318954],[-59.59196,-32.31889],[-59.591733,-32.318785],[-59.591489,-32.318648],[-59.591256,-32.318502],[-59.590804,-32.318174],[-59.590379,-32.317829],[-59.590171,-32.317652],[-59.589881,-32.317379],[-59.589616,-32.317092],[-59.589497,-32.316931],[-59.589404,-32.316807],[-59.589268,-32.316542],[-59.588819,-32.31581],[-59.587443,-32.313001],[-59.585487,-32.311627],[-59.584723,-32.311413],[-59.58324,-32.311074],[-59.579908,-32.31138],[-59.572329,-32.314983],[-59.566094,-32.316937],[-59.56047,-32.316754],[-59.557536,-32.315014],[-59.55682,-32.313193],[-59.556667,-32.309956],[-59.55792,-32.306902],[-59.558898,-32.304979],[-59.562179,-32.29973],[-59.568719,-32.2895],[-59.571775,-32.285134],[-59.572393,-32.282967],[-59.573677,-32.27915],[-59.575572,-32.27631],[-59.576458,-32.269989],[-59.575022,-32.27002],[-59.574123,-32.269294],[-59.570394,-32.265935],[-59.562164,-32.262571],[-59.565252,-32.260906],[-59.56795,-32.25912],[-59.571962,-32.257408],[-59.573712,-32.256534],[-59.577285,-32.257117],[-59.578755,-32.256718],[-59.578949,-32.256647],[-59.579326,-32.25649],[-59.579591,-32.256335],[-59.579766,-32.256196],[-59.579907,-32.256056],[-59.580163,-32.255783],[-59.580872,-32.254924],[-59.581115,-32.254651],[-59.581245,-32.254515],[-59.581451,-32.254322],[-59.581735,-32.254105],[-59.582347,-32.253693],[-59.582638,-32.253476],[-59.582778,-32.253353],[-59.583045,-32.253086],[-59.583531,-32.2525],[-59.583786,-32.252218],[-59.583931,-32.252087],[-59.58469,-32.251436],[-59.585086,-32.251123],[-59.585697,-32.250671],[-59.587109,-32.249704],[-59.587822,-32.24921],[-59.588168,-32.248958],[-59.588418,-32.248717],[-59.588587,-32.248514],[-59.588792,-32.248285],[-59.589194,-32.247882],[-59.589515,-32.247602],[-59.589733,-32.247432],[-59.58997,-32.247281],[-59.590135,-32.247191],[-59.59047,-32.247015],[-59.591881,-32.246422],[-59.592647,-32.24606],[-59.594173,-32.245308],[-59.594414,-32.245184],[-59.594876,-32.244935],[-59.595329,-32.244673],[-59.596233,-32.244089],[-59.596169,-32.243957],[-59.595936,-32.243743],[-59.595918,-32.243598],[-59.596404,-32.243422],[-59.596742,-32.243328],[-59.597416,-32.243152],[-59.598298,-32.242951],[-59.598886,-32.242836],[-59.599181,-32.242803],[-59.600091,-32.242787],[-59.60054,-32.242754],[-59.600764,-32.24272],[-59.601056,-32.242646],[-59.601647,-32.242496],[-59.601947,-32.242418],[-59.602559,-32.242277],[-59.603012,-32.242158],[-59.60331,-32.242054],[-59.603458,-32.241999],[-59.603668,-32.241901],[-59.603853,-32.241785],[-59.603973,-32.241671],[-59.604073,-32.241552],[-59.604253,-32.241282],[-59.604377,-32.241078],[-59.605095,-32.240034],[-59.605443,-32.239512],[-59.605872,-32.238798],[-59.606045,-32.238582],[-59.606235,-32.238379],[-59.606476,-32.238165],[-59.606743,-32.237979],[-59.606998,-32.237882],[-59.607274,-32.237817],[-59.607566,-32.237721],[-59.607848,-32.237562],[-59.608066,-32.237406],[-59.608273,-32.23724],[-59.608674,-32.236877],[-59.608986,-32.236611],[-59.60931,-32.236376],[-59.609494,-32.236273],[-59.609777,-32.236154],[-59.609958,-32.236123],[-59.61019,-32.236156],[-59.610353,-32.236201],[-59.610828,-32.236394],[-59.611183,-32.236471],[-59.611358,-32.236458],[-59.612011,-32.236309],[-59.612342,-32.236223],[-59.612659,-32.236119],[-59.61282,-32.23606],[-59.613122,-32.235924],[-59.613266,-32.235842],[-59.613472,-32.235713],[-59.614708,-32.234822],[-59.615746,-32.234066],[-59.616298,-32.233703],[-59.616538,-32.233587],[-59.61684,-32.233519],[-59.617058,-32.233498],[-59.617711,-32.233484],[-59.618268,-32.233476],[-59.619491,-32.2335],[-59.619858,-32.233555],[-59.620152,-32.233626],[-59.620373,-32.233668],[-59.620698,-32.233681],[-59.620925,-32.233633],[-59.62112,-32.233471],[-59.62126,-32.23325],[-59.621329,-32.233107],[-59.621437,-32.232835],[-59.621487,-32.232639],[-59.621526,-32.232234],[-59.621576,-32.232037],[-59.621684,-32.231828],[-59.621802,-32.23171],[-59.62193,-32.231623],[-59.622147,-32.231561],[-59.622311,-32.231566],[-59.622647,-32.231593],[-59.622893,-32.231604],[-59.624261,-32.231604],[-59.625095,-32.231622],[-59.625361,-32.231652],[-59.625702,-32.231697],[-59.626381,-32.23181],[-59.62698,-32.23188],[-59.627271,-32.231838],[-59.627507,-32.231768],[-59.627681,-32.231714],[-59.627857,-32.231669],[-59.628078,-32.231657],[-59.629315,-32.231739],[-59.630221,-32.231813],[-59.630523,-32.231821],[-59.630784,-32.231806],[-59.630989,-32.231762],[-59.631599,-32.231557],[-59.632485,-32.231297],[-59.632675,-32.231252],[-59.633072,-32.231209],[-59.633268,-32.231219],[-59.633476,-32.231256],[-59.633681,-32.231356],[-59.633846,-32.231414],[-59.634041,-32.231442],[-59.634435,-32.231484],[-59.634727,-32.231528],[-59.635213,-32.231644],[-59.635872,-32.231757],[-59.636312,-32.231822],[-59.636577,-32.231825],[-59.636735,-32.231775],[-59.636884,-32.231685],[-59.637151,-32.231493],[-59.63776,-32.231014],[-59.638039,-32.23076],[-59.638257,-32.230469],[-59.638389,-32.230179],[-59.638462,-32.229929],[-59.638489,-32.229763],[-59.638539,-32.229431],[-59.638564,-32.229184],[-59.638587,-32.22899],[-59.638604,-32.228608],[-59.638629,-32.22841],[-59.638706,-32.228214],[-59.638835,-32.228019],[-59.639228,-32.227476],[-59.639496,-32.22719],[-59.63981,-32.22709],[-59.640243,-32.226912],[-59.640403,-32.226745],[-59.64059,-32.226759],[-59.640742,-32.226881],[-59.640896,-32.227015],[-59.641192,-32.227325],[-59.641581,-32.227773],[-59.641694,-32.227888],[-59.641937,-32.228111],[-59.642082,-32.228209],[-59.642289,-32.228291],[-59.642525,-32.22828],[-59.642742,-32.228132],[-59.642956,-32.227935],[-59.643213,-32.227739],[-59.64368,-32.22749],[-59.64392,-32.227389],[-59.644158,-32.227332],[-59.644348,-32.227342],[-59.644497,-32.227409],[-59.644726,-32.227595],[-59.644889,-32.227779],[-59.644978,-32.227948],[-59.64503,-32.228189],[-59.645007,-32.228517],[-59.645054,-32.228694],[-59.645147,-32.228841],[-59.645335,-32.228967],[-59.645546,-32.229],[-59.645764,-32.228983],[-59.646469,-32.228907],[-59.646863,-32.228873],[-59.647141,-32.228803],[-59.647483,-32.22865],[-59.647728,-32.228472],[-59.647859,-32.228381],[-59.648052,-32.228309],[-59.648338,-32.228258],[-59.648541,-32.228205],[-59.648768,-32.228085],[-59.649203,-32.227786],[-59.649433,-32.227657],[-59.649699,-32.22756],[-59.649999,-32.227492],[-59.650216,-32.227421],[-59.650879,-32.227127],[-59.651536,-32.226766],[-59.651684,-32.226626],[-59.651807,-32.22653],[-59.652093,-32.226403],[-59.652375,-32.22637],[-59.652626,-32.226376],[-59.652883,-32.226397],[-59.653877,-32.226463],[-59.654431,-32.226158],[-59.654832,-32.22593],[-59.655143,-32.225758],[-59.655561,-32.225562],[-59.655765,-32.225482],[-59.656087,-32.225382],[-59.656401,-32.225327],[-59.656604,-32.22531],[-59.656784,-32.225369],[-59.656964,-32.225464],[-59.65717,-32.225537],[-59.657815,-32.225604],[-59.658134,-32.225626],[-59.658622,-32.225616],[-59.65908,-32.225574],[-59.659301,-32.225544],[-59.659638,-32.225467],[-59.660736,-32.225136],[-59.661575,-32.224874],[-59.661812,-32.22479],[-59.662249,-32.224567],[-59.662475,-32.22447],[-59.662655,-32.224416],[-59.6629,-32.224386],[-59.66324,-32.224296],[-59.663404,-32.224238],[-59.663646,-32.224127],[-59.664073,-32.223913],[-59.664276,-32.223787],[-59.664561,-32.223597],[-59.664837,-32.223388],[-59.664971,-32.22327],[-59.66513,-32.223116],[-59.665235,-32.223011],[-59.665412,-32.222786],[-59.665507,-32.222653],[-59.665677,-32.222365],[-59.665815,-32.222152],[-59.66599,-32.221927],[-59.666178,-32.221842],[-59.666377,-32.221833],[-59.666652,-32.221854],[-59.666856,-32.221873],[-59.667268,-32.221911],[-59.667718,-32.221932],[-59.668015,-32.221908],[-59.668233,-32.221896],[-59.668546,-32.2219],[-59.668704,-32.221913],[-59.668936,-32.221937],[-59.669097,-32.221968],[-59.669406,-32.222067],[-59.669642,-32.222127],[-59.670651,-32.22223],[-59.670898,-32.222286],[-59.671096,-32.222314],[-59.671578,-32.222318],[-59.672469,-32.222368],[-59.672557,-32.221699],[-59.672596,-32.221506],[-59.672668,-32.221211],[-59.672779,-32.220921],[-59.672851,-32.220774],[-59.672999,-32.220557],[-59.673238,-32.220338],[-59.673412,-32.220208],[-59.673602,-32.220082],[-59.674008,-32.219845],[-59.674306,-32.219682],[-59.674454,-32.219613],[-59.674617,-32.219568],[-59.674825,-32.219547],[-59.675084,-32.219553],[-59.675275,-32.219554],[-59.675662,-32.219542],[-59.675927,-32.21949],[-59.676074,-32.219435],[-59.67622,-32.219367],[-59.676488,-32.219216],[-59.676776,-32.219026],[-59.677081,-32.218854],[-59.677295,-32.218584],[-59.677649,-32.21854],[-59.677928,-32.218538],[-59.678158,-32.218535],[-59.67847,-32.218552],[-59.678674,-32.218576],[-59.679202,-32.21868],[-59.67942,-32.21882],[-59.6796,-32.218884],[-59.680642,-32.218884],[-59.6809,-32.218846],[-59.681102,-32.218761],[-59.681394,-32.218539],[-59.681569,-32.218318],[-59.681679,-32.218051],[-59.681668,-32.217839],[-59.681571,-32.21753],[-59.681552,-32.217336],[-59.681521,-32.217073],[-59.681518,-32.216875],[-59.681538,-32.216677],[-59.681591,-32.216535],[-59.681714,-32.216376],[-59.681873,-32.216227],[-59.681988,-32.216108],[-59.682087,-32.215948],[-59.68222,-32.215781],[-59.682486,-32.215459],[-59.682771,-32.215146],[-59.683366,-32.214527],[-59.683793,-32.214069],[-59.684026,-32.213855],[-59.684303,-32.213677],[-59.684524,-32.213575],[-59.684779,-32.213541],[-59.685039,-32.213552],[-59.686073,-32.213602],[-59.68727,-32.213683],[-59.687457,-32.2138],[-59.687615,-32.213904],[-59.687916,-32.214137],[-59.688061,-32.214235],[-59.688237,-32.214285],[-59.688335,-32.214148],[-59.688337,-32.213945],[-59.688259,-32.213393],[-59.688199,-32.212928],[-59.688195,-32.212509],[-59.688236,-32.212339],[-59.688367,-32.212157],[-59.688534,-32.212081],[-59.689099,-32.21192],[-59.689227,-32.211819],[-59.689545,-32.211467],[-59.689695,-32.211286],[-59.689945,-32.210964],[-59.690067,-32.210728],[-59.690098,-32.210468],[-59.690084,-32.210206],[-59.690102,-32.209909],[-59.690155,-32.209699],[-59.690276,-32.209274],[-59.69046,-32.208738],[-59.69057,-32.208475],[-59.690715,-32.208218],[-59.690837,-32.208054],[-59.691051,-32.207925],[-59.691298,-32.207832],[-59.691476,-32.207756],[-59.691659,-32.207612],[-59.691852,-32.207405],[-59.692013,-32.207269],[-59.692203,-32.207144],[-59.692634,-32.206948],[-59.692839,-32.206841],[-59.693,-32.206732],[-59.693115,-32.206609],[-59.693406,-32.206193],[-59.693519,-32.20607],[-59.693688,-32.205944],[-59.69437,-32.205615],[-59.694831,-32.20541],[-59.695767,-32.20502],[-59.69649,-32.204733],[-59.696664,-32.20462],[-59.696892,-32.204401],[-59.69708,-32.204108],[-59.697147,-32.203943],[-59.697198,-32.203778],[-59.697268,-32.203438],[-59.697388,-32.203062],[-59.697548,-32.202733],[-59.697678,-32.202574],[-59.697829,-32.202438],[-59.698048,-32.202318],[-59.698341,-32.20229],[-59.698519,-32.202326],[-59.698823,-32.202424],[-59.699063,-32.202525],[-59.699279,-32.202638],[-59.699692,-32.20287],[-59.699844,-32.202982],[-59.700116,-32.203237],[-59.700252,-32.203358],[-59.700436,-32.203475],[-59.700608,-32.203543],[-59.700905,-32.203546],[-59.701031,-32.203446],[-59.70115,-32.203287],[-59.701302,-32.20311],[-59.701408,-32.202969],[-59.701596,-32.20283],[-59.701754,-32.202852],[-59.701962,-32.202902],[-59.702576,-32.203126],[-59.702762,-32.203194],[-59.702935,-32.203234],[-59.703221,-32.203242],[-59.703514,-32.203204],[-59.703841,-32.203177],[-59.704533,-32.203177],[-59.704728,-32.203182],[-59.70512,-32.203192],[-59.705417,-32.203182],[-59.705707,-32.203158],[-59.705928,-32.203118],[-59.706167,-32.202976],[-59.706367,-32.202792],[-59.706607,-32.202595],[-59.706958,-32.202402],[-59.70718,-32.202295],[-59.70765,-32.202105],[-59.707801,-32.202032],[-59.707993,-32.20201],[-59.708398,-32.202156],[-59.708813,-32.202329],[-59.708568,-32.202453],[-59.708335,-32.202726],[-59.708229,-32.202868],[-59.708107,-32.20309],[-59.708042,-32.203372],[-59.708046,-32.203539],[-59.708078,-32.203693],[-59.708183,-32.203867],[-59.708337,-32.20392],[-59.709026,-32.203925],[-59.709641,-32.203918],[-59.709828,-32.203869],[-59.710109,-32.20371],[-59.710322,-32.203539],[-59.710702,-32.203288],[-59.711198,-32.203058],[-59.711451,-32.202942],[-59.71172,-32.202846],[-59.711947,-32.202784],[-59.712269,-32.202833],[-59.712523,-32.202903],[-59.712715,-32.202948],[-59.713084,-32.202989],[-59.713273,-32.202985],[-59.713527,-32.202902],[-59.713758,-32.202759],[-59.71465,-32.202183],[-59.714832,-32.202152],[-59.715043,-32.202094],[-59.715278,-32.20197],[-59.715465,-32.201853],[-59.715603,-32.201771],[-59.715751,-32.201712],[-59.715951,-32.201685],[-59.716184,-32.201687],[-59.716568,-32.201679],[-59.71688,-32.201637],[-59.71719,-32.201564],[-59.717396,-32.201502],[-59.717841,-32.201275],[-59.71782,-32.201126],[-59.717853,-32.200951],[-59.718968,-32.200817],[-59.719308,-32.201466],[-59.719517,-32.20162],[-59.719661,-32.201723],[-59.719951,-32.201915],[-59.720252,-32.202158],[-59.720413,-32.202328],[-59.72055,-32.202517],[-59.720817,-32.203037],[-59.720818,-32.203312],[-59.720898,-32.203512],[-59.721013,-32.203633],[-59.721171,-32.203722],[-59.721448,-32.203779],[-59.72165,-32.203753],[-59.721816,-32.203703],[-59.722014,-32.203568],[-59.72219,-32.203316],[-59.722283,-32.203179],[-59.722462,-32.202913],[-59.722686,-32.202649],[-59.722901,-32.202564],[-59.723193,-32.202464],[-59.723742,-32.202293],[-59.724018,-32.202219],[-59.724311,-32.202191],[-59.724693,-32.202246],[-59.72496,-32.20232],[-59.725254,-32.202468],[-59.725421,-32.20263],[-59.725488,-32.202753],[-59.725517,-32.202893],[-59.725536,-32.203187],[-59.725571,-32.203386],[-59.725659,-32.203523],[-59.725845,-32.20365],[-59.725785,-32.203792],[-59.725604,-32.204031],[-59.725486,-32.204222],[-59.725312,-32.204623],[-59.72507,-32.205175],[-59.72507,-32.205315],[-59.725174,-32.205462],[-59.725346,-32.205606],[-59.725525,-32.205633],[-59.725703,-32.205611],[-59.725894,-32.205629],[-59.726129,-32.205725],[-59.72644,-32.205828],[-59.72665,-32.205879],[-59.727073,-32.205984],[-59.727284,-32.206017],[-59.727604,-32.206183],[-59.728073,-32.206334],[-59.728566,-32.206464],[-59.728723,-32.206536],[-59.72894,-32.206614],[-59.729148,-32.206642],[-59.729308,-32.206686],[-59.729621,-32.206843],[-59.729763,-32.206941],[-59.729958,-32.207104],[-59.730187,-32.207389],[-59.730266,-32.207531],[-59.730381,-32.207823],[-59.730476,-32.208037],[-59.730559,-32.208156],[-59.730763,-32.208391],[-59.73083,-32.208587],[-59.730827,-32.209186],[-59.730827,-32.209636],[-59.730897,-32.209827],[-59.731098,-32.209995],[-59.731401,-32.21012],[-59.731609,-32.210157],[-59.731869,-32.210222],[-59.732223,-32.210321],[-59.732415,-32.210443],[-59.732522,-32.210554],[-59.732783,-32.210881],[-59.732971,-32.211048],[-59.733093,-32.211177],[-59.733178,-32.211396],[-59.733173,-32.212202],[-59.733165,-32.212797],[-59.733059,-32.212934],[-59.732888,-32.213056],[-59.7327,-32.213199],[-59.732497,-32.21346],[-59.732402,-32.213597],[-59.732284,-32.213801],[-59.732249,-32.213949],[-59.732278,-32.214121],[-59.732344,-32.214253],[-59.732522,-32.214402],[-59.733052,-32.214402],[-59.73376,-32.21438],[-59.734074,-32.214285],[-59.734239,-32.214343],[-59.734451,-32.214547],[-59.734607,-32.214799],[-59.734815,-32.215056],[-59.735344,-32.215507],[-59.735615,-32.21573],[-59.736222,-32.216165],[-59.736458,-32.216153],[-59.736984,-32.216802],[-59.737452,-32.217409],[-59.737381,-32.217538],[-59.73719,-32.217632],[-59.737042,-32.217759],[-59.737022,-32.217943],[-59.737038,-32.218106],[-59.737213,-32.218899],[-59.737228,-32.21916],[-59.737179,-32.219402],[-59.737086,-32.219571],[-59.736919,-32.219792],[-59.736802,-32.219965],[-59.736619,-32.220339],[-59.736548,-32.220526],[-59.736501,-32.220809],[-59.736567,-32.220959],[-59.736724,-32.221166],[-59.736756,-32.221302],[-59.736763,-32.221482],[-59.736748,-32.222045],[-59.736767,-32.22233],[-59.736833,-32.222579],[-59.736907,-32.222716],[-59.737071,-32.222874],[-59.737427,-32.223153],[-59.737679,-32.223367],[-59.738025,-32.223772],[-59.738347,-32.224249],[-59.738503,-32.22433],[-59.738679,-32.224384],[-59.738851,-32.224474],[-59.738942,-32.224598],[-59.739056,-32.224889],[-59.7392,-32.225073],[-59.739582,-32.225295],[-59.739925,-32.225416],[-59.740291,-32.22548],[-59.740483,-32.225453],[-59.740689,-32.225535],[-59.740833,-32.225746],[-59.740968,-32.22598],[-59.741193,-32.226206],[-59.74133,-32.226295],[-59.741557,-32.226382],[-59.742028,-32.226485],[-59.74226,-32.226531],[-59.742676,-32.226533],[-59.743439,-32.226534],[-59.743629,-32.226562],[-59.743843,-32.226649],[-59.74397,-32.226733],[-59.744094,-32.226835],[-59.744343,-32.227126],[-59.744377,-32.227361],[-59.744479,-32.227467],[-59.744724,-32.227663],[-59.744885,-32.227743],[-59.745323,-32.227953],[-59.745448,-32.228096],[-59.745438,-32.228231],[-59.745364,-32.228368],[-59.745311,-32.228516],[-59.745328,-32.228872],[-59.745396,-32.229171],[-59.745492,-32.229318],[-59.745602,-32.229433],[-59.745839,-32.229624],[-59.746016,-32.229768],[-59.746426,-32.230171],[-59.746658,-32.23042],[-59.746754,-32.230558],[-59.746824,-32.230695],[-59.746842,-32.230862],[-59.746838,-32.231173],[-59.746852,-32.231394],[-59.746886,-32.231841],[-59.746884,-32.23226],[-59.746833,-32.232425],[-59.746764,-32.232662],[-59.74669,-32.232814],[-59.746537,-32.232873],[-59.746239,-32.232883],[-59.746068,-32.232924],[-59.745952,-32.233056],[-59.745888,-32.233226],[-59.745869,-32.233392],[-59.745944,-32.233574],[-59.746083,-32.23369],[-59.746358,-32.233878],[-59.746888,-32.234229],[-59.747357,-32.23453],[-59.747506,-32.234601],[-59.747833,-32.234709],[-59.74799,-32.23478],[-59.748119,-32.234883],[-59.748223,-32.235007],[-59.748345,-32.235235],[-59.748412,-32.235426],[-59.748497,-32.235712],[-59.748641,-32.236284],[-59.748731,-32.236683],[-59.748744,-32.236976],[-59.748657,-32.237113],[-59.748413,-32.237341],[-59.748299,-32.237496],[-59.748295,-32.237663],[-59.748324,-32.237821],[-59.748371,-32.237989],[-59.748489,-32.238317],[-59.748572,-32.238819],[-59.748643,-32.238996],[-59.748824,-32.239105],[-59.749176,-32.239199],[-59.749406,-32.239237],[-59.749694,-32.239488],[-59.750164,-32.239892],[-59.750336,-32.240063],[-59.750447,-32.240214],[-59.750576,-32.240466],[-59.750644,-32.240638],[-59.75075,-32.240997],[-59.750789,-32.241174],[-59.750827,-32.241526],[-59.750865,-32.241793],[-59.750935,-32.242065],[-59.751071,-32.242254],[-59.751265,-32.242245],[-59.75151,-32.242296],[-59.751554,-32.242478],[-59.751592,-32.24283],[-59.751633,-32.243097],[-59.751694,-32.243369],[-59.751812,-32.24357],[-59.752019,-32.243634],[-59.75216,-32.243705],[-59.752364,-32.243913],[-59.752456,-32.244028],[-59.752569,-32.244207],[-59.752625,-32.244402],[-59.752772,-32.244744],[-59.752856,-32.244913],[-59.753007,-32.245142],[-59.753209,-32.245363],[-59.753391,-32.245458],[-59.753625,-32.245356],[-59.754023,-32.245114],[-59.754203,-32.244984],[-59.754503,-32.244685],[-59.754567,-32.244524],[-59.754684,-32.244356],[-59.754875,-32.244208],[-59.755109,-32.244043],[-59.75528,-32.244006],[-59.756057,-32.244071],[-59.755914,-32.244654],[-59.755832,-32.24494],[-59.755684,-32.245378],[-59.755565,-32.245658],[-59.755497,-32.245801],[-59.755378,-32.246005],[-59.755108,-32.246435],[-59.754963,-32.246652],[-59.754745,-32.246957],[-59.754395,-32.247413],[-59.753941,-32.247955],[-59.753709,-32.248224],[-59.753345,-32.248611],[-59.752809,-32.249147],[-59.751709,-32.250178],[-59.750878,-32.250963],[-59.750436,-32.251393],[-59.750229,-32.251613],[-59.749944,-32.251943],[-59.749905,-32.252132],[-59.749961,-32.252282],[-59.750057,-32.252406],[-59.750172,-32.252535],[-59.750432,-32.252758],[-59.750714,-32.252964],[-59.750958,-32.253096],[-59.751273,-32.253262],[-59.751445,-32.253338],[-59.751815,-32.253447],[-59.751996,-32.253443],[-59.752186,-32.253393],[-59.752552,-32.253232],[-59.752957,-32.253098],[-59.75314,-32.253166],[-59.753259,-32.253263],[-59.753467,-32.253517],[-59.753597,-32.253736],[-59.754075,-32.254528],[-59.754299,-32.254935],[-59.7545,-32.255327],[-59.754586,-32.255523],[-59.754697,-32.255824],[-59.754735,-32.256023],[-59.754738,-32.256163],[-59.754182,-32.25674],[-59.754745,-32.256857],[-59.755031,-32.257535],[-59.755127,-32.257759],[-59.7552,-32.258089],[-59.755183,-32.258256],[-59.755068,-32.258577],[-59.754932,-32.258822],[-59.754851,-32.258941],[-59.754668,-32.259175],[-59.754018,-32.259924],[-59.753887,-32.260043],[-59.753502,-32.260344],[-59.753171,-32.260862],[-59.753146,-32.261037],[-59.753157,-32.261313],[-59.753242,-32.261851],[-59.753264,-32.262253],[-59.753239,-32.26245],[-59.753116,-32.26292],[-59.752906,-32.263613],[-59.752785,-32.263952],[-59.75264,-32.264296],[-59.752491,-32.26454],[-59.752271,-32.264606],[-59.751789,-32.264652],[-59.751636,-32.26472],[-59.751516,-32.264821],[-59.751285,-32.265036],[-59.751141,-32.265203],[-59.750865,-32.26553],[-59.750657,-32.265777],[-59.750442,-32.26601],[-59.750332,-32.266124],[-59.750157,-32.266277],[-59.749966,-32.266403],[-59.749791,-32.266489],[-59.749611,-32.266561],[-59.749222,-32.266695],[-59.748939,-32.266814],[-59.748763,-32.266908],[-59.748573,-32.267039],[-59.748401,-32.267237],[-59.748356,-32.267461],[-59.748364,-32.267691],[-59.748336,-32.267943],[-59.748231,-32.268152],[-59.747959,-32.26855],[-59.747813,-32.268862],[-59.747786,-32.269014],[-59.74779,-32.269208],[-59.74784,-32.269381],[-59.748024,-32.269723],[-59.748364,-32.270142],[-59.748565,-32.270296],[-59.748818,-32.270429],[-59.749035,-32.270506],[-59.749238,-32.270534],[-59.749801,-32.270517],[-59.749959,-32.270562],[-59.750146,-32.27067],[-59.750548,-32.270901],[-59.750667,-32.270999],[-59.750774,-32.271128],[-59.750843,-32.271265],[-59.75087,-32.27141],[-59.75088,-32.271703],[-59.750877,-32.272095],[-59.750862,-32.272806],[-59.750844,-32.273162],[-59.750802,-32.273318],[-59.750637,-32.273539],[-59.750399,-32.273741],[-59.750138,-32.274004],[-59.750045,-32.274151],[-59.750011,-32.274289],[-59.750008,-32.274533],[-59.750013,-32.274695],[-59.750038,-32.27502],[-59.750163,-32.275911],[-59.750199,-32.276223],[-59.750202,-32.27638],[-59.750159,-32.276609],[-59.749934,-32.277112],[-59.749462,-32.278078],[-59.749108,-32.278799],[-59.748409,-32.280331],[-59.748341,-32.280586],[-59.748215,-32.281362],[-59.748142,-32.281617],[-59.748093,-32.281747],[-59.747991,-32.281933],[-59.747813,-32.282145],[-59.747538,-32.28235],[-59.74733,-32.282461],[-59.747112,-32.282546],[-59.746667,-32.282688],[-59.746381,-32.282743],[-59.746071,-32.282744],[-59.745871,-32.282685],[-59.745742,-32.282583],[-59.745586,-32.282353],[-59.745317,-32.281878],[-59.744984,-32.281252],[-59.744885,-32.281132],[-59.744708,-32.281015],[-59.744468,-32.280914],[-59.744266,-32.280864],[-59.743977,-32.280856],[-59.743819,-32.280893],[-59.743693,-32.280998],[-59.743629,-32.281167],[-59.743522,-32.281268],[-59.743263,-32.28146],[-59.743135,-32.281641],[-59.743081,-32.281874],[-59.743065,-32.282031],[-59.74307,-32.282342],[-59.743098,-32.282659],[-59.74313,-32.283331],[-59.743191,-32.284454],[-59.743027,-32.284581],[-59.742787,-32.284678],[-59.742607,-32.284755],[-59.742463,-32.284845],[-59.742389,-32.284992],[-59.742385,-32.285776],[-59.742383,-32.286483],[-59.74239,-32.286664],[-59.74242,-32.287021],[-59.742451,-32.28726],[-59.742535,-32.28774],[-59.742596,-32.288097],[-59.742686,-32.288541],[-59.742737,-32.288687],[-59.742902,-32.288957],[-59.742993,-32.289171],[-59.743035,-32.289456],[-59.743042,-32.28965],[-59.743023,-32.290037],[-59.742987,-32.290203],[-59.742884,-32.291083],[-59.742954,-32.291887],[-59.742988,-32.292253],[-59.743034,-32.292524],[-59.74313,-32.292676],[-59.743268,-32.292814],[-59.743596,-32.293066],[-59.744079,-32.293412],[-59.744411,-32.293623],[-59.74516,-32.294057],[-59.745309,-32.294111],[-59.74578,-32.294213],[-59.746002,-32.2943],[-59.74615,-32.294403],[-59.746276,-32.294586],[-59.74637,-32.294859],[-59.746383,-32.295012],[-59.746361,-32.29548],[-59.746366,-32.295638],[-59.746407,-32.295829],[-59.746551,-32.296175],[-59.746635,-32.296335],[-59.746788,-32.296573],[-59.746974,-32.296794],[-59.747185,-32.296984],[-59.747413,-32.29713],[-59.747571,-32.297246],[-59.747825,-32.297478],[-59.748017,-32.297537],[-59.748222,-32.29757],[-59.748435,-32.297638],[-59.748589,-32.297759],[-59.748854,-32.298063],[-59.748998,-32.298207],[-59.749146,-32.298296],[-59.749306,-32.298345],[-59.74982,-32.298444],[-59.749977,-32.298489],[-59.750152,-32.298579],[-59.75027,-32.298681],[-59.750477,-32.298894],[-59.750644,-32.299051],[-59.750817,-32.299177],[-59.751185,-32.299421],[-59.751361,-32.299552],[-59.751492,-32.299681],[-59.751586,-32.299796],[-59.751666,-32.29992],[-59.751813,-32.300181],[-59.751923,-32.300373],[-59.752063,-32.300543],[-59.752235,-32.300692],[-59.752806,-32.301121],[-59.753055,-32.301366],[-59.753208,-32.3016],[-59.753289,-32.301796],[-59.753373,-32.302122],[-59.7534,-32.302393],[-59.753403,-32.302695],[-59.753373,-32.303303],[-59.753381,-32.303605],[-59.753394,-32.303754],[-59.753514,-32.304487],[-59.753657,-32.305365],[-59.753754,-32.305795],[-59.753833,-32.306086],[-59.753879,-32.306227],[-59.754025,-32.30651],[-59.754188,-32.306631],[-59.754398,-32.306835],[-59.754578,-32.307065],[-59.754735,-32.307222],[-59.754872,-32.30732],[-59.755162,-32.307503],[-59.75538,-32.307644],[-59.756009,-32.308165],[-59.75614,-32.30834],[-59.756331,-32.308489],[-59.756626,-32.308573],[-59.756943,-32.308603],[-59.757175,-32.308632],[-59.757359,-32.308695],[-59.757504,-32.308771],[-59.757722,-32.308844],[-59.757923,-32.308872],[-59.75827,-32.308885],[-59.758666,-32.308855],[-59.758912,-32.308794],[-59.759099,-32.308772],[-59.759469,-32.308799],[-59.759773,-32.308847],[-59.760185,-32.308962],[-59.760387,-32.309034],[-59.760772,-32.309238],[-59.760932,-32.309373],[-59.761125,-32.309608],[-59.761218,-32.309813],[-59.761272,-32.309945],[-59.761383,-32.31034],[-59.761429,-32.310607],[-59.761449,-32.310873],[-59.761456,-32.311409],[-59.761359,-32.313079],[-59.761361,-32.313326],[-59.761421,-32.313896],[-59.761588,-32.314026],[-59.761849,-32.314155],[-59.762005,-32.314312],[-59.761914,-32.314481],[-59.761783,-32.314594],[-59.761478,-32.314825],[-59.761285,-32.315019],[-59.761201,-32.31521],[-59.761121,-32.315911]]]}},{"type":"Feature","properties":{"departamento":"Nogoyá","distrito":"Sauce","techo_ha":6.7,"total_ha":42.26,"ep":93,"potencia_kwp":21129,"inversion_musd":14.8,"generacion_gwh":24.1,"co2_tn":10586},"geometry":{"type":"Polygon","coordinates":[[[-59.773663,-32.546444],[-59.773432,-32.547011],[-59.77295,-32.548228],[-59.772841,-32.548437],[-59.77276,-32.548566],[-59.772557,-32.548808],[-59.772317,-32.549032],[-59.772144,-32.549181],[-59.771781,-32.54946],[-59.77137,-32.549787],[-59.771115,-32.55001],[-59.770996,-32.550125],[-59.770843,-32.55031],[-59.770646,-32.55062],[-59.770424,-32.55111],[-59.77033,-32.551355],[-59.770207,-32.551731],[-59.770103,-32.552107],[-59.770064,-32.552295],[-59.769998,-32.552672],[-59.769975,-32.552869],[-59.769936,-32.55344],[-59.769944,-32.554171],[-59.769938,-32.554477],[-59.769959,-32.554712],[-59.770039,-32.554939],[-59.770168,-32.555123],[-59.770355,-32.555181],[-59.770623,-32.555193],[-59.770903,-32.555236],[-59.771123,-32.555345],[-59.771557,-32.555618],[-59.771916,-32.55578],[-59.772212,-32.555828],[-59.772574,-32.555815],[-59.772831,-32.555781],[-59.773078,-32.555729],[-59.773572,-32.555598],[-59.773742,-32.555516],[-59.773866,-32.555411],[-59.773982,-32.555288],[-59.774189,-32.555014],[-59.774338,-32.554838],[-59.774505,-32.554716],[-59.774737,-32.554695],[-59.774979,-32.554778],[-59.775464,-32.55497],[-59.775951,-32.555186],[-59.776924,-32.555652],[-59.777137,-32.555739],[-59.777589,-32.55589],[-59.777809,-32.555972],[-59.778031,-32.556095],[-59.778165,-32.556211],[-59.778259,-32.556331],[-59.778352,-32.556563],[-59.778366,-32.556833],[-59.778333,-32.557026],[-59.778278,-32.55721],[-59.778129,-32.557593],[-59.778023,-32.557875],[-59.777973,-32.558022],[-59.777936,-32.558233],[-59.777753,-32.559557],[-59.777718,-32.560002],[-59.777713,-32.560219],[-59.777726,-32.560602],[-59.777763,-32.561351],[-59.777866,-32.56307],[-59.777875,-32.563584],[-59.777858,-32.563836],[-59.77782,-32.564222],[-59.777748,-32.564599],[-59.777665,-32.564912],[-59.777556,-32.56513],[-59.777405,-32.565343],[-59.777082,-32.565744],[-59.776866,-32.566059],[-59.776791,-32.566223],[-59.77667,-32.56663],[-59.776475,-32.567459],[-59.776372,-32.567875],[-59.776309,-32.568081],[-59.776226,-32.568327],[-59.776078,-32.568809],[-59.775948,-32.569171],[-59.775802,-32.569528],[-59.775719,-32.569701],[-59.77551,-32.570038],[-59.77539,-32.570198],[-59.775177,-32.570426],[-59.774998,-32.570597],[-59.774869,-32.570702],[-59.774596,-32.570898],[-59.774169,-32.571153],[-59.773874,-32.571303],[-59.77327,-32.571603],[-59.772823,-32.571826],[-59.772611,-32.571951],[-59.772292,-32.572146],[-59.771174,-32.572901],[-59.770631,-32.573301],[-59.770272,-32.573589],[-59.770096,-32.573743],[-59.769837,-32.573988],[-59.76955,-32.574274],[-59.769425,-32.574419],[-59.769239,-32.574644],[-59.768997,-32.574998],[-59.768811,-32.575359],[-59.768733,-32.575541],[-59.768627,-32.575913],[-59.768604,-32.576097],[-59.768596,-32.57638],[-59.768625,-32.576633],[-59.768645,-32.576805],[-59.768715,-32.577149],[-59.768851,-32.577667],[-59.768964,-32.578012],[-59.769046,-32.578235],[-59.76923,-32.578677],[-59.770084,-32.580537],[-59.770562,-32.581671],[-59.770695,-32.5819],[-59.770821,-32.582079],[-59.771038,-32.582328],[-59.771522,-32.582804],[-59.771755,-32.583053],[-59.771854,-32.583187],[-59.771998,-32.583389],[-59.772111,-32.583581],[-59.772313,-32.58396],[-59.772491,-32.584352],[-59.772601,-32.584612],[-59.772828,-32.585257],[-59.772868,-32.585479],[-59.772929,-32.586152],[-59.773,-32.586478],[-59.773072,-32.586701],[-59.77336,-32.587196],[-59.772748,-32.587161],[-59.772341,-32.587137],[-59.771969,-32.587173],[-59.771503,-32.587336],[-59.771276,-32.58743],[-59.771116,-32.58752],[-59.770919,-32.587668],[-59.770642,-32.587805],[-59.770306,-32.587842],[-59.769998,-32.587825],[-59.769717,-32.587777],[-59.768842,-32.587556],[-59.768325,-32.587421],[-59.768135,-32.587236],[-59.76651,-32.586983],[-59.765888,-32.58689],[-59.765653,-32.58692],[-59.765504,-32.586988],[-59.765311,-32.5871],[-59.765145,-32.5872],[-59.765006,-32.587286],[-59.764777,-32.587294],[-59.76459,-32.587239],[-59.76421,-32.587072],[-59.764027,-32.586977],[-59.763762,-32.586799],[-59.763626,-32.586678],[-59.763402,-32.586402],[-59.763344,-32.586085],[-59.763232,-32.585934],[-59.763077,-32.585804],[-59.762734,-32.585565],[-59.762577,-32.585439],[-59.762467,-32.585234],[-59.761695,-32.585173],[-59.76128,-32.585176],[-59.761024,-32.585169],[-59.760663,-32.585169],[-59.760421,-32.585145],[-59.760176,-32.585071],[-59.759988,-32.584981],[-59.759717,-32.58482],[-59.759359,-32.584581],[-59.759179,-32.58446],[-59.758895,-32.584308],[-59.758748,-32.584246],[-59.758595,-32.584201],[-59.758385,-32.5842],[-59.758193,-32.584222],[-59.758012,-32.584218],[-59.757819,-32.584105],[-59.757644,-32.583956],[-59.757438,-32.583833],[-59.757275,-32.583766],[-59.757146,-32.583673],[-59.75703,-32.583471],[-59.756989,-32.583277],[-59.757057,-32.583094],[-59.757206,-32.582949],[-59.757565,-32.582652],[-59.757688,-32.582511],[-59.757703,-32.582376],[-59.7573,-32.58196],[-59.757116,-32.581766],[-59.756862,-32.581512],[-59.756733,-32.581391],[-59.756317,-32.581254],[-59.7557,-32.581036],[-59.755426,-32.580965],[-59.755078,-32.580943],[-59.754771,-32.580957],[-59.754474,-32.581008],[-59.754291,-32.581085],[-59.754089,-32.58121],[-59.753738,-32.581431],[-59.753574,-32.581553],[-59.753417,-32.581774],[-59.752638,-32.582258],[-59.75217,-32.582562],[-59.752003,-32.582684],[-59.751774,-32.58284],[-59.75156,-32.582956],[-59.751369,-32.583001],[-59.751172,-32.583014],[-59.750901,-32.583002],[-59.750403,-32.582998],[-59.750198,-32.583002],[-59.749944,-32.58304],[-59.749741,-32.583143],[-59.749596,-32.583234],[-59.74941,-32.583396],[-59.74918,-32.583629],[-59.749057,-32.583743],[-59.7488,-32.584006],[-59.748528,-32.584171],[-59.748257,-32.584299],[-59.748018,-32.584437],[-59.747657,-32.584837],[-59.747452,-32.585057],[-59.747471,-32.585216],[-59.747699,-32.585456],[-59.747758,-32.585583],[-59.747758,-32.585804],[-59.747731,-32.586096],[-59.747702,-32.586244],[-59.74764,-32.586423],[-59.747494,-32.586568],[-59.747348,-32.586627],[-59.747155,-32.586672],[-59.746957,-32.586703],[-59.746562,-32.586724],[-59.746101,-32.586752],[-59.745872,-32.586756],[-59.744687,-32.586707],[-59.744479,-32.586706],[-59.744285,-32.586687],[-59.744029,-32.586636],[-59.743766,-32.58662],[-59.743595,-32.586656],[-59.743447,-32.586706],[-59.743303,-32.586788],[-59.743139,-32.586982],[-59.743083,-32.587188],[-59.742559,-32.587715],[-59.741624,-32.588547],[-59.741001,-32.589121],[-59.740867,-32.589221],[-59.740674,-32.589351],[-59.740531,-32.589465],[-59.740273,-32.589769],[-59.740081,-32.589921],[-59.739894,-32.590011],[-59.739697,-32.590083],[-59.739287,-32.590162],[-59.738925,-32.590166],[-59.738576,-32.590117],[-59.738404,-32.590076],[-59.738134,-32.589979],[-59.737961,-32.589898],[-59.737624,-32.589727],[-59.737399,-32.589536],[-59.737012,-32.589436],[-59.736385,-32.589325],[-59.735816,-32.589238],[-59.735623,-32.58913],[-59.735356,-32.589073],[-59.735023,-32.589087],[-59.73447,-32.589217],[-59.734242,-32.589283],[-59.733899,-32.589409],[-59.733608,-32.589528],[-59.733467,-32.589596],[-59.733276,-32.589713],[-59.733156,-32.589813],[-59.732914,-32.590023],[-59.732587,-32.590303],[-59.73244,-32.590457],[-59.732239,-32.590808],[-59.732116,-32.591043],[-59.73196,-32.591359],[-59.73187,-32.59151],[-59.731613,-32.591904],[-59.731298,-32.592387],[-59.731218,-32.592615],[-59.731204,-32.592772],[-59.731202,-32.592984],[-59.731192,-32.593308],[-59.731102,-32.593599],[-59.731008,-32.593781],[-59.730773,-32.594144],[-59.73066,-32.594277],[-59.730489,-32.594443],[-59.73037,-32.594638],[-59.730346,-32.594778],[-59.730451,-32.595046],[-59.730606,-32.595316],[-59.73067,-32.595457],[-59.730766,-32.59573],[-59.730793,-32.595866],[-59.730785,-32.59601],[-59.730662,-32.596255],[-59.730557,-32.596364],[-59.730305,-32.596552],[-59.730145,-32.596642],[-59.729582,-32.596893],[-59.72942,-32.597029],[-59.729317,-32.59717],[-59.729138,-32.597472],[-59.729029,-32.597609],[-59.72889,-32.5977],[-59.727978,-32.597901],[-59.727409,-32.598031],[-59.727235,-32.598152],[-59.727056,-32.598386],[-59.726806,-32.598515],[-59.726527,-32.598584],[-59.725964,-32.598691],[-59.725698,-32.598774],[-59.725506,-32.59886],[-59.725254,-32.598979],[-59.724731,-32.599155],[-59.724465,-32.599224],[-59.723931,-32.599337],[-59.723739,-32.599354],[-59.723484,-32.599356],[-59.723271,-32.599418],[-59.723106,-32.5995],[-59.72279,-32.59969],[-59.722638,-32.599776],[-59.72236,-32.59989],[-59.721982,-32.600034],[-59.721806,-32.600124],[-59.72169,-32.600436],[-59.721408,-32.600739],[-59.721279,-32.600849],[-59.721076,-32.601001],[-59.72086,-32.601158],[-59.720624,-32.601282],[-59.720383,-32.601325],[-59.720155,-32.601306],[-59.719336,-32.601348],[-59.718994,-32.601388],[-59.718766,-32.601436],[-59.718484,-32.601524],[-59.71835,-32.601601],[-59.718197,-32.601728],[-59.718009,-32.601845],[-59.717776,-32.601942],[-59.717453,-32.602064],[-59.717295,-32.602141],[-59.717148,-32.602246],[-59.717007,-32.602391],[-59.716897,-32.602563],[-59.716832,-32.602737],[-59.716803,-32.602939],[-59.716819,-32.603098],[-59.716971,-32.604025],[-59.716503,-32.605914],[-59.715313,-32.606721],[-59.714691,-32.605669],[-59.714559,-32.605589],[-59.714325,-32.60551],[-59.714133,-32.605501],[-59.713856,-32.605525],[-59.713498,-32.605615],[-59.713296,-32.605704],[-59.712982,-32.605917],[-59.712716,-32.606135],[-59.712573,-32.606239],[-59.712005,-32.606635],[-59.711837,-32.606788],[-59.711694,-32.606928],[-59.711486,-32.607071],[-59.710967,-32.607292],[-59.709926,-32.607729],[-59.709706,-32.6078],[-59.709399,-32.607891],[-59.709115,-32.608014],[-59.708841,-32.608165],[-59.707645,-32.608904],[-59.707406,-32.609028],[-59.707081,-32.609177],[-59.706921,-32.609259],[-59.706776,-32.609367],[-59.706605,-32.609539],[-59.705722,-32.609957],[-59.7051,-32.61022],[-59.704917,-32.610346],[-59.704761,-32.610472],[-59.704584,-32.610522],[-59.704438,-32.610432],[-59.704167,-32.610132],[-59.703976,-32.609884],[-59.703755,-32.609752],[-59.703503,-32.609723],[-59.703084,-32.609469],[-59.702935,-32.609397],[-59.702737,-32.609342],[-59.702567,-32.609338],[-59.702401,-32.60937],[-59.702153,-32.609516],[-59.702037,-32.609621],[-59.701935,-32.609799],[-59.701889,-32.610032],[-59.701871,-32.61018],[-59.701855,-32.610374],[-59.701815,-32.610521],[-59.701697,-32.610703],[-59.701523,-32.610865],[-59.700322,-32.611261],[-59.69938,-32.610381],[-59.69852,-32.609939],[-59.697666,-32.609497],[-59.697388,-32.609387],[-59.697193,-32.609341],[-59.696788,-32.609276],[-59.696414,-32.609235],[-59.696231,-32.609225],[-59.695957,-32.609232],[-59.695626,-32.609259],[-59.69519,-32.609297],[-59.694969,-32.609314],[-59.694501,-32.60931],[-59.692707,-32.609443],[-59.689629,-32.611151],[-59.688326,-32.610806],[-59.687848,-32.611005],[-59.687608,-32.611098],[-59.687038,-32.611312],[-59.686711,-32.611371],[-59.686263,-32.611395],[-59.686051,-32.611444],[-59.685695,-32.61157],[-59.68546,-32.611658],[-59.685013,-32.611881],[-59.684493,-32.612187],[-59.684268,-32.612298],[-59.683972,-32.612398],[-59.683801,-32.612421],[-59.682781,-32.612223],[-59.681537,-32.611955],[-59.681174,-32.611829],[-59.680973,-32.611792],[-59.6808,-32.611792],[-59.680541,-32.611816],[-59.680367,-32.611843],[-59.680035,-32.611907],[-59.679875,-32.611975],[-59.679515,-32.612217],[-59.679315,-32.612302],[-59.678796,-32.612225],[-59.678514,-32.61215],[-59.677964,-32.611991],[-59.677738,-32.611913],[-59.677441,-32.611811],[-59.677288,-32.611771],[-59.677128,-32.611762],[-59.676807,-32.611826],[-59.676593,-32.61191],[-59.676309,-32.612047],[-59.676163,-32.612106],[-59.675942,-32.612181],[-59.675291,-32.612299],[-59.675007,-32.612328],[-59.673889,-32.611983],[-59.672605,-32.612525],[-59.671585,-32.61289],[-59.671067,-32.613066],[-59.670863,-32.613119],[-59.670439,-32.613202],[-59.670017,-32.613241],[-59.669149,-32.613272],[-59.66825,-32.613315],[-59.666462,-32.613376],[-59.666076,-32.613375],[-59.665867,-32.613405],[-59.665466,-32.61353],[-59.664689,-32.613883],[-59.664422,-32.613984],[-59.663606,-32.61417],[-59.663262,-32.614237],[-59.662923,-32.614287],[-59.662693,-32.614308],[-59.662239,-32.614341],[-59.661864,-32.614326],[-59.661618,-32.614283],[-59.661449,-32.614247],[-59.66112,-32.614153],[-59.660138,-32.613803],[-59.659808,-32.613717],[-59.65965,-32.613686],[-59.659427,-32.613657],[-59.659156,-32.61365],[-59.658913,-32.61368],[-59.658566,-32.613765],[-59.65834,-32.613836],[-59.657886,-32.614004],[-59.657197,-32.614287],[-59.656864,-32.614436],[-59.656571,-32.614582],[-59.656373,-32.614702],[-59.655993,-32.614954],[-59.655621,-32.615223],[-59.655124,-32.615579],[-59.654873,-32.615744],[-59.654492,-32.615963],[-59.654299,-32.616053],[-59.654098,-32.616106],[-59.653938,-32.616106],[-59.653698,-32.61605],[-59.653533,-32.615978],[-59.653214,-32.615763],[-59.653048,-32.615627],[-59.652724,-32.61533],[-59.652287,-32.614909],[-59.652068,-32.614714],[-59.651843,-32.614537],[-59.651516,-32.614325],[-59.651235,-32.614223],[-59.651071,-32.614201],[-59.650584,-32.614246],[-59.650365,-32.614281],[-59.65004,-32.614358],[-59.649727,-32.614462],[-59.649573,-32.614526],[-59.649291,-32.614667],[-59.649117,-32.614775],[-59.648785,-32.615023],[-59.648151,-32.615537],[-59.647821,-32.615767],[-59.647584,-32.615901],[-59.647263,-32.616032],[-59.647091,-32.616072],[-59.64672,-32.616103],[-59.64647,-32.616096],[-59.646129,-32.616087],[-59.645962,-32.616087],[-59.645718,-32.616112],[-59.645458,-32.616186],[-59.645181,-32.616327],[-59.644816,-32.616534],[-59.644622,-32.616619],[-59.644428,-32.616668],[-59.642914,-32.616668],[-59.642147,-32.61667],[-59.641888,-32.616613],[-59.641555,-32.616487],[-59.641381,-32.616447],[-59.641014,-32.616419],[-59.640767,-32.616408],[-59.640275,-32.616408],[-59.639717,-32.616443],[-59.639249,-32.616507],[-59.638627,-32.616621],[-59.638309,-32.616657],[-59.636519,-32.616974],[-59.635112,-32.617229],[-59.632294,-32.617721],[-59.631999,-32.617758],[-59.631796,-32.617775],[-59.631395,-32.617774],[-59.63058,-32.617774],[-59.63018,-32.6178],[-59.629925,-32.617842],[-59.629608,-32.617928],[-59.629441,-32.617992],[-59.629127,-32.618132],[-59.628506,-32.61843],[-59.628197,-32.618571],[-59.627678,-32.618778],[-59.627217,-32.618954],[-59.626992,-32.619052],[-59.626658,-32.619223],[-59.626434,-32.619384],[-59.626312,-32.619516],[-59.626125,-32.619804],[-59.62598,-32.620129],[-59.625825,-32.62058],[-59.625744,-32.620803],[-59.625646,-32.621016],[-59.6255,-32.621278],[-59.625404,-32.621429],[-59.625272,-32.621628],[-59.625068,-32.621861],[-59.624885,-32.621991],[-59.624668,-32.622098],[-59.624437,-32.622169],[-59.623963,-32.622246],[-59.621402,-32.622456],[-59.620804,-32.622499],[-59.620606,-32.622534],[-59.620442,-32.622584],[-59.619991,-32.622882],[-59.61922,-32.62342],[-59.61897,-32.623571],[-59.618622,-32.623751],[-59.618453,-32.62385],[-59.618202,-32.624028],[-59.618084,-32.624124],[-59.617981,-32.624229],[-59.616913,-32.625087],[-59.61412,-32.627647],[-59.612258,-32.628113],[-59.610861,-32.628345],[-59.609232,-32.628578],[-59.60737,-32.630673],[-59.605508,-32.617871],[-59.601551,-32.612285],[-59.600852,-32.61182],[-59.598059,-32.603906],[-59.600154,-32.60344],[-59.606206,-32.59832],[-59.605508,-32.594363],[-59.605973,-32.58994],[-59.604111,-32.589475],[-59.601551,-32.581328],[-59.605042,-32.570621],[-59.601977,-32.56976],[-59.604556,-32.552807],[-59.604925,-32.545437],[-59.471437,-32.544505],[-59.471586,-32.543393],[-59.471366,-32.522846],[-59.468049,-32.513111],[-59.46337,-32.506198],[-59.459257,-32.507095],[-59.450429,-32.509911],[-59.442852,-32.512484],[-59.442498,-32.506991],[-59.441625,-32.501797],[-59.441253,-32.494875],[-59.440369,-32.491534],[-59.440472,-32.488708],[-59.440484,-32.488419],[-59.442723,-32.480711],[-59.44477,-32.473046],[-59.446811,-32.465602],[-59.447904,-32.460724],[-59.449644,-32.454437],[-59.452821,-32.451498],[-59.455013,-32.449415],[-59.45588,-32.448594],[-59.45819,-32.446395],[-59.461688,-32.442911],[-59.466289,-32.438102],[-59.47092,-32.433595],[-59.476743,-32.427663],[-59.479558,-32.4245],[-59.482479,-32.421221],[-59.487562,-32.415349],[-59.446827,-32.353066],[-59.450512,-32.35196],[-59.454197,-32.351223],[-59.457883,-32.350486],[-59.458988,-32.350486],[-59.485891,-32.324321],[-59.486081,-32.324016],[-59.486005,-32.32378],[-59.485871,-32.323537],[-59.485684,-32.323311],[-59.485538,-32.323167],[-59.485134,-32.322845],[-59.484915,-32.322736],[-59.484779,-32.322637],[-59.484649,-32.322485],[-59.484439,-32.322168],[-59.484273,-32.321929],[-59.48407,-32.321685],[-59.483864,-32.321535],[-59.483647,-32.321497],[-59.483492,-32.321457],[-59.483146,-32.321222],[-59.482987,-32.321091],[-59.482757,-32.320869],[-59.482522,-32.320565],[-59.482421,-32.320413],[-59.482306,-32.320162],[-59.482225,-32.319872],[-59.482185,-32.319731],[-59.482151,-32.319514],[-59.482129,-32.319184],[-59.482129,-32.318914],[-59.482158,-32.318235],[-59.482208,-32.317781],[-59.48233,-32.317559],[-59.482414,-32.31739],[-59.482491,-32.317109],[-59.482494,-32.316964],[-59.482419,-32.316764],[-59.482315,-32.316649],[-59.482081,-32.316448],[-59.481915,-32.316295],[-59.481471,-32.315841],[-59.481216,-32.315496],[-59.481141,-32.315309],[-59.481082,-32.315118],[-59.481007,-32.314724],[-59.48098,-32.314552],[-59.480961,-32.314201],[-59.480942,-32.314029],[-59.480891,-32.313892],[-59.48074,-32.31369],[-59.480545,-32.313509],[-59.480368,-32.313283],[-59.48025,-32.312978],[-59.480185,-32.312733],[-59.480183,-32.312588],[-59.480239,-32.312302],[-59.480229,-32.312157],[-59.480149,-32.312015],[-59.480019,-32.311899],[-59.479858,-32.3118],[-59.479501,-32.311641],[-59.479329,-32.311555],[-59.479149,-32.31142],[-59.47887,-32.311142],[-59.478738,-32.310994],[-59.478554,-32.310759],[-59.478363,-32.310461],[-59.478276,-32.310314],[-59.478152,-32.310094],[-59.478001,-32.309752],[-59.477874,-32.309406],[-59.47781,-32.309143],[-59.477795,-32.308967],[-59.477823,-32.308675],[-59.477874,-32.308447],[-59.47796,-32.308287],[-59.478256,-32.307885],[-59.478294,-32.307742],[-59.478294,-32.307598],[-59.47826,-32.3073],[-59.478253,-32.307079],[-59.478302,-32.306301],[-59.478313,-32.305675],[-59.478343,-32.305437],[-59.4784,-32.305195],[-59.47853,-32.304726],[-59.47861,-32.304368],[-59.478638,-32.304193],[-59.478657,-32.303783],[-59.478641,-32.303576],[-59.478557,-32.303276],[-59.478396,-32.302974],[-59.478275,-32.302826],[-59.478085,-32.302645],[-59.477928,-32.302542],[-59.477672,-32.302427],[-59.477044,-32.302206],[-59.476852,-32.30216],[-59.476638,-32.302069],[-59.476409,-32.301887],[-59.476243,-32.301724],[-59.476121,-32.301599],[-59.475803,-32.30137],[-59.474751,-32.300818],[-59.473962,-32.300368],[-59.473968,-32.30021],[-59.474064,-32.299979],[-59.474068,-32.299758],[-59.473824,-32.299539],[-59.473591,-32.299393],[-59.473331,-32.299255],[-59.472771,-32.29901],[-59.472359,-32.298814],[-59.471988,-32.298592],[-59.471829,-32.298461],[-59.471644,-32.298235],[-59.47157,-32.298107],[-59.471325,-32.297645],[-59.470855,-32.296417],[-59.470379,-32.294513],[-59.470736,-32.293204],[-59.470855,-32.291658],[-59.470855,-32.289516],[-59.470141,-32.288564],[-59.468951,-32.287613],[-59.468,-32.287018],[-59.467167,-32.285828],[-59.466453,-32.284519],[-59.466334,-32.283211],[-59.466783,-32.282313],[-59.467141,-32.281728],[-59.468237,-32.281188],[-59.469308,-32.280831],[-59.47026,-32.280355],[-59.470736,-32.280593],[-59.471331,-32.280117],[-59.471926,-32.279879],[-59.472402,-32.279046],[-59.472758,-32.278809],[-59.473591,-32.278809],[-59.474067,-32.278809],[-59.474305,-32.278095],[-59.475257,-32.2775],[-59.476447,-32.277143],[-59.477279,-32.276667],[-59.477874,-32.275239],[-59.478826,-32.274525],[-59.479659,-32.273574],[-59.480968,-32.272384],[-59.482157,-32.271789],[-59.483228,-32.270837],[-59.483466,-32.270005],[-59.483466,-32.269529],[-59.483273,-32.268461],[-59.488812,-32.266456],[-59.491562,-32.266578],[-59.495077,-32.265326],[-59.497675,-32.264929],[-59.499111,-32.265448],[-59.501556,-32.263646],[-59.504582,-32.264074],[-59.505957,-32.263891],[-59.508854,-32.262294],[-59.510535,-32.26205],[-59.511055,-32.26034],[-59.516648,-32.259607],[-59.518206,-32.260401],[-59.520499,-32.260095],[-59.521629,-32.259027],[-59.525052,-32.25924],[-59.529814,-32.258417],[-59.543109,-32.258997],[-59.549038,-32.261317],[-59.555807,-32.26138],[-59.562164,-32.262571],[-59.570394,-32.265935],[-59.574123,-32.269294],[-59.575022,-32.27002],[-59.576458,-32.269989],[-59.575572,-32.27631],[-59.573677,-32.27915],[-59.572393,-32.282967],[-59.571775,-32.285134],[-59.568719,-32.2895],[-59.562179,-32.29973],[-59.558898,-32.304979],[-59.55792,-32.306902],[-59.556667,-32.309956],[-59.55682,-32.313193],[-59.557536,-32.315014],[-59.56047,-32.316754],[-59.566094,-32.316937],[-59.572329,-32.314983],[-59.579908,-32.31138],[-59.58324,-32.311074],[-59.584723,-32.311413],[-59.585487,-32.311627],[-59.587443,-32.313001],[-59.588819,-32.31581],[-59.589268,-32.316542],[-59.589404,-32.316807],[-59.589497,-32.316931],[-59.589616,-32.317092],[-59.589881,-32.317379],[-59.590171,-32.317652],[-59.590379,-32.317829],[-59.590804,-32.318174],[-59.591256,-32.318502],[-59.591489,-32.318648],[-59.591733,-32.318785],[-59.59196,-32.31889],[-59.592316,-32.318954],[-59.592612,-32.318976],[-59.592837,-32.318982],[-59.593159,-32.319026],[-59.593309,-32.319075],[-59.593507,-32.319166],[-59.593877,-32.319357],[-59.594955,-32.320017],[-59.595325,-32.320216],[-59.595515,-32.320306],[-59.595813,-32.320432],[-59.596467,-32.320666],[-59.597785,-32.321111],[-59.598286,-32.32126],[-59.599297,-32.321535],[-59.599793,-32.321688],[-59.600028,-32.321784],[-59.600174,-32.321851],[-59.600437,-32.321998],[-59.600693,-32.322167],[-59.601178,-32.322527],[-59.601542,-32.322794],[-59.601737,-32.322916],[-59.603316,-32.323819],[-59.603668,-32.323996],[-59.604374,-32.324343],[-59.604964,-32.324648],[-59.605088,-32.324741],[-59.605405,-32.325079],[-59.605582,-32.325228],[-59.605786,-32.325319],[-59.605986,-32.325347],[-59.606342,-32.325338],[-59.606711,-32.325258],[-59.606907,-32.325191],[-59.607484,-32.32495],[-59.607677,-32.324892],[-59.607934,-32.32484],[-59.608509,-32.324793],[-59.609649,-32.324733],[-59.609984,-32.324711],[-59.610649,-32.324666],[-59.611149,-32.324652],[-59.611479,-32.324674],[-59.611646,-32.324692],[-59.611978,-32.324764],[-59.612225,-32.324879],[-59.612407,-32.324997],[-59.612552,-32.325077],[-59.613383,-32.325564],[-59.613793,-32.325809],[-59.614394,-32.326208],[-59.614541,-32.326311],[-59.6148,-32.326548],[-59.615027,-32.326793],[-59.615175,-32.326968],[-59.615485,-32.327391],[-59.615555,-32.327523],[-59.615688,-32.327932],[-59.615836,-32.328229],[-59.616021,-32.328464],[-59.616123,-32.32857],[-59.616279,-32.328728],[-59.616547,-32.328947],[-59.616694,-32.32905],[-59.617024,-32.329239],[-59.617432,-32.329416],[-59.617637,-32.329458],[-59.617947,-32.329466],[-59.618271,-32.329403],[-59.618531,-32.329324],[-59.618786,-32.329232],[-59.619301,-32.329011],[-59.619689,-32.328846],[-59.620082,-32.328699],[-59.620281,-32.328646],[-59.620586,-32.328577],[-59.621506,-32.328449],[-59.622124,-32.328371],[-59.62336,-32.328251],[-59.623868,-32.328215],[-59.624123,-32.328208],[-59.624505,-32.328218],[-59.624886,-32.328237],[-59.625144,-32.328294],[-59.625106,-32.328446],[-59.624984,-32.328655],[-59.624851,-32.328903],[-59.624909,-32.329031],[-59.625184,-32.32907],[-59.625369,-32.329084],[-59.625743,-32.329098],[-59.626125,-32.329091],[-59.626889,-32.329035],[-59.627468,-32.328996],[-59.627849,-32.328979],[-59.628037,-32.32898],[-59.628318,-32.328987],[-59.628738,-32.329039],[-59.629152,-32.329113],[-59.62936,-32.329159],[-59.629559,-32.329223],[-59.629723,-32.329309],[-59.62992,-32.32949],[-59.630208,-32.329614],[-59.630357,-32.329663],[-59.630581,-32.329714],[-59.630818,-32.329748],[-59.631283,-32.329801],[-59.631752,-32.329827],[-59.63269,-32.329861],[-59.633396,-32.329911],[-59.633748,-32.329943],[-59.634204,-32.330023],[-59.634425,-32.330065],[-59.634762,-32.330137],[-59.635257,-32.330263],[-59.635747,-32.330425],[-59.636045,-32.330545],[-59.636178,-32.33067],[-59.636318,-32.330904],[-59.636513,-32.331076],[-59.637002,-32.331292],[-59.637253,-32.331389],[-59.63762,-32.331506],[-59.63799,-32.331602],[-59.638175,-32.331638],[-59.63855,-32.331671],[-59.638736,-32.331671],[-59.639018,-32.331643],[-59.639678,-32.331534],[-59.641005,-32.33129],[-59.641282,-32.331266],[-59.641468,-32.331258],[-59.641843,-32.331245],[-59.642117,-32.33123],[-59.64252,-32.331159],[-59.642716,-32.331097],[-59.642967,-32.330987],[-59.64345,-32.330752],[-59.643764,-32.330589],[-59.644371,-32.33024],[-59.644838,-32.329978],[-59.645187,-32.32978],[-59.645879,-32.329375],[-59.646236,-32.329177],[-59.64642,-32.329092],[-59.64666,-32.328985],[-59.646821,-32.328922],[-59.647149,-32.328814],[-59.647656,-32.328678],[-59.647998,-32.328602],[-59.648701,-32.328463],[-59.649479,-32.328299],[-59.649857,-32.328201],[-59.650294,-32.328059],[-59.651174,-32.32774],[-59.651614,-32.327599],[-59.651981,-32.327514],[-59.65228,-32.327535],[-59.652497,-32.327532],[-59.652668,-32.327505],[-59.653001,-32.327406],[-59.653981,-32.327026],[-59.654316,-32.326932],[-59.654484,-32.326891],[-59.654748,-32.326866],[-59.655005,-32.326864],[-59.655536,-32.326869],[-59.657296,-32.326925],[-59.657883,-32.326963],[-59.658177,-32.326989],[-59.658681,-32.327052],[-59.659019,-32.327106],[-59.659683,-32.327223],[-59.660907,-32.327345],[-59.661144,-32.327333],[-59.661378,-32.327308],[-59.661963,-32.327197],[-59.662205,-32.327127],[-59.662896,-32.32688],[-59.663246,-32.32679],[-59.663432,-32.326781],[-59.663825,-32.326783],[-59.664093,-32.326785],[-59.664884,-32.326788],[-59.665939,-32.326789],[-59.666387,-32.326742],[-59.666599,-32.32668],[-59.667104,-32.326432],[-59.667424,-32.326256],[-59.668058,-32.325899],[-59.669376,-32.325114],[-59.66959,-32.324975],[-59.669984,-32.324657],[-59.670302,-32.324444],[-59.670483,-32.324377],[-59.67072,-32.324343],[-59.670885,-32.324343],[-59.671159,-32.32439],[-59.671361,-32.324445],[-59.671657,-32.324557],[-59.672233,-32.32482],[-59.672677,-32.325012],[-59.673293,-32.325235],[-59.673615,-32.325338],[-59.674091,-32.325468],[-59.674557,-32.325552],[-59.674785,-32.325576],[-59.674993,-32.32555],[-59.67522,-32.32543],[-59.675362,-32.325312],[-59.675495,-32.325172],[-59.675755,-32.324868],[-59.676069,-32.324565],[-59.67624,-32.324461],[-59.676674,-32.324274],[-59.676921,-32.324182],[-59.677292,-32.324061],[-59.677674,-32.323976],[-59.677861,-32.32395],[-59.678222,-32.323937],[-59.678386,-32.323955],[-59.678656,-32.324034],[-59.678768,-32.324158],[-59.678866,-32.324319],[-59.679012,-32.324467],[-59.679639,-32.324889],[-59.679958,-32.325064],[-59.680108,-32.325113],[-59.680295,-32.325145],[-59.680465,-32.325145],[-59.680622,-32.325117],[-59.680946,-32.325045],[-59.681271,-32.324941],[-59.682033,-32.324645],[-59.682262,-32.32453],[-59.682442,-32.324476],[-59.682663,-32.324459],[-59.683105,-32.324475],[-59.68521,-32.324594],[-59.686401,-32.324598],[-59.686584,-32.324612],[-59.68694,-32.324671],[-59.68729,-32.324766],[-59.687908,-32.324962],[-59.688336,-32.325086],[-59.688508,-32.325118],[-59.688774,-32.325165],[-59.689129,-32.325179],[-59.689304,-32.32517],[-59.689655,-32.325098],[-59.689831,-32.325053],[-59.690886,-32.32472],[-59.691413,-32.324608],[-59.691853,-32.324476],[-59.692063,-32.324391],[-59.69236,-32.324241],[-59.692622,-32.32405],[-59.692743,-32.32394],[-59.692865,-32.323795],[-59.69313,-32.323419],[-59.693241,-32.323237],[-59.69347,-32.323054],[-59.693738,-32.322989],[-59.694264,-32.322885],[-59.694561,-32.322834],[-59.69485,-32.322824],[-59.695042,-32.322874],[-59.695255,-32.323006],[-59.695405,-32.323095],[-59.69569,-32.323306],[-59.695964,-32.323479],[-59.69621,-32.323522],[-59.696527,-32.32349],[-59.696706,-32.323377],[-59.696818,-32.323268],[-59.697045,-32.323012],[-59.697206,-32.322836],[-59.697364,-32.322705],[-59.697522,-32.322664],[-59.697678,-32.322749],[-59.697886,-32.323012],[-59.69809,-32.323179],[-59.698643,-32.323433],[-59.698921,-32.32353],[-59.699203,-32.323578],[-59.699472,-32.323558],[-59.699717,-32.323515],[-59.699969,-32.323449],[-59.700139,-32.323386],[-59.700462,-32.323241],[-59.700649,-32.323143],[-59.701001,-32.32294],[-59.701256,-32.322794],[-59.70174,-32.322527],[-59.702043,-32.322382],[-59.702309,-32.322371],[-59.702718,-32.322426],[-59.702842,-32.322524],[-59.702951,-32.322658],[-59.703031,-32.322795],[-59.703172,-32.323078],[-59.7035,-32.323753],[-59.703694,-32.324038],[-59.704097,-32.324332],[-59.704377,-32.324515],[-59.704945,-32.324877],[-59.705407,-32.325159],[-59.705689,-32.325302],[-59.70637,-32.325595],[-59.706593,-32.325664],[-59.706941,-32.325745],[-59.707218,-32.325792],[-59.707649,-32.325831],[-59.707943,-32.325829],[-59.708135,-32.325821],[-59.708505,-32.325781],[-59.708692,-32.325745],[-59.708915,-32.325666],[-59.709203,-32.325488],[-59.709365,-32.325335],[-59.709634,-32.324999],[-59.709764,-32.324863],[-59.709965,-32.324724],[-59.71017,-32.324635],[-59.710437,-32.324579],[-59.710618,-32.324575],[-59.710796,-32.324575],[-59.711147,-32.324611],[-59.711591,-32.324668],[-59.711807,-32.324714],[-59.712124,-32.324812],[-59.712411,-32.324959],[-59.712532,-32.325066],[-59.712666,-32.325232],[-59.71286,-32.325458],[-59.713103,-32.325698],[-59.713324,-32.325826],[-59.713619,-32.325892],[-59.713916,-32.325904],[-59.714377,-32.325907],[-59.715217,-32.325934],[-59.715359,-32.326045],[-59.715565,-32.326303],[-59.715694,-32.326473],[-59.715901,-32.326844],[-59.716088,-32.327087],[-59.716273,-32.327187],[-59.716545,-32.327225],[-59.716747,-32.327208],[-59.717031,-32.327148],[-59.717179,-32.327093],[-59.717372,-32.326954],[-59.717624,-32.326677],[-59.717775,-32.326608],[-59.717987,-32.326537],[-59.71814,-32.326474],[-59.7183,-32.326379],[-59.718609,-32.326139],[-59.718864,-32.325979],[-59.719219,-32.32584],[-59.719393,-32.325862],[-59.719921,-32.326088],[-59.720792,-32.326525],[-59.72104,-32.326707],[-59.721447,-32.326902],[-59.721665,-32.326962],[-59.721963,-32.326934],[-59.722094,-32.32682],[-59.722295,-32.326708],[-59.722583,-32.326662],[-59.722825,-32.326654],[-59.723419,-32.326656],[-59.723679,-32.326658],[-59.724717,-32.326654],[-59.724933,-32.326601],[-59.725162,-32.326526],[-59.725368,-32.326405],[-59.725407,-32.326266],[-59.725381,-32.326027],[-59.725463,-32.325822],[-59.725699,-32.32567],[-59.725933,-32.325595],[-59.726093,-32.325631],[-59.726296,-32.325753],[-59.726453,-32.32582],[-59.726915,-32.325882],[-59.727098,-32.325815],[-59.727247,-32.325656],[-59.727302,-32.325441],[-59.727314,-32.325266],[-59.727316,-32.325041],[-59.727387,-32.324709],[-59.727557,-32.324484],[-59.727876,-32.324321],[-59.728146,-32.324031],[-59.728333,-32.323779],[-59.728439,-32.323574],[-59.728539,-32.323428],[-59.728707,-32.323257],[-59.728863,-32.323143],[-59.729117,-32.322992],[-59.729293,-32.322907],[-59.729808,-32.32274],[-59.730122,-32.322798],[-59.730322,-32.322758],[-59.730456,-32.322649],[-59.730676,-32.322384],[-59.730849,-32.322195],[-59.731147,-32.321964],[-59.731388,-32.321835],[-59.731647,-32.321769],[-59.731866,-32.321748],[-59.732028,-32.321734],[-59.732188,-32.321707],[-59.732371,-32.321639],[-59.732769,-32.321415],[-59.733364,-32.32103],[-59.733482,-32.320911],[-59.733781,-32.320509],[-59.733968,-32.32032],[-59.734139,-32.320221],[-59.734344,-32.320181],[-59.734551,-32.320191],[-59.734862,-32.320244],[-59.735011,-32.320302],[-59.735248,-32.32043],[-59.735671,-32.320698],[-59.735837,-32.320806],[-59.73615,-32.32103],[-59.736396,-32.321203],[-59.736679,-32.321364],[-59.73682,-32.321435],[-59.737045,-32.321522],[-59.737271,-32.321577],[-59.737472,-32.321587],[-59.737647,-32.321524],[-59.73793,-32.321486],[-59.738231,-32.321521],[-59.738442,-32.321486],[-59.738837,-32.321262],[-59.73948,-32.32094],[-59.739723,-32.320902],[-59.739899,-32.320875],[-59.740067,-32.32078],[-59.740493,-32.320444],[-59.740684,-32.320453],[-59.740886,-32.320648],[-59.741219,-32.320823],[-59.741397,-32.320904],[-59.741586,-32.320963],[-59.74179,-32.320982],[-59.742032,-32.320889],[-59.742207,-32.320876],[-59.742668,-32.321045],[-59.742927,-32.321147],[-59.743453,-32.321358],[-59.74392,-32.32151],[-59.744164,-32.321507],[-59.744511,-32.32144],[-59.744847,-32.32139],[-59.745042,-32.321219],[-59.74543,-32.320887],[-59.745515,-32.320749],[-59.7457,-32.320326],[-59.745803,-32.320121],[-59.746005,-32.319726],[-59.746242,-32.319326],[-59.746429,-32.319164],[-59.746566,-32.319037],[-59.746765,-32.318813],[-59.746901,-32.318713],[-59.747117,-32.318623],[-59.747288,-32.318646],[-59.747445,-32.318718],[-59.747719,-32.318918],[-59.747951,-32.319037],[-59.748252,-32.31913],[-59.748414,-32.319153],[-59.748631,-32.319163],[-59.749074,-32.319156],[-59.749377,-32.319132],[-59.749535,-32.319096],[-59.749669,-32.318987],[-59.749732,-32.318704],[-59.749904,-32.318132],[-59.750029,-32.318041],[-59.750194,-32.318036],[-59.750615,-32.318042],[-59.750924,-32.318086],[-59.751251,-32.318149],[-59.751546,-32.318147],[-59.751778,-32.31809],[-59.752018,-32.317993],[-59.752251,-32.317774],[-59.752346,-32.317569],[-59.752442,-32.317423],[-59.752652,-32.317248],[-59.752839,-32.317144],[-59.753033,-32.31714],[-59.753156,-32.31704],[-59.753262,-32.316894],[-59.753299,-32.316751],[-59.753299,-32.316525],[-59.753333,-32.316004],[-59.753384,-32.315699],[-59.75348,-32.315548],[-59.753631,-32.315408],[-59.753922,-32.315199],[-59.754071,-32.315108],[-59.7543,-32.315015],[-59.754517,-32.314966],[-59.754723,-32.314976],[-59.754935,-32.315058],[-59.755075,-32.315161],[-59.755214,-32.315354],[-59.755258,-32.315607],[-59.755229,-32.315805],[-59.755215,-32.316147],[-59.75518,-32.316385],[-59.755198,-32.316673],[-59.755278,-32.316815],[-59.755468,-32.316861],[-59.755628,-32.316757],[-59.75579,-32.316599],[-59.756072,-32.316363],[-59.75695,-32.315912],[-59.757502,-32.315678],[-59.757685,-32.315751],[-59.757789,-32.315889],[-59.757862,-32.316071],[-59.757983,-32.316322],[-59.758118,-32.316424],[-59.75827,-32.316473],[-59.758473,-32.316496],[-59.75874,-32.316454],[-59.758924,-32.316364],[-59.759461,-32.31604],[-59.759746,-32.315907],[-59.759902,-32.315866],[-59.760254,-32.315812],[-59.760429,-32.315817],[-59.761121,-32.315911],[-59.761402,-32.316513],[-59.761742,-32.316801],[-59.76192,-32.316999],[-59.761929,-32.317202],[-59.761703,-32.31735],[-59.761367,-32.317476],[-59.761109,-32.317578],[-59.76096,-32.317651],[-59.760822,-32.317751],[-59.760772,-32.317943],[-59.760868,-32.318094],[-59.761008,-32.318251],[-59.761185,-32.318495],[-59.761193,-32.318639],[-59.761086,-32.318812],[-59.760959,-32.318953],[-59.760806,-32.319084],[-59.760468,-32.319341],[-59.760212,-32.319533],[-59.759896,-32.319836],[-59.7598,-32.319991],[-59.759717,-32.320223],[-59.759689,-32.320362],[-59.759678,-32.320497],[-59.759709,-32.320691],[-59.759799,-32.320833],[-59.759979,-32.320991],[-59.760106,-32.321089],[-59.760364,-32.321276],[-59.760502,-32.321352],[-59.760784,-32.321499],[-59.761082,-32.321623],[-59.761283,-32.321705],[-59.761829,-32.321872],[-59.762099,-32.321884],[-59.762348,-32.321962],[-59.762562,-32.322135],[-59.763116,-32.32232],[-59.763489,-32.322429],[-59.763744,-32.322489],[-59.764254,-32.322606],[-59.764423,-32.322624],[-59.764771,-32.322628],[-59.76494,-32.32266],[-59.765099,-32.322722],[-59.765236,-32.322816],[-59.765363,-32.322914],[-59.765687,-32.323211],[-59.76584,-32.323381],[-59.765971,-32.323497],[-59.766145,-32.323614],[-59.76649,-32.323812],[-59.766995,-32.324087],[-59.767415,-32.324233],[-59.767659,-32.324234],[-59.768131,-32.324301],[-59.768338,-32.324391],[-59.769128,-32.32493],[-59.769038,-32.325072],[-59.768985,-32.325228],[-59.768963,-32.325394],[-59.768928,-32.325713],[-59.768924,-32.326038],[-59.768933,-32.326678],[-59.768937,-32.32716],[-59.768926,-32.327403],[-59.768872,-32.328253],[-59.768887,-32.328416],[-59.76899,-32.328896],[-59.769027,-32.329257],[-59.768985,-32.329477],[-59.76891,-32.329642],[-59.768745,-32.329885],[-59.768349,-32.330344],[-59.768171,-32.330583],[-59.768092,-32.330702],[-59.768014,-32.330885],[-59.767971,-32.331132],[-59.767982,-32.331339],[-59.768014,-32.331556],[-59.768112,-32.332],[-59.768159,-32.332326],[-59.76814,-32.332632],[-59.76809,-32.33277],[-59.767956,-32.332965],[-59.766991,-32.333824],[-59.766465,-32.334306],[-59.766311,-32.334667],[-59.766494,-32.334752],[-59.76667,-32.334861],[-59.766805,-32.335035],[-59.767054,-32.335407],[-59.767254,-32.335678],[-59.76741,-32.335844],[-59.767768,-32.336146],[-59.767924,-32.336317],[-59.768035,-32.336477],[-59.768078,-32.336627],[-59.768077,-32.336785],[-59.768026,-32.337121],[-59.768019,-32.337373],[-59.768094,-32.337596],[-59.768193,-32.337797],[-59.768318,-32.337994],[-59.768415,-32.338113],[-59.768632,-32.338349],[-59.768818,-32.338421],[-59.768981,-32.338389],[-59.76914,-32.33833],[-59.769621,-32.338063],[-59.769845,-32.33797],[-59.770073,-32.337976],[-59.770158,-32.338122],[-59.770169,-32.338267],[-59.770133,-32.33859],[-59.770175,-32.338834],[-59.770368,-32.338866],[-59.770984,-32.338837],[-59.771133,-32.338927],[-59.770916,-32.339187],[-59.770385,-32.339727],[-59.770131,-32.340009],[-59.770017,-32.340151],[-59.769764,-32.340478],[-59.769268,-32.34115],[-59.768837,-32.341688],[-59.768609,-32.341827],[-59.768391,-32.341911],[-59.768227,-32.34197],[-59.768079,-32.342043],[-59.767926,-32.342161],[-59.767838,-32.342321],[-59.7678,-32.342554],[-59.767808,-32.342712],[-59.767884,-32.342975],[-59.768032,-32.343218],[-59.768243,-32.343399],[-59.768448,-32.343535],[-59.768603,-32.343633],[-59.768745,-32.343741],[-59.768884,-32.343879],[-59.769006,-32.344099],[-59.769063,-32.344298],[-59.7691,-32.344511],[-59.769142,-32.344967],[-59.769173,-32.345297],[-59.769233,-32.345619],[-59.769294,-32.345764],[-59.769367,-32.345897],[-59.769477,-32.346012],[-59.769638,-32.346034],[-59.769973,-32.346025],[-59.770152,-32.346052],[-59.770251,-32.346167],[-59.770312,-32.346322],[-59.770349,-32.346494],[-59.770379,-32.346846],[-59.770428,-32.347087],[-59.770524,-32.347242],[-59.770678,-32.347368],[-59.770813,-32.347452],[-59.771108,-32.347613],[-59.771289,-32.34773],[-59.771447,-32.347915],[-59.771354,-32.348079],[-59.771114,-32.348244],[-59.77089,-32.348428],[-59.770724,-32.348694],[-59.770604,-32.348929],[-59.7705,-32.349098],[-59.770368,-32.349239],[-59.770149,-32.34935],[-59.769954,-32.349368],[-59.769796,-32.349359],[-59.769467,-32.349346],[-59.769161,-32.349302],[-59.768932,-32.349306],[-59.76871,-32.349367],[-59.76852,-32.349543],[-59.768509,-32.349718],[-59.768566,-32.349891],[-59.768604,-32.350027],[-59.768642,-32.350447],[-59.768679,-32.350592],[-59.768761,-32.350752],[-59.768893,-32.350927],[-59.769063,-32.351071],[-59.769452,-32.351342],[-59.769623,-32.35145],[-59.769792,-32.351477],[-59.770038,-32.351434],[-59.770676,-32.351396],[-59.770997,-32.351391],[-59.771312,-32.351412],[-59.771473,-32.351439],[-59.771668,-32.351484],[-59.771811,-32.351556],[-59.772003,-32.351687],[-59.772194,-32.351858],[-59.772353,-32.35207],[-59.772408,-32.352256],[-59.772422,-32.35245],[-59.772483,-32.352663],[-59.772748,-32.353067],[-59.772892,-32.353268],[-59.773137,-32.35355],[-59.773856,-32.354001],[-59.7749,-32.354428],[-59.775162,-32.354521],[-59.775353,-32.354598],[-59.775619,-32.354785],[-59.775749,-32.354959],[-59.77581,-32.355114],[-59.775831,-32.355268],[-59.775822,-32.355587],[-59.775829,-32.355826],[-59.775863,-32.356075],[-59.775943,-32.356573],[-59.77597,-32.356943],[-59.775933,-32.357316],[-59.775879,-32.357499],[-59.775776,-32.357695],[-59.775597,-32.357893],[-59.775452,-32.358016],[-59.775288,-32.358128],[-59.774952,-32.358345],[-59.774589,-32.358606],[-59.774441,-32.358756],[-59.774179,-32.359033],[-59.773639,-32.359587],[-59.7734,-32.359873],[-59.773297,-32.360024],[-59.773118,-32.360335],[-59.773057,-32.360491],[-59.772995,-32.360746],[-59.772979,-32.360908],[-59.77298,-32.361237],[-59.773014,-32.361567],[-59.773126,-32.362223],[-59.773193,-32.362716],[-59.7732,-32.362964],[-59.773202,-32.363279],[-59.773144,-32.364458],[-59.773087,-32.366083],[-59.773071,-32.36638],[-59.773002,-32.366973],[-59.772783,-32.368135],[-59.772656,-32.368704],[-59.772545,-32.368985],[-59.772397,-32.369197],[-59.772212,-32.369409],[-59.771788,-32.369817],[-59.77147,-32.37012],[-59.771199,-32.370424],[-59.771095,-32.370574],[-59.770991,-32.370806],[-59.771014,-32.370978],[-59.7711,-32.371115],[-59.771233,-32.371249],[-59.771566,-32.371528],[-59.771816,-32.371733],[-59.771946,-32.371876],[-59.772054,-32.37205],[-59.772056,-32.372207],[-59.771813,-32.373071],[-59.771667,-32.373527],[-59.771499,-32.373982],[-59.771415,-32.3742],[-59.771241,-32.374593],[-59.770871,-32.375372],[-59.770576,-32.376053],[-59.770538,-32.376237],[-59.770512,-32.376804],[-59.770452,-32.377091],[-59.770394,-32.377229],[-59.770265,-32.377424],[-59.770096,-32.377623],[-59.769936,-32.377767],[-59.769806,-32.377863],[-59.769536,-32.378045],[-59.769241,-32.3782],[-59.768631,-32.378495],[-59.768443,-32.37854],[-59.768276,-32.378549],[-59.768101,-32.378527],[-59.767737,-32.378468],[-59.767321,-32.378439],[-59.767155,-32.37848],[-59.767032,-32.37858],[-59.76694,-32.378704],[-59.766777,-32.378966],[-59.766642,-32.379237],[-59.766411,-32.379785],[-59.766231,-32.380191],[-59.766124,-32.380386],[-59.765896,-32.380736],[-59.765393,-32.381435],[-59.76516,-32.38179],[-59.765053,-32.381967],[-59.765003,-32.382101],[-59.765003,-32.38225],[-59.765075,-32.382464],[-59.765185,-32.382656],[-59.765618,-32.383234],[-59.765773,-32.383518],[-59.765813,-32.383654],[-59.765795,-32.383856],[-59.765674,-32.38406],[-59.765525,-32.384205],[-59.765338,-32.384336],[-59.764912,-32.384582],[-59.764603,-32.384767],[-59.764356,-32.384982],[-59.764264,-32.385097],[-59.764193,-32.385298],[-59.764144,-32.385729],[-59.764136,-32.385936],[-59.764136,-32.386751],[-59.764157,-32.387054],[-59.764239,-32.387655],[-59.764295,-32.388112],[-59.764298,-32.388477],[-59.764278,-32.38872],[-59.764186,-32.389312],[-59.764114,-32.389526],[-59.764014,-32.389731],[-59.763797,-32.390145],[-59.763662,-32.390452],[-59.763611,-32.390613],[-59.763569,-32.39081],[-59.763556,-32.390945],[-59.763539,-32.391215],[-59.76355,-32.39149],[-59.763591,-32.392045],[-59.763611,-32.39246],[-59.763612,-32.392735],[-59.763599,-32.39287],[-59.763573,-32.393072],[-59.763496,-32.393367],[-59.763307,-32.393845],[-59.76316,-32.394152],[-59.762857,-32.394775],[-59.762638,-32.395247],[-59.762536,-32.395492],[-59.762178,-32.396461],[-59.762017,-32.396943],[-59.761883,-32.397435],[-59.76181,-32.397776],[-59.761837,-32.39797],[-59.761905,-32.398161],[-59.762084,-32.398553],[-59.76218,-32.39884],[-59.762183,-32.398988],[-59.762147,-32.399195],[-59.762025,-32.39962],[-59.761971,-32.399943],[-59.761963,-32.400258],[-59.761967,-32.400889],[-59.76199,-32.401344],[-59.762036,-32.40162],[-59.762195,-32.401769],[-59.762433,-32.401883],[-59.762597,-32.401968],[-59.762691,-32.402101],[-59.762729,-32.402278],[-59.762866,-32.402403],[-59.763107,-32.402405],[-59.763351,-32.402348],[-59.763612,-32.402341],[-59.764329,-32.402554],[-59.764678,-32.402671],[-59.76521,-32.402869],[-59.76554,-32.402986],[-59.766223,-32.403192],[-59.766548,-32.403313],[-59.766697,-32.403385],[-59.766954,-32.403567],[-59.767059,-32.403673],[-59.767145,-32.403797],[-59.767216,-32.403957],[-59.767265,-32.404138],[-59.767285,-32.404315],[-59.767278,-32.404684],[-59.767284,-32.40509],[-59.76749,-32.406541],[-59.76749,-32.406843],[-59.767441,-32.407094],[-59.767361,-32.40734],[-59.767162,-32.407835],[-59.76703,-32.408201],[-59.766956,-32.408569],[-59.766952,-32.408753],[-59.767006,-32.409025],[-59.767129,-32.409307],[-59.767251,-32.409518],[-59.767471,-32.409821],[-59.76796,-32.41041],[-59.768192,-32.4107],[-59.7683,-32.410856],[-59.768435,-32.411089],[-59.768574,-32.411368],[-59.768817,-32.411937],[-59.768947,-32.41222],[-59.769093,-32.412467],[-59.769261,-32.412674],[-59.769391,-32.412808],[-59.769664,-32.413058],[-59.769867,-32.413248],[-59.770138,-32.413552],[-59.770241,-32.413717],[-59.770295,-32.413894],[-59.770448,-32.414164],[-59.770533,-32.414297],[-59.770673,-32.414485],[-59.77095,-32.414826],[-59.771556,-32.415477],[-59.771995,-32.415979],[-59.772236,-32.416292],[-59.772339,-32.416452],[-59.7725,-32.416794],[-59.772475,-32.416974],[-59.772475,-32.417113],[-59.772503,-32.417375],[-59.772625,-32.417608],[-59.772819,-32.417672],[-59.77306,-32.417611],[-59.773698,-32.417609],[-59.77409,-32.417637],[-59.774287,-32.417701],[-59.774422,-32.417799],[-59.774525,-32.41795],[-59.774586,-32.418177],[-59.774552,-32.418383],[-59.774407,-32.41865],[-59.774323,-32.418787],[-59.774167,-32.418982],[-59.773891,-32.419263],[-59.773561,-32.41952],[-59.773373,-32.419646],[-59.772888,-32.419927],[-59.772652,-32.420047],[-59.77229,-32.420213],[-59.771914,-32.420334],[-59.771729,-32.420383],[-59.77135,-32.42045],[-59.771161,-32.420459],[-59.770871,-32.420456],[-59.769794,-32.42028],[-59.769794,-32.420875],[-59.769627,-32.421172],[-59.76952,-32.421399],[-59.769779,-32.421956],[-59.770343,-32.422173],[-59.770659,-32.42223],[-59.771641,-32.422337],[-59.772105,-32.422421],[-59.772324,-32.422485],[-59.772525,-32.422571],[-59.772702,-32.422679],[-59.772865,-32.42281],[-59.772994,-32.422894],[-59.773225,-32.422995],[-59.773705,-32.423151],[-59.774055,-32.423304],[-59.774201,-32.423394],[-59.77446,-32.423571],[-59.774692,-32.423776],[-59.774841,-32.423924],[-59.775124,-32.424255],[-59.775382,-32.424604],[-59.775506,-32.424783],[-59.775661,-32.425049],[-59.775795,-32.425318],[-59.775841,-32.42545],[-59.775908,-32.425722],[-59.775922,-32.425862],[-59.775917,-32.426069],[-59.775893,-32.426226],[-59.775829,-32.426535],[-59.775741,-32.426853],[-59.775535,-32.427483],[-59.775383,-32.427957],[-59.775326,-32.428194],[-59.775155,-32.428834],[-59.77476,-32.430135],[-59.774654,-32.430574],[-59.774612,-32.430785],[-59.774563,-32.431117],[-59.774529,-32.431548],[-59.77453,-32.431765],[-59.774558,-32.432085],[-59.774624,-32.432407],[-59.774668,-32.432566],[-59.774776,-32.43274],[-59.774983,-32.432898],[-59.775158,-32.432979],[-59.77535,-32.433047],[-59.77589,-32.433183],[-59.776199,-32.433213],[-59.776429,-32.433246],[-59.776611,-32.433305],[-59.776959,-32.433435],[-59.777135,-32.433499],[-59.777301,-32.43353],[-59.777598,-32.433537],[-59.777902,-32.433518],[-59.778239,-32.433522],[-59.778656,-32.433592],[-59.778859,-32.43366],[-59.779052,-32.433737],[-59.779224,-32.433849],[-59.779339,-32.433983],[-59.779415,-32.434143],[-59.779526,-32.434474],[-59.77964,-32.434698],[-59.779844,-32.43487],[-59.780088,-32.435025],[-59.780873,-32.435437],[-59.781258,-32.435659],[-59.781437,-32.435789],[-59.781723,-32.436036],[-59.781848,-32.436165],[-59.782021,-32.436377],[-59.782136,-32.436605],[-59.782199,-32.436899],[-59.7822,-32.437107],[-59.782177,-32.437313],[-59.782151,-32.437448],[-59.78207,-32.437689],[-59.781949,-32.437898],[-59.781803,-32.438047],[-59.781628,-32.438191],[-59.781236,-32.438456],[-59.780944,-32.438665],[-59.780702,-32.438893],[-59.78061,-32.439012],[-59.780544,-32.439146],[-59.78051,-32.439289],[-59.780505,-32.439429],[-59.78059,-32.439886],[-59.7806,-32.440035],[-59.780575,-32.44021],[-59.780228,-32.441161],[-59.780033,-32.441634],[-59.779828,-32.442106],[-59.779713,-32.442333],[-59.778591,-32.444548],[-59.778459,-32.444666],[-59.778293,-32.444761],[-59.778035,-32.444849],[-59.777794,-32.444892],[-59.777549,-32.444909],[-59.777095,-32.444906],[-59.776905,-32.444879],[-59.776753,-32.444812],[-59.776597,-32.444731],[-59.776296,-32.444534],[-59.776061,-32.444393],[-59.775913,-32.444322],[-59.775723,-32.444272],[-59.77547,-32.444292],[-59.775311,-32.444347],[-59.775054,-32.44448],[-59.77486,-32.444633],[-59.774665,-32.444808],[-59.774554,-32.444931],[-59.774365,-32.44517],[-59.774276,-32.445289],[-59.774129,-32.445537],[-59.774006,-32.445787],[-59.773786,-32.446295],[-59.773738,-32.446505],[-59.773754,-32.446749],[-59.773857,-32.446995],[-59.77406,-32.447023],[-59.774269,-32.447064],[-59.774348,-32.447215],[-59.774391,-32.447355],[-59.77442,-32.447496],[-59.774455,-32.447794],[-59.774489,-32.44802],[-59.774593,-32.448329],[-59.774689,-32.448467],[-59.77485,-32.448638],[-59.775079,-32.44886],[-59.7752,-32.448967],[-59.775583,-32.449251],[-59.775784,-32.449347],[-59.776459,-32.449567],[-59.776993,-32.450094],[-59.77708,-32.450781],[-59.777157,-32.450918],[-59.777334,-32.451193],[-59.777463,-32.451377],[-59.777752,-32.45174],[-59.777961,-32.452011],[-59.778155,-32.452287],[-59.778244,-32.452424],[-59.778358,-32.452634],[-59.778306,-32.453813],[-59.778068,-32.453983],[-59.777865,-32.454095],[-59.777547,-32.454227],[-59.776869,-32.454448],[-59.776546,-32.454566],[-59.776387,-32.454634],[-59.776168,-32.454759],[-59.775292,-32.455313],[-59.774864,-32.455618],[-59.774449,-32.455936],[-59.774246,-32.456111],[-59.773968,-32.45637],[-59.773792,-32.456541],[-59.773479,-32.456911],[-59.773326,-32.457101],[-59.773055,-32.457477],[-59.772804,-32.457867],[-59.772657,-32.458134],[-59.772372,-32.458663],[-59.772245,-32.459024],[-59.772216,-32.459226],[-59.772235,-32.459515],[-59.772312,-32.459679],[-59.772476,-32.459837],[-59.772898,-32.460068],[-59.773436,-32.460339],[-59.773842,-32.460503],[-59.77403,-32.460534],[-59.774611,-32.460545],[-59.774899,-32.460597],[-59.775131,-32.46072],[-59.775307,-32.460856],[-59.775414,-32.460976],[-59.775535,-32.461163],[-59.775589,-32.4613],[-59.77562,-32.461476],[-59.77567,-32.462744],[-59.775685,-32.463006],[-59.775714,-32.463529],[-59.775719,-32.463917],[-59.775677,-32.464109],[-59.775603,-32.464252],[-59.775505,-32.464393],[-59.775283,-32.464662],[-59.775132,-32.464866],[-59.774501,-32.465868],[-59.774165,-32.466355],[-59.773967,-32.466611],[-59.773533,-32.467087],[-59.773204,-32.467443],[-59.772594,-32.468162],[-59.772294,-32.468524],[-59.772132,-32.46874],[-59.772034,-32.468886],[-59.77185,-32.469188],[-59.771608,-32.46965],[-59.771173,-32.470595],[-59.771072,-32.470817],[-59.77101,-32.471054],[-59.771033,-32.471226],[-59.771119,-32.471364],[-59.771312,-32.471531],[-59.771599,-32.471664],[-59.771808,-32.471715],[-59.772011,-32.471742],[-59.772457,-32.471767],[-59.77259,-32.47169],[-59.77325,-32.471279],[-59.773479,-32.471487],[-59.773574,-32.471602],[-59.77369,-32.471777],[-59.773781,-32.472049],[-59.773773,-32.472265],[-59.7737,-32.472525],[-59.773614,-32.472703],[-59.773502,-32.472876],[-59.773247,-32.473221],[-59.77299,-32.473511],[-59.772858,-32.473639],[-59.772644,-32.473813],[-59.772408,-32.473965],[-59.772191,-32.474081],[-59.771858,-32.474176],[-59.771588,-32.474228],[-59.771384,-32.474263],[-59.771183,-32.474308],[-59.770946,-32.474396],[-59.77047,-32.474641],[-59.770247,-32.47477],[-59.769915,-32.474991],[-59.769603,-32.475245],[-59.769452,-32.475389],[-59.769168,-32.475671],[-59.769046,-32.475821],[-59.768897,-32.476042],[-59.768841,-32.476203],[-59.76881,-32.476405],[-59.768818,-32.47654],[-59.768859,-32.476807],[-59.768921,-32.477074],[-59.769093,-32.477611],[-59.769196,-32.478014],[-59.769234,-32.478218],[-59.769299,-32.478909],[-59.769359,-32.479113],[-59.769431,-32.479322],[-59.769498,-32.479455],[-59.769687,-32.479748],[-59.769891,-32.479839],[-59.770125,-32.47989],[-59.770343,-32.479986],[-59.770462,-32.480146],[-59.770669,-32.480665],[-59.770901,-32.480883],[-59.771209,-32.481035],[-59.771412,-32.481162],[-59.77151,-32.481318],[-59.771659,-32.481452],[-59.77201,-32.481601],[-59.772331,-32.481681],[-59.772571,-32.481746],[-59.772912,-32.481881],[-59.773065,-32.481975],[-59.773378,-32.482226],[-59.773525,-32.482352],[-59.773738,-32.482551],[-59.774001,-32.48286],[-59.774224,-32.483595],[-59.773971,-32.484454],[-59.773957,-32.485201],[-59.773875,-32.485411],[-59.773804,-32.485553],[-59.77364,-32.485824],[-59.773491,-32.485969],[-59.773342,-32.486051],[-59.773167,-32.486105],[-59.772776,-32.486185],[-59.772495,-32.486245],[-59.77225,-32.486338],[-59.772069,-32.486491],[-59.771983,-32.486656],[-59.771896,-32.486883],[-59.77184,-32.487107],[-59.771813,-32.48726],[-59.771768,-32.487565],[-59.771743,-32.487889],[-59.771745,-32.488051],[-59.771755,-32.488294],[-59.771819,-32.488652],[-59.771913,-32.488853],[-59.772107,-32.489065],[-59.77226,-32.48919],[-59.772784,-32.489537],[-59.773128,-32.489808],[-59.773258,-32.489969],[-59.773448,-32.490293],[-59.773538,-32.490471],[-59.773647,-32.490758],[-59.773706,-32.491048],[-59.773712,-32.491183],[-59.773662,-32.491461],[-59.773606,-32.491595],[-59.773464,-32.491776],[-59.77324,-32.491969],[-59.772941,-32.49215],[-59.772735,-32.492249],[-59.772517,-32.492324],[-59.772079,-32.492452],[-59.771908,-32.492471],[-59.77171,-32.492443],[-59.771534,-32.492393],[-59.771258,-32.492292],[-59.770718,-32.492026],[-59.770348,-32.491867],[-59.77014,-32.491812],[-59.769943,-32.491843],[-59.769836,-32.491994],[-59.769782,-32.492245],[-59.769764,-32.492452],[-59.769774,-32.492754],[-59.769799,-32.492953],[-59.769859,-32.493351],[-59.769928,-32.493803],[-59.769936,-32.494033],[-59.769928,-32.494195],[-59.769879,-32.494514],[-59.769905,-32.494677],[-59.77,-32.494841],[-59.770149,-32.494989],[-59.770453,-32.495182],[-59.770725,-32.495306],[-59.771023,-32.495444],[-59.771164,-32.495524],[-59.771356,-32.49566],[-59.771724,-32.495926],[-59.77208,-32.496152],[-59.772319,-32.496234],[-59.772538,-32.496276],[-59.773219,-32.496343],[-59.773387,-32.496388],[-59.773518,-32.496513],[-59.77349,-32.496652],[-59.773372,-32.496807],[-59.773196,-32.496969],[-59.773052,-32.497078],[-59.772746,-32.497295],[-59.772438,-32.497517],[-59.77109,-32.498546],[-59.770408,-32.499055],[-59.769871,-32.499411],[-59.76968,-32.499555],[-59.769318,-32.499866],[-59.768662,-32.500601],[-59.768297,-32.501218],[-59.768213,-32.501558],[-59.768188,-32.501792],[-59.768177,-32.502035],[-59.768181,-32.502508],[-59.768168,-32.502864],[-59.768154,-32.503039],[-59.7681,-32.503299],[-59.768027,-32.503464],[-59.767945,-32.503597],[-59.767837,-32.503725],[-59.767602,-32.50398],[-59.767436,-32.504161],[-59.767272,-32.504427],[-59.767349,-32.5046],[-59.767471,-32.504973],[-59.767514,-32.505167],[-59.767574,-32.506039],[-59.767978,-32.50663],[-59.768005,-32.50714],[-59.76809,-32.507273],[-59.768283,-32.507386],[-59.768441,-32.507422],[-59.768769,-32.50748],[-59.768924,-32.507515],[-59.769105,-32.507587],[-59.769439,-32.507781],[-59.7696,-32.507893],[-59.769795,-32.508087],[-59.769913,-32.508275],[-59.770077,-32.508662],[-59.770226,-32.50895],[-59.770595,-32.509504],[-59.770855,-32.509876],[-59.77139,-32.510606],[-59.771572,-32.5108],[-59.771751,-32.510935],[-59.771945,-32.511076],[-59.772358,-32.511339],[-59.772628,-32.511539],[-59.772892,-32.511888],[-59.772929,-32.512101],[-59.772927,-32.513863],[-59.772921,-32.514994],[-59.772922,-32.515205],[-59.772888,-32.515628],[-59.772866,-32.515947],[-59.772862,-32.516519],[-59.772869,-32.516903],[-59.772914,-32.517661],[-59.772938,-32.51781],[-59.773007,-32.5181],[-59.773109,-32.518378],[-59.773198,-32.518565],[-59.773395,-32.51893],[-59.77358,-32.519187],[-59.773759,-32.519377],[-59.773952,-32.519548],[-59.77438,-32.519875],[-59.77469,-32.520121],[-59.774957,-32.52039],[-59.775071,-32.520537],[-59.775206,-32.52077],[-59.775269,-32.520938],[-59.775382,-32.521284],[-59.775471,-32.521543],[-59.775631,-32.521921],[-59.77599,-32.522664],[-59.776149,-32.523033],[-59.776212,-32.523215],[-59.776223,-32.523355],[-59.776157,-32.52348],[-59.77594,-32.523618],[-59.775676,-32.523706],[-59.775472,-32.523755],[-59.775025,-32.523847],[-59.774682,-32.523915],[-59.774222,-32.524043],[-59.774044,-32.524133],[-59.77391,-32.524233],[-59.7738,-32.524406],[-59.773698,-32.52466],[-59.773646,-32.524839],[-59.773582,-32.525234],[-59.773579,-32.525531],[-59.773636,-32.525934],[-59.773778,-32.526208],[-59.773994,-32.526353],[-59.774266,-32.526482],[-59.774467,-32.526577],[-59.774639,-32.52668],[-59.774761,-32.526832],[-59.774888,-32.527732],[-59.774661,-32.528519],[-59.774563,-32.528652],[-59.774384,-32.528819],[-59.774228,-32.528936],[-59.773904,-32.529153],[-59.77357,-32.529352],[-59.772884,-32.529726],[-59.772689,-32.529816],[-59.772279,-32.529977],[-59.772076,-32.53007],[-59.771861,-32.530209],[-59.771645,-32.530375],[-59.771447,-32.530554],[-59.771323,-32.530682],[-59.771096,-32.530942],[-59.770942,-32.531145],[-59.770847,-32.531287],[-59.770677,-32.531575],[-59.770459,-32.532011],[-59.770328,-32.532319],[-59.770102,-32.532908],[-59.770065,-32.53306],[-59.77005,-32.533253],[-59.770076,-32.53343],[-59.770149,-32.533598],[-59.770282,-32.533764],[-59.770436,-32.533903],[-59.770741,-32.534082],[-59.771012,-32.534179],[-59.771186,-32.53422],[-59.771484,-32.534218],[-59.771791,-32.534181],[-59.77201,-32.534151],[-59.772342,-32.53415],[-59.772503,-32.534182],[-59.772811,-32.534284],[-59.772961,-32.534338],[-59.77317,-32.534433],[-59.773475,-32.534603],[-59.773757,-32.534827],[-59.773888,-32.534956],[-59.773995,-32.535085],[-59.774074,-32.535249],[-59.7741,-32.535408],[-59.774093,-32.537764],[-59.774089,-32.539075],[-59.774071,-32.53921],[-59.774007,-32.539357],[-59.773857,-32.539529],[-59.773685,-32.539659],[-59.773551,-32.539751],[-59.773269,-32.539914],[-59.773057,-32.54004],[-59.77276,-32.540248],[-59.772636,-32.540362],[-59.772485,-32.540561],[-59.772296,-32.540948],[-59.772228,-32.54114],[-59.772145,-32.541436],[-59.772111,-32.541728],[-59.772111,-32.541872],[-59.772152,-32.542143],[-59.772189,-32.542284],[-59.772278,-32.542484],[-59.77248,-32.542773],[-59.772751,-32.543001],[-59.772983,-32.543147],[-59.773227,-32.543324],[-59.773469,-32.543547],[-59.773576,-32.543667],[-59.773707,-32.543864],[-59.773818,-32.544105],[-59.773877,-32.544265],[-59.77396,-32.544596],[-59.773986,-32.544763],[-59.774001,-32.545101],[-59.773978,-32.545434],[-59.773941,-32.545654],[-59.773904,-32.545797],[-59.773663,-32.546444]]]}},{"type":"Feature","properties":{"departamento":"Nogoyá","distrito":"Crucecitas","techo_ha":1.3,"total_ha":42.26,"ep":93,"potencia_kwp":21129,"inversion_musd":14.8,"generacion_gwh":24.1,"co2_tn":10586},"geometry":{"type":"Polygon","coordinates":[[[-59.491562,-32.266578],[-59.488812,-32.266456],[-59.483273,-32.268461],[-59.473661,-32.215426],[-59.472378,-32.210862],[-59.470881,-32.205544],[-59.468346,-32.192864],[-59.464482,-32.173513],[-59.460831,-32.147797],[-59.479222,-32.131207],[-59.479214,-32.131063],[-59.479182,-32.130922],[-59.479093,-32.130636],[-59.478984,-32.130372],[-59.4789,-32.130198],[-59.478699,-32.129859],[-59.478486,-32.129542],[-59.478362,-32.129404],[-59.478131,-32.129217],[-59.476766,-32.128503],[-59.47597,-32.128062],[-59.475822,-32.127918],[-59.475748,-32.12779],[-59.475708,-32.127658],[-59.47572,-32.127474],[-59.475766,-32.127241],[-59.475797,-32.127062],[-59.475833,-32.126738],[-59.475838,-32.126482],[-59.4758,-32.1263],[-59.476228,-32.125902],[-59.475281,-32.125259],[-59.474659,-32.124836],[-59.474469,-32.124632],[-59.474133,-32.1242],[-59.473938,-32.123991],[-59.473732,-32.123823],[-59.473537,-32.123728],[-59.473328,-32.123659],[-59.472867,-32.123547],[-59.472713,-32.123471],[-59.472727,-32.123313],[-59.472851,-32.123123],[-59.472942,-32.122909],[-59.472949,-32.122774],[-59.472973,-32.1225],[-59.472954,-32.122301],[-59.472901,-32.122169],[-59.472775,-32.122004],[-59.472613,-32.121882],[-59.472339,-32.121789],[-59.472062,-32.121754],[-59.471843,-32.121734],[-59.471643,-32.12172],[-59.471222,-32.121721],[-59.470916,-32.121695],[-59.470565,-32.121586],[-59.470413,-32.121496],[-59.470271,-32.12138],[-59.470174,-32.121233],[-59.470212,-32.121067],[-59.470336,-32.120859],[-59.47039,-32.12064],[-59.470285,-32.120348],[-59.470203,-32.120206],[-59.470039,-32.119994],[-59.469924,-32.119888],[-59.469761,-32.119789],[-59.469486,-32.119704],[-59.469254,-32.119684],[-59.469092,-32.119693],[-59.468776,-32.11972],[-59.468545,-32.119746],[-59.468193,-32.119736],[-59.468025,-32.119699],[-59.467411,-32.119511],[-59.466507,-32.119256],[-59.466291,-32.11911],[-59.466099,-32.118925],[-59.465945,-32.118799],[-59.465753,-32.118717],[-59.465508,-32.118683],[-59.465332,-32.118633],[-59.465057,-32.118486],[-59.464942,-32.118388],[-59.464843,-32.118277],[-59.46475,-32.118094],[-59.464663,-32.11779],[-59.464602,-32.117585],[-59.464428,-32.117567],[-59.463595,-32.117485],[-59.463042,-32.116929],[-59.462655,-32.116324],[-59.462562,-32.11606],[-59.462369,-32.115653],[-59.462197,-32.115365],[-59.46205,-32.115198],[-59.461884,-32.11505],[-59.461522,-32.114756],[-59.461266,-32.114528],[-59.461105,-32.114325],[-59.460971,-32.114033],[-59.460896,-32.113778],[-59.460839,-32.113592],[-59.460723,-32.113319],[-59.460574,-32.113134],[-59.460324,-32.112961],[-59.460079,-32.112855],[-59.459903,-32.112764],[-59.459668,-32.112613],[-59.459504,-32.112406],[-59.459386,-32.112159],[-59.459274,-32.11199],[-59.45901,-32.111685],[-59.458468,-32.111043],[-59.458479,-32.110895],[-59.458176,-32.1104],[-59.458092,-32.110249],[-59.457921,-32.109942],[-59.457784,-32.109722],[-59.457298,-32.109078],[-59.456757,-32.108351],[-59.456774,-32.108171],[-59.456536,-32.107619],[-59.456338,-32.10687],[-59.456344,-32.106708],[-59.456411,-32.106422],[-59.456521,-32.106249],[-59.456612,-32.106013],[-59.456658,-32.10578],[-59.456632,-32.105635],[-59.456543,-32.105471],[-59.456462,-32.105243],[-59.456467,-32.105036],[-59.456339,-32.104843],[-59.45607,-32.104705],[-59.455779,-32.10462],[-59.455205,-32.104473],[-59.454144,-32.104205],[-59.453976,-32.104169],[-59.453644,-32.104123],[-59.453392,-32.104085],[-59.452779,-32.103982],[-59.452472,-32.10391],[-59.452293,-32.10382],[-59.452167,-32.103717],[-59.452049,-32.103615],[-59.451852,-32.103384],[-59.451683,-32.103226],[-59.451538,-32.103145],[-59.451234,-32.103006],[-59.451024,-32.102888],[-59.4506,-32.102565],[-59.450406,-32.102388],[-59.449684,-32.101697],[-59.449349,-32.101331],[-59.449085,-32.101031],[-59.448577,-32.100404],[-59.4486,-32.100157],[-59.447768,-32.099219],[-59.446839,-32.098139],[-59.446595,-32.098082],[-59.44645,-32.098002],[-59.446368,-32.097869],[-59.446279,-32.097578],[-59.446223,-32.097432],[-59.446114,-32.097262],[-59.445947,-32.097064],[-59.445808,-32.096808],[-59.445816,-32.096475],[-59.445737,-32.096333],[-59.445619,-32.096176],[-59.445366,-32.095944],[-59.445038,-32.095727],[-59.444834,-32.095654],[-59.444694,-32.095587],[-59.444348,-32.095298],[-59.444167,-32.095041],[-59.444099,-32.094755],[-59.444001,-32.09463],[-59.443806,-32.094472],[-59.443642,-32.094269],[-59.443573,-32.094123],[-59.443424,-32.093664],[-59.443257,-32.093344],[-59.443032,-32.093058],[-59.442859,-32.092882],[-59.44251,-32.092543],[-59.442284,-32.092357],[-59.442127,-32.09224],[-59.441699,-32.091957],[-59.441478,-32.091852],[-59.441238,-32.091782],[-59.441078,-32.091741],[-59.440788,-32.091711],[-59.440667,-32.09182],[-59.440574,-32.092047],[-59.440429,-32.092165],[-59.440097,-32.092115],[-59.439921,-32.092083],[-59.439654,-32.092017],[-59.43928,-32.091894],[-59.438844,-32.091697],[-59.437993,-32.09133],[-59.43781,-32.091194],[-59.437644,-32.091028],[-59.437509,-32.090911],[-59.437358,-32.09083],[-59.437202,-32.090776],[-59.436931,-32.090742],[-59.436646,-32.090765],[-59.436401,-32.090894],[-59.43621,-32.091032],[-59.436066,-32.091136],[-59.435912,-32.091218],[-59.435703,-32.09127],[-59.435467,-32.091282],[-59.434865,-32.091265],[-59.434597,-32.091271],[-59.434268,-32.091225],[-59.434112,-32.091153],[-59.433948,-32.091027],[-59.433849,-32.090916],[-59.433769,-32.090797],[-59.433638,-32.09055],[-59.433545,-32.090358],[-59.433392,-32.090088],[-59.433108,-32.089548],[-59.432883,-32.089145],[-59.43277,-32.088985],[-59.432494,-32.088675],[-59.432316,-32.088431],[-59.432223,-32.088226],[-59.432185,-32.088054],[-59.432132,-32.087651],[-59.43211,-32.087452],[-59.432101,-32.08715],[-59.432107,-32.086659],[-59.432107,-32.086321],[-59.432059,-32.08618],[-59.431911,-32.086046],[-59.431774,-32.085974],[-59.431517,-32.085895],[-59.431318,-32.085862],[-59.431119,-32.085861],[-59.430721,-32.08589],[-59.430432,-32.0859],[-59.429603,-32.085854],[-59.429368,-32.085861],[-59.429091,-32.085826],[-59.428929,-32.085705],[-59.428485,-32.08521],[-59.427962,-32.085472],[-59.427838,-32.084845],[-59.427662,-32.084822],[-59.427531,-32.08471],[-59.427501,-32.084524],[-59.427549,-32.084332],[-59.427568,-32.084112],[-59.427463,-32.083735],[-59.427364,-32.083493],[-59.427215,-32.083314],[-59.426959,-32.083095],[-59.426822,-32.082946],[-59.42675,-32.082746],[-59.426781,-32.082567],[-59.426902,-32.082399],[-59.427098,-32.082247],[-59.427222,-32.082115],[-59.427453,-32.081761],[-59.427545,-32.081579],[-59.427605,-32.081396],[-59.427616,-32.081234],[-59.427533,-32.080993],[-59.427537,-32.080619],[-59.427558,-32.080431],[-59.427602,-32.080243],[-59.427667,-32.080069],[-59.427758,-32.079914],[-59.427869,-32.079768],[-59.428121,-32.079487],[-59.428356,-32.079156],[-59.428467,-32.078884],[-59.428489,-32.078741],[-59.428475,-32.078605],[-59.428394,-32.07845],[-59.428269,-32.07827],[-59.428124,-32.078104],[-59.427796,-32.077766],[-59.427565,-32.077516],[-59.427413,-32.077282],[-59.427251,-32.076962],[-59.427114,-32.076882],[-59.42693,-32.076836],[-59.426618,-32.07685],[-59.426362,-32.076892],[-59.426171,-32.076918],[-59.425938,-32.076916],[-59.425572,-32.076874],[-59.425393,-32.076838],[-59.425212,-32.076792],[-59.425012,-32.07671],[-59.424802,-32.076596],[-59.424604,-32.076464],[-59.424225,-32.076187],[-59.423934,-32.07599],[-59.423779,-32.075909],[-59.423542,-32.075808],[-59.423055,-32.075609],[-59.422699,-32.075441],[-59.422432,-32.07529],[-59.422245,-32.075208],[-59.421735,-32.075],[-59.421619,-32.074902],[-59.421573,-32.07472],[-59.421672,-32.074493],[-59.421807,-32.074303],[-59.421989,-32.07398],[-59.42208,-32.073595],[-59.422116,-32.073222],[-59.422022,-32.072908],[-59.42191,-32.072752],[-59.421627,-32.072523],[-59.42139,-32.07244],[-59.421214,-32.072462],[-59.421,-32.072596],[-59.420169,-32.072951],[-59.419727,-32.073082],[-59.419536,-32.073108],[-59.419303,-32.073097],[-59.41911,-32.073047],[-59.418803,-32.072908],[-59.418212,-32.072584],[-59.4174,-32.072111],[-59.417191,-32.071974],[-59.416799,-32.071657],[-59.416504,-32.071419],[-59.416364,-32.071347],[-59.416027,-32.071239],[-59.415876,-32.071108],[-59.415852,-32.070909],[-59.41592,-32.070654],[-59.416012,-32.070477],[-59.416333,-32.069959],[-59.416564,-32.069551],[-59.416699,-32.069347],[-59.416793,-32.069224],[-59.417001,-32.068991],[-59.417153,-32.068815],[-59.417331,-32.068586],[-59.417421,-32.068467],[-59.417529,-32.068204],[-59.417514,-32.068046],[-59.41747,-32.067738],[-59.417426,-32.067584],[-59.41731,-32.067301],[-59.417228,-32.067173],[-59.417084,-32.066984],[-59.416903,-32.066812],[-59.416736,-32.06669],[-59.416578,-32.066614],[-59.416413,-32.06656],[-59.416075,-32.066469],[-59.415726,-32.066351],[-59.415546,-32.066215],[-59.415223,-32.065886],[-59.415032,-32.065764],[-59.414856,-32.065723],[-59.414647,-32.065726],[-59.413764,-32.065638],[-59.413327,-32.065585],[-59.412667,-32.065485],[-59.412023,-32.065386],[-59.411697,-32.065327],[-59.411386,-32.065241],[-59.411231,-32.065196],[-59.410937,-32.065075],[-59.4108,-32.064995],[-59.410596,-32.064863],[-59.410375,-32.06465],[-59.410226,-32.064456],[-59.410057,-32.064249],[-59.409886,-32.064077],[-59.409516,-32.063738],[-59.409251,-32.063478],[-59.409196,-32.063341],[-59.409175,-32.063129],[-59.409069,-32.062986],[-59.408719,-32.062683],[-59.408757,-32.062518],[-59.408874,-32.0623],[-59.409039,-32.062071],[-59.409169,-32.061926],[-59.409442,-32.061636],[-59.409587,-32.06151],[-59.409882,-32.061288],[-59.410019,-32.061166],[-59.410149,-32.061003],[-59.410248,-32.060785],[-59.410352,-32.060639],[-59.411077,-32.059813],[-59.410739,-32.059312],[-59.410073,-32.058843],[-59.409893,-32.058775],[-59.409482,-32.058722],[-59.409294,-32.058663],[-59.409163,-32.05856],[-59.40903,-32.058313],[-59.408953,-32.058041],[-59.408908,-32.057909],[-59.408813,-32.057762],[-59.408592,-32.057535],[-59.408394,-32.05734],[-59.40801,-32.057149],[-59.407635,-32.057188],[-59.406894,-32.057329],[-59.406525,-32.057364],[-59.406292,-32.057366],[-59.40612,-32.057303],[-59.40598,-32.057177],[-59.405907,-32.057008],[-59.405891,-32.056864],[-59.405892,-32.056638],[-59.405857,-32.056399],[-59.40577,-32.056243],[-59.405599,-32.056098],[-59.405293,-32.055927],[-59.405067,-32.055826],[-59.404873,-32.055722],[-59.404762,-32.055575],[-59.404599,-32.055291],[-59.404443,-32.055214],[-59.404227,-32.055262],[-59.403995,-32.055373],[-59.403671,-32.055476],[-59.403523,-32.055418],[-59.403168,-32.054953],[-59.402896,-32.054598],[-59.4029,-32.054436],[-59.402978,-32.054136],[-59.402982,-32.053961],[-59.402892,-32.053818],[-59.402635,-32.053644],[-59.402446,-32.053391],[-59.402372,-32.053263],[-59.402324,-32.053068],[-59.402374,-32.052876],[-59.402551,-32.052615],[-59.40285,-32.052326],[-59.402892,-32.052134],[-59.402915,-32.051882],[-59.40297,-32.051149],[-59.402986,-32.050821],[-59.402974,-32.050654],[-59.402878,-32.050471],[-59.402768,-32.050373],[-59.402524,-32.05019],[-59.401924,-32.049777],[-59.401696,-32.049658],[-59.401438,-32.049475],[-59.40136,-32.049261],[-59.401371,-32.049036],[-59.40149,-32.0489],[-59.401676,-32.048878],[-59.401925,-32.04866],[-59.402028,-32.048536],[-59.402131,-32.048346],[-59.402081,-32.048191],[-59.401839,-32.048017],[-59.401672,-32.047914],[-59.401322,-32.047723],[-59.400779,-32.047483],[-59.400535,-32.047413],[-59.40042,-32.047315],[-59.400285,-32.047122],[-59.400199,-32.046953],[-59.400154,-32.046816],[-59.400127,-32.04664],[-59.400154,-32.046492],[-59.400319,-32.046199],[-59.400483,-32.045974],[-59.400765,-32.045604],[-59.40092,-32.045437],[-59.401101,-32.045275],[-59.401355,-32.045188],[-59.401616,-32.045209],[-59.401863,-32.045117],[-59.402366,-32.044906],[-59.402862,-32.044722],[-59.403108,-32.04467],[-59.403318,-32.044581],[-59.403352,-32.044443],[-59.403289,-32.044297],[-59.402839,-32.043834],[-59.402707,-32.043681],[-59.402554,-32.043537],[-59.402227,-32.043266],[-59.401989,-32.043061],[-59.401744,-32.04282],[-59.401221,-32.042265],[-59.401047,-32.042057],[-59.400814,-32.041933],[-59.40033,-32.041717],[-59.399972,-32.041553],[-59.398708,-32.040932],[-59.398349,-32.040723],[-59.398179,-32.040606],[-59.39794,-32.040414],[-59.397732,-32.040201],[-59.397636,-32.040086],[-59.397554,-32.039957],[-59.3974,-32.039696],[-59.397278,-32.039504],[-59.396948,-32.039003],[-59.396743,-32.038772],[-59.396339,-32.038427],[-59.395981,-32.038115],[-59.395784,-32.037956],[-59.395356,-32.037656],[-59.395001,-32.037403],[-59.394145,-32.03686],[-59.393902,-32.036849],[-59.393641,-32.036886],[-59.393448,-32.036903],[-59.393176,-32.036886],[-59.393005,-32.036792],[-59.392841,-32.036584],[-59.39271,-32.036346],[-59.39253,-32.036102],[-59.392188,-32.035836],[-59.392011,-32.035713],[-59.391822,-32.035605],[-59.391666,-32.035541],[-59.391457,-32.035531],[-59.391235,-32.035543],[-59.390995,-32.035522],[-59.390798,-32.035422],[-59.390293,-32.035079],[-59.39011,-32.035024],[-59.389813,-32.034984],[-59.389615,-32.034965],[-59.389209,-32.034944],[-59.388976,-32.034938],[-59.388516,-32.034952],[-59.388291,-32.034945],[-59.388036,-32.034915],[-59.38776,-32.034862],[-59.387488,-32.034792],[-59.386958,-32.034623],[-59.386798,-32.034578],[-59.386471,-32.034506],[-59.386109,-32.03436],[-59.385971,-32.034235],[-59.385613,-32.033774],[-59.385009,-32.033],[-59.384845,-32.032865],[-59.384662,-32.032751],[-59.384263,-32.032537],[-59.383984,-32.032367],[-59.383797,-32.032154],[-59.383779,-32.031942],[-59.383815,-32.0317],[-59.383838,-32.031525],[-59.383834,-32.031358],[-59.383735,-32.031189],[-59.383559,-32.031071],[-59.383404,-32.030994],[-59.383237,-32.030931],[-59.382877,-32.030817],[-59.382607,-32.030737],[-59.382236,-32.030574],[-59.382084,-32.030461],[-59.38163,-32.030043],[-59.381028,-32.029408],[-59.380897,-32.029238],[-59.380786,-32.029109],[-59.380397,-32.028723],[-59.380126,-32.028477],[-59.379577,-32.027993],[-59.378455,-32.027064],[-59.378117,-32.026798],[-59.377358,-32.026267],[-59.377109,-32.02621],[-59.376937,-32.026007],[-59.376601,-32.025597],[-59.376349,-32.025287],[-59.375873,-32.024747],[-59.37571,-32.024593],[-59.375531,-32.024453],[-59.375404,-32.024368],[-59.375066,-32.024165],[-59.37491,-32.024111],[-59.374736,-32.024084],[-59.374389,-32.024033],[-59.374022,-32.02395],[-59.373862,-32.023851],[-59.373491,-32.023485],[-59.373304,-32.023394],[-59.373127,-32.023389],[-59.372867,-32.023417],[-59.372632,-32.023406],[-59.3723,-32.023302],[-59.372147,-32.023225],[-59.372014,-32.023123],[-59.371911,-32.022989],[-59.371845,-32.022852],[-59.37181,-32.022716],[-59.371781,-32.02244],[-59.371773,-32.022246],[-59.371783,-32.021868],[-59.37182,-32.021603],[-59.371911,-32.021444],[-59.372073,-32.02134],[-59.372264,-32.021269],[-59.372466,-32.02118],[-59.372749,-32.020959],[-59.372959,-32.02087],[-59.373085,-32.020752],[-59.373142,-32.020515],[-59.373177,-32.020372],[-59.373351,-32.020111],[-59.373536,-32.019913],[-59.373669,-32.019764],[-59.373784,-32.01961],[-59.373876,-32.019419],[-59.373908,-32.019068],[-59.373878,-32.018892],[-59.373803,-32.018723],[-59.373661,-32.018566],[-59.373474,-32.018411],[-59.373265,-32.018203],[-59.373134,-32.017992],[-59.372983,-32.01792],[-59.371675,-32.017909],[-59.371344,-32.017909],[-59.370972,-32.017907],[-59.370811,-32.017889],[-59.370594,-32.01782],[-59.370342,-32.017705],[-59.370182,-32.017614],[-59.369885,-32.017426],[-59.369653,-32.017284],[-59.369072,-32.016938],[-59.368691,-32.01668],[-59.36846,-32.016493],[-59.368312,-32.016362],[-59.368037,-32.016084],[-59.367978,-32.015929],[-59.368015,-32.015728],[-59.368084,-32.015586],[-59.368191,-32.015476],[-59.368458,-32.01529],[-59.368714,-32.015009],[-59.368779,-32.014844],[-59.368771,-32.014709],[-59.368676,-32.014571],[-59.368515,-32.014445],[-59.368362,-32.014359],[-59.368169,-32.014291],[-59.367763,-32.014207],[-59.367467,-32.014126],[-59.366981,-32.013923],[-59.36675,-32.013808],[-59.366431,-32.013583],[-59.366212,-32.013315],[-59.366078,-32.013082],[-59.365948,-32.012767],[-59.365883,-32.012531],[-59.365811,-32.012349],[-59.365693,-32.012201],[-59.365494,-32.012074],[-59.365322,-32.012006],[-59.3651,-32.01195],[-59.364655,-32.01191],[-59.364327,-32.011842],[-59.363881,-32.011685],[-59.363114,-32.011411],[-59.363026,-32.011183],[-59.362515,-32.010993],[-59.36251,-32.010452],[-59.362914,-32.01013],[-59.363061,-32.009693],[-59.362992,-32.009371],[-59.362857,-32.009155],[-59.362774,-32.008991],[-59.362658,-32.008704],[-59.362614,-32.008558],[-59.362591,-32.008413],[-59.362662,-32.008276],[-59.362709,-32.008102],[-59.362763,-32.007738],[-59.362862,-32.007372],[-59.362946,-32.007189],[-59.36298,-32.007051],[-59.36298,-32.006789],[-59.363003,-32.006083],[-59.363099,-32.005851],[-59.363293,-32.005366],[-59.363331,-32.005133],[-59.36345,-32.004798],[-59.363541,-32.004575],[-59.363759,-32.004131],[-59.363934,-32.003843],[-59.364056,-32.003653],[-59.364334,-32.003292],[-59.364552,-32.003068],[-59.36468,-32.002973],[-59.364982,-32.00281],[-59.365392,-32.002552],[-59.365636,-32.002455],[-59.365763,-32.00231],[-59.365845,-32.00211],[-59.365867,-32.001966],[-59.365847,-32.001722],[-59.365791,-32.001549],[-59.365567,-32.001196],[-59.365445,-32.001071],[-59.365264,-32.000967],[-59.365044,-32.00092],[-59.364864,-32.000915],[-59.364588,-32.000938],[-59.363643,-32.000887],[-59.363051,-32.00083],[-59.362657,-32.000661],[-59.362121,-32.000633],[-59.361797,-32.000393],[-59.361544,-31.999971],[-59.361276,-31.999759],[-59.360924,-31.999618],[-59.360445,-31.9999],[-59.360064,-31.999745],[-59.359486,-31.999618],[-59.35905,-31.999576],[-59.358613,-31.999478],[-59.358105,-31.999478],[-59.357866,-31.999294],[-59.357457,-31.999252],[-59.357204,-31.999069],[-59.356865,-31.999111],[-59.356445,-31.999368],[-59.356076,-31.999435],[-59.355766,-31.999365],[-59.355513,-31.999153],[-59.355329,-31.998801],[-59.355329,-31.998336],[-59.355344,-31.997984],[-59.355358,-31.997533],[-59.355541,-31.997251],[-59.355823,-31.997181],[-59.356133,-31.996589],[-59.356122,-31.995861],[-59.356023,-31.995692],[-59.355906,-31.995499],[-59.355702,-31.995322],[-59.355084,-31.994845],[-59.354811,-31.994314],[-59.354892,-31.993087],[-59.356064,-31.992386],[-59.355866,-31.991448],[-59.355186,-31.990451],[-59.354505,-31.989508],[-59.353615,-31.988617],[-59.353427,-31.988296],[-59.353485,-31.987564],[-59.354453,-31.986749],[-59.35501,-31.985697],[-59.355019,-31.984463],[-59.355026,-31.983819],[-59.354834,-31.983458],[-59.353931,-31.983053],[-59.353497,-31.983059],[-59.352619,-31.983398],[-59.351649,-31.98433],[-59.350705,-31.984343],[-59.350345,-31.98409],[-59.350231,-31.983704],[-59.350421,-31.982916],[-59.35091,-31.981917],[-59.351468,-31.981041],[-59.352574,-31.980343],[-59.352786,-31.979114],[-59.352867,-31.977945],[-59.352866,-31.97777],[-59.352532,-31.976652],[-59.351437,-31.97594],[-59.350681,-31.975702],[-59.34993,-31.974757],[-59.349724,-31.974638],[-59.348347,-31.97504],[-59.348072,-31.975167],[-59.347573,-31.975631],[-59.347241,-31.975684],[-59.347038,-31.975448],[-59.346901,-31.975327],[-59.34665,-31.974171],[-59.346588,-31.973007],[-59.346478,-31.972265],[-59.346328,-31.971905],[-59.346162,-31.971756],[-59.345669,-31.971661],[-59.345304,-31.971547],[-59.344829,-31.971136],[-59.344818,-31.970794],[-59.34489,-31.970655],[-59.344944,-31.97055],[-59.345383,-31.970094],[-59.345654,-31.96998],[-59.346268,-31.969957],[-59.346553,-31.969893],[-59.346681,-31.969807],[-59.347306,-31.969158],[-59.34737,-31.968827],[-59.347234,-31.968588],[-59.346827,-31.96818],[-59.346599,-31.968016],[-59.346073,-31.967735],[-59.345745,-31.967478],[-59.345671,-31.967277],[-59.345813,-31.966835],[-59.345952,-31.966659],[-59.347119,-31.966143],[-59.347673,-31.964983],[-59.347642,-31.964762],[-59.34707,-31.964403],[-59.346653,-31.964107],[-59.346147,-31.963349],[-59.346185,-31.962999],[-59.346733,-31.96242],[-59.347079,-31.961898],[-59.346337,-31.960962],[-59.345727,-31.960553],[-59.345517,-31.960245],[-59.345459,-31.959563],[-59.34642,-31.95887],[-59.346421,-31.958631],[-59.345879,-31.957584],[-59.34575,-31.957296],[-59.345505,-31.95715],[-59.344952,-31.956913],[-59.344658,-31.956648],[-59.344529,-31.956239],[-59.344288,-31.955452],[-59.34433,-31.955075],[-59.34481,-31.954611],[-59.345841,-31.953803],[-59.345958,-31.95359],[-59.345879,-31.953047],[-59.345574,-31.952755],[-59.344212,-31.952513],[-59.343876,-31.952399],[-59.343399,-31.951286],[-59.342721,-31.950934],[-59.342035,-31.951454],[-59.341079,-31.951242],[-59.340677,-31.950924],[-59.340675,-31.95069],[-59.340907,-31.949904],[-59.341163,-31.949587],[-59.342189,-31.948837],[-59.34295,-31.947899],[-59.343231,-31.946677],[-59.341938,-31.946496],[-59.34146,-31.946491],[-59.341187,-31.946375],[-59.340374,-31.945442],[-59.340308,-31.944971],[-59.340312,-31.944742],[-59.34028,-31.943957],[-59.340527,-31.943577],[-59.341483,-31.943523],[-59.341887,-31.943584],[-59.342769,-31.943191],[-59.342984,-31.942837],[-59.342656,-31.941376],[-59.342522,-31.94103],[-59.341773,-31.94068],[-59.340409,-31.940902],[-59.339862,-31.940958],[-59.339561,-31.941035],[-59.338947,-31.941256],[-59.338567,-31.941186],[-59.338429,-31.941065],[-59.338229,-31.939902],[-59.337835,-31.938737],[-59.337359,-31.938264],[-59.336474,-31.937738],[-59.336242,-31.937592],[-59.335324,-31.937034],[-59.335185,-31.936683],[-59.334722,-31.935579],[-59.334361,-31.935276],[-59.333427,-31.935046],[-59.333222,-31.935103],[-59.332564,-31.935765],[-59.332462,-31.936149],[-59.332454,-31.937194],[-59.332448,-31.938415],[-59.332238,-31.939638],[-59.332028,-31.939871],[-59.330806,-31.939399],[-59.33014,-31.939127],[-59.329922,-31.938639],[-59.329925,-31.93817],[-59.330002,-31.936952],[-59.330014,-31.935727],[-59.329741,-31.935147],[-59.328655,-31.934498],[-59.327435,-31.934026],[-59.327121,-31.93394],[-59.326409,-31.93373],[-59.326356,-31.932796],[-59.326225,-31.931635],[-59.325947,-31.931397],[-59.325062,-31.931398],[-59.323903,-31.931973],[-59.322537,-31.932253],[-59.321652,-31.932191],[-59.32063,-31.931662],[-59.320186,-31.930874],[-59.320233,-31.930497],[-59.320922,-31.929512],[-59.321265,-31.928639],[-59.320729,-31.927588],[-59.320394,-31.927181],[-59.320327,-31.927004],[-59.31994,-31.925853],[-59.320133,-31.925917],[-59.32143,-31.925572],[-59.322257,-31.924762],[-59.323489,-31.924073],[-59.324448,-31.923145],[-59.32452,-31.922386],[-59.324939,-31.921285],[-59.325622,-31.921175],[-59.326916,-31.921644],[-59.328209,-31.922002],[-59.32882,-31.922123],[-59.329155,-31.922588],[-59.330026,-31.923009],[-59.330449,-31.923004],[-59.331616,-31.922483],[-59.331863,-31.922292],[-59.332354,-31.921833],[-59.33271,-31.921848],[-59.333358,-31.922511],[-59.333387,-31.922841],[-59.332627,-31.923945],[-59.332688,-31.924285],[-59.333369,-31.92494],[-59.334384,-31.925582],[-59.335816,-31.925709],[-59.336293,-31.925533],[-59.336914,-31.924668],[-59.337058,-31.923501],[-59.337333,-31.923216],[-59.337678,-31.922861],[-59.338775,-31.922235],[-59.339253,-31.922289],[-59.340204,-31.923168],[-59.341285,-31.923934],[-59.342646,-31.924171],[-59.342919,-31.92417],[-59.343816,-31.924462],[-59.344073,-31.924757],[-59.344143,-31.924935],[-59.344204,-31.925113],[-59.345226,-31.925989],[-59.346768,-31.925943],[-59.347115,-31.925769],[-59.348041,-31.925615],[-59.34848,-31.925713],[-59.349017,-31.92636],[-59.349362,-31.926536],[-59.34969,-31.927645],[-59.350024,-31.928227],[-59.350432,-31.928387],[-59.351391,-31.928117],[-59.351669,-31.927769],[-59.352283,-31.927598],[-59.353168,-31.927803],[-59.353572,-31.928067],[-59.354318,-31.929116],[-59.354591,-31.929295],[-59.355685,-31.92866],[-59.355892,-31.928319],[-59.356098,-31.927843],[-59.356303,-31.927736],[-59.357124,-31.927683],[-59.358489,-31.927627],[-59.358825,-31.927687],[-59.358824,-31.928097],[-59.358956,-31.929258],[-59.359227,-31.929613],[-59.3597,-31.930077],[-59.360713,-31.930899],[-59.36132,-31.931187],[-59.3616,-31.931131],[-59.361816,-31.929854],[-59.362301,-31.928692],[-59.363392,-31.927998],[-59.363598,-31.927941],[-59.364007,-31.927943],[-59.365097,-31.928709],[-59.365771,-31.929701],[-59.366244,-31.93003],[-59.366788,-31.930577],[-59.367736,-31.931456],[-59.369029,-31.931754],[-59.36937,-31.931755],[-59.370324,-31.931936],[-59.371554,-31.931417],[-59.372307,-31.930956],[-59.372447,-31.930667],[-59.373107,-31.930677],[-59.373633,-31.930944],[-59.374718,-31.931705],[-59.374992,-31.931992],[-59.375466,-31.932231],[-59.376831,-31.932239],[-59.377309,-31.932122],[-59.377647,-31.932649],[-59.37791,-31.933815],[-59.377907,-31.934103],[-59.378039,-31.935035],[-59.378407,-31.935289],[-59.379471,-31.935161],[-59.380226,-31.934521],[-59.381591,-31.934123],[-59.381932,-31.934128],[-59.383292,-31.934189],[-59.383624,-31.934478],[-59.383769,-31.935297],[-59.383557,-31.936463],[-59.383553,-31.936634],[-59.383544,-31.9378],[-59.383845,-31.938142],[-59.384637,-31.938287],[-59.384907,-31.93815],[-59.385251,-31.937457],[-59.385463,-31.936292],[-59.386223,-31.935367],[-59.387044,-31.935314],[-59.388202,-31.93468],[-59.389087,-31.934282],[-59.389499,-31.934334],[-59.389766,-31.934802],[-59.390033,-31.936026],[-59.390377,-31.936261],[-59.391872,-31.93615],[-59.392761,-31.936099],[-59.392987,-31.935853],[-59.392979,-31.935262],[-59.393042,-31.934989],[-59.393867,-31.933891],[-59.394761,-31.933313],[-59.39519,-31.933293],[-59.39605,-31.933723],[-59.397005,-31.934719],[-59.397406,-31.93478],[-59.398093,-31.934435],[-59.3983,-31.934431],[-59.399727,-31.934616],[-59.400845,-31.934869],[-59.401257,-31.93493],[-59.401802,-31.935107],[-59.402069,-31.935169],[-59.402435,-31.934936],[-59.40261,-31.934702],[-59.402702,-31.934376],[-59.403424,-31.935379],[-59.403558,-31.935671],[-59.403762,-31.935789],[-59.404502,-31.93672],[-59.405046,-31.93783],[-59.405384,-31.937948],[-59.406335,-31.938768],[-59.407423,-31.93947],[-59.407822,-31.940342],[-59.409187,-31.939944],[-59.410076,-31.939775],[-59.410961,-31.940652],[-59.41089,-31.941001],[-59.410606,-31.942101],[-59.410607,-31.942277],[-59.411488,-31.943216],[-59.412303,-31.943974],[-59.412709,-31.944206],[-59.413727,-31.944329],[-59.413799,-31.944039],[-59.414829,-31.943284],[-59.415916,-31.943526],[-59.416733,-31.944464],[-59.416519,-31.945625],[-59.416516,-31.945972],[-59.417259,-31.946849],[-59.418076,-31.947782],[-59.418277,-31.948188],[-59.419086,-31.949184],[-59.419362,-31.949417],[-59.419972,-31.949831],[-59.421192,-31.950532],[-59.42228,-31.951293],[-59.423164,-31.95153],[-59.42405,-31.952469],[-59.424793,-31.953459],[-59.424924,-31.953575],[-59.425057,-31.954214],[-59.425803,-31.955208],[-59.426957,-31.955853],[-59.427502,-31.955972],[-59.428729,-31.95662],[-59.429405,-31.957319],[-59.429806,-31.95843],[-59.430142,-31.958953],[-59.430758,-31.95942],[-59.431985,-31.959887],[-59.432866,-31.960246],[-59.433205,-31.960652],[-59.433606,-31.961758],[-59.434078,-31.96246],[-59.435063,-31.963303],[-59.435535,-31.963537],[-59.436016,-31.963947],[-59.436759,-31.964878],[-59.437434,-31.965871],[-59.437491,-31.966922],[-59.438167,-31.967909],[-59.439052,-31.96879],[-59.439392,-31.969778],[-59.440545,-31.970305],[-59.44177,-31.970953],[-59.443004,-31.971289],[-59.44999,-31.96534],[-59.450954,-31.964533],[-59.45123,-31.963541],[-59.452401,-31.962501],[-59.453156,-31.96163],[-59.454112,-31.96076],[-59.454391,-31.95989],[-59.45535,-31.959079],[-59.456238,-31.958851],[-59.456525,-31.9589],[-59.457103,-31.959191],[-59.45753,-31.959207],[-59.458285,-31.958742],[-59.459451,-31.958107],[-59.46054,-31.957822],[-59.461223,-31.957359],[-59.462729,-31.956955],[-59.463339,-31.956959],[-59.464302,-31.956733],[-59.4645,-31.956734],[-59.465526,-31.956795],[-59.466892,-31.95686],[-59.467198,-31.956936],[-59.468564,-31.956591],[-59.469658,-31.9559],[-59.47014,-31.955261],[-59.47055,-31.955033],[-59.472118,-31.954514],[-59.472533,-31.954165],[-59.47356,-31.953414],[-59.475064,-31.953131],[-59.475814,-31.952724],[-59.476434,-31.952201],[-59.47726,-31.95167],[-59.477729,-31.95157],[-59.479232,-31.951576],[-59.480117,-31.951578],[-59.481482,-31.951179],[-59.482717,-31.950888],[-59.484077,-31.950895],[-59.485507,-31.950957],[-59.486125,-31.950672],[-59.487072,-31.950315],[-59.487559,-31.950275],[-59.488585,-31.950389],[-59.489127,-31.950449],[-59.490223,-31.950429],[-59.491511,-31.950796],[-59.49243,-31.951348],[-59.49427,-31.951716],[-59.495741,-31.9519],[-59.497396,-31.952084],[-59.498868,-31.952268],[-59.501994,-31.952452],[-59.503649,-31.952268],[-59.505856,-31.951716],[-59.507696,-31.950612],[-59.508983,-31.949693],[-59.509903,-31.948773],[-59.510822,-31.948405],[-59.51211,-31.947302],[-59.513397,-31.946382],[-59.514684,-31.945831],[-59.515604,-31.945647],[-59.517259,-31.946015],[-59.517811,-31.946382],[-59.519466,-31.947302],[-59.52057,-31.948038],[-59.522593,-31.948405],[-59.523328,-31.948957],[-59.524984,-31.949693],[-59.524984,-31.949509],[-59.526639,-31.949325],[-59.527558,-31.948773],[-59.528846,-31.948038],[-59.529398,-31.948038],[-59.549812,-31.93829],[-59.548709,-31.936819],[-59.548157,-31.936267],[-59.54687,-31.935531],[-59.546318,-31.934428],[-59.545398,-31.934244],[-59.543927,-31.933876],[-59.54264,-31.933324],[-59.542088,-31.932405],[-59.541168,-31.931669],[-59.540984,-31.931117],[-59.539881,-31.93075],[-59.53841,-31.930014],[-59.537674,-31.928175],[-59.537122,-31.927623],[-59.536019,-31.926703],[-59.535099,-31.926152],[-59.534851,-31.925521],[-59.564148,-31.899554],[-59.566662,-31.897614],[-59.575997,-31.891798],[-59.580066,-31.889394],[-59.585556,-31.886188],[-59.591232,-31.882581],[-59.595112,-31.879947],[-59.59855,-31.878517],[-59.600389,-31.877782],[-59.601677,-31.877782],[-59.602228,-31.87723],[-59.603332,-31.87631],[-59.604619,-31.875575],[-59.604803,-31.874839],[-59.606091,-31.874471],[-59.607378,-31.874471],[-59.608298,-31.873368],[-59.609217,-31.871712],[-59.610873,-31.871161],[-59.612668,-31.868976],[-59.612798,-31.869092],[-59.612977,-31.869624],[-59.613063,-31.87023],[-59.613057,-31.871257],[-59.61372,-31.872401],[-59.614389,-31.87309],[-59.615315,-31.87389],[-59.616517,-31.874458],[-59.617322,-31.874466],[-59.618649,-31.874695],[-59.619412,-31.87477],[-59.619854,-31.874813],[-59.621456,-31.874477],[-59.622391,-31.874592],[-59.622378,-31.875168],[-59.622387,-31.875507],[-59.623723,-31.875853],[-59.624522,-31.875514],[-59.625457,-31.875741],[-59.625587,-31.875858],[-59.625188,-31.876879],[-59.626122,-31.877341],[-59.626517,-31.877572],[-59.627585,-31.878258],[-59.627984,-31.878485],[-59.628917,-31.8786],[-59.629848,-31.879404],[-59.63105,-31.879977],[-59.631985,-31.879749],[-59.632523,-31.879754],[-59.633854,-31.879758],[-59.635326,-31.879193],[-59.635463,-31.87908],[-59.636794,-31.878624],[-59.63707,-31.877487],[-59.637337,-31.876917],[-59.638671,-31.877034],[-59.638943,-31.877032],[-59.640273,-31.877035],[-59.640674,-31.877497],[-59.641126,-31.878207],[-59.642554,-31.878713],[-59.642823,-31.879396],[-59.642953,-31.88054],[-59.644288,-31.880773],[-59.645222,-31.880433],[-59.646418,-31.881005],[-59.647484,-31.881691],[-59.647484,-31.882489],[-59.647479,-31.882835],[-59.647477,-31.883633],[-59.64796,-31.884371],[-59.648145,-31.884655],[-59.649614,-31.88478],[-59.650547,-31.88512],[-59.651077,-31.885918],[-59.652012,-31.886726],[-59.652442,-31.886729],[-59.653343,-31.88627],[-59.653747,-31.885925],[-59.654819,-31.88525],[-59.655811,-31.884997],[-59.656289,-31.885136],[-59.656955,-31.88605],[-59.656953,-31.886852],[-59.658151,-31.887537],[-59.659484,-31.88754],[-59.660423,-31.88743],[-59.661084,-31.888569],[-59.662147,-31.88926],[-59.663487,-31.889376],[-59.663616,-31.889605],[-59.665086,-31.889837],[-59.666285,-31.890409],[-59.66655,-31.890754],[-59.667218,-31.891781],[-59.668547,-31.891897],[-59.669888,-31.89236],[-59.670421,-31.891333],[-59.67176,-31.891107],[-59.672961,-31.890539],[-59.674432,-31.890546],[-59.674707,-31.890756],[-59.674766,-31.891393],[-59.674832,-31.891688],[-59.675407,-31.892577],[-59.675544,-31.892648],[-59.676563,-31.893175],[-59.677894,-31.893178],[-59.679233,-31.892952],[-59.679455,-31.892953],[-59.679768,-31.892844],[-59.680924,-31.892847],[-59.681999,-31.892051],[-59.682137,-31.891135],[-59.683072,-31.891137],[-59.684007,-31.891941],[-59.685006,-31.892584],[-59.685201,-31.892738],[-59.686536,-31.893206],[-59.687873,-31.893322],[-59.689342,-31.893892],[-59.689473,-31.894008],[-59.690002,-31.895143],[-59.6912,-31.895833],[-59.691517,-31.896075],[-59.692268,-31.896635],[-59.692665,-31.896979],[-59.693466,-31.897892],[-59.69453,-31.898582],[-59.695332,-31.899491],[-59.695439,-31.89966],[-59.695863,-31.900293],[-59.696662,-31.901211],[-59.697862,-31.901778],[-59.698661,-31.902466],[-59.699992,-31.902469],[-59.701332,-31.902585],[-59.701866,-31.902364],[-59.703206,-31.90225],[-59.704402,-31.902935],[-59.705738,-31.903168],[-59.705999,-31.903111],[-59.706406,-31.902712],[-59.707343,-31.901916],[-59.708545,-31.902493],[-59.709886,-31.902608],[-59.711082,-31.902383],[-59.712153,-31.902041],[-59.712678,-31.901915],[-59.712002,-31.903019],[-59.711333,-31.904155],[-59.711594,-31.905298],[-59.712524,-31.906097],[-59.713188,-31.907236],[-59.713903,-31.907353],[-59.714272,-31.907426],[-59.714756,-31.90779],[-59.715328,-31.908039],[-59.716392,-31.908954],[-59.717186,-31.909867],[-59.717323,-31.9101],[-59.717853,-31.911241],[-59.71865,-31.912153],[-59.719452,-31.913066],[-59.71992,-31.913353],[-59.720385,-31.91364],[-59.721722,-31.913413],[-59.72239,-31.913187],[-59.723729,-31.912965],[-59.725196,-31.913535],[-59.72626,-31.914224],[-59.726795,-31.914567],[-59.727196,-31.914713],[-59.72746,-31.914791],[-59.728798,-31.914682],[-59.729865,-31.913997],[-59.731206,-31.913437],[-59.731609,-31.913092],[-59.732135,-31.912718],[-59.732144,-31.912524],[-59.733081,-31.911728],[-59.73442,-31.911501],[-59.735488,-31.911849],[-59.736553,-31.912646],[-59.737353,-31.913559],[-59.738289,-31.914358],[-59.739085,-31.914933],[-59.740421,-31.915161],[-59.740823,-31.915392],[-59.741757,-31.915934],[-59.744901,-31.916673],[-59.746904,-31.917022],[-59.748108,-31.917706],[-59.748771,-31.91839],[-59.748876,-31.919298],[-59.748902,-31.919533],[-59.748896,-31.920443],[-59.749164,-31.921473],[-59.749335,-31.921716],[-59.749564,-31.922037],[-59.750495,-31.922841],[-59.751831,-31.923073],[-59.752502,-31.923072],[-59.753835,-31.923187],[-59.754399,-31.923355],[-59.755036,-31.923646],[-59.755302,-31.923761],[-59.756234,-31.924677],[-59.756906,-31.925699],[-59.757034,-31.92582],[-59.7573,-31.926962],[-59.757375,-31.927239],[-59.757564,-31.92764],[-59.758771,-31.928329],[-59.759566,-31.928331],[-59.760369,-31.928333],[-59.760903,-31.928334],[-59.762242,-31.928336],[-59.763572,-31.928226],[-59.764336,-31.928137],[-59.764676,-31.928015],[-59.765717,-31.927776],[-59.767053,-31.927206],[-59.767589,-31.927202],[-59.768922,-31.927096],[-59.769326,-31.927097],[-59.770664,-31.926757],[-59.771995,-31.926525],[-59.772241,-31.926234],[-59.771998,-31.925386],[-59.773205,-31.924709],[-59.773342,-31.923455],[-59.773746,-31.922316],[-59.774018,-31.922084],[-59.774761,-31.922004],[-59.775087,-31.921976],[-59.776416,-31.922321],[-59.777489,-31.921866],[-59.778823,-31.921639],[-59.780158,-31.921528],[-59.7799,-31.920386],[-59.780433,-31.919476],[-59.780848,-31.919388],[-59.781764,-31.919933],[-59.781503,-31.920846],[-59.7835,-31.921757],[-59.783902,-31.921876],[-59.785235,-31.921761],[-59.786704,-31.922447],[-59.788174,-31.921885],[-59.788879,-31.921506],[-59.789745,-31.921451],[-59.789949,-31.921276],[-59.790055,-31.920882],[-59.790093,-31.920325],[-59.790284,-31.920136],[-59.790685,-31.920083],[-59.791356,-31.920086],[-59.791709,-31.919883],[-59.792075,-31.919451],[-59.792292,-31.91929],[-59.793564,-31.918889],[-59.793918,-31.918497],[-59.794366,-31.917923],[-59.794967,-31.917406],[-59.795772,-31.917354],[-59.796707,-31.917356],[-59.797169,-31.916921],[-59.797375,-31.916615],[-59.798312,-31.915706],[-59.799179,-31.91548],[-59.799451,-31.915483],[-59.799846,-31.91497],[-59.80038,-31.91497],[-59.801585,-31.915487],[-59.802051,-31.915994],[-59.802985,-31.916396],[-59.803859,-31.915715],[-59.804326,-31.91566],[-59.805659,-31.915603],[-59.806327,-31.915093],[-59.807242,-31.914818],[-59.807643,-31.914765],[-59.808914,-31.914365],[-59.809716,-31.913398],[-59.811054,-31.913283],[-59.812257,-31.912718],[-59.81236,-31.912491],[-59.812198,-31.911888],[-59.812325,-31.911575],[-59.813664,-31.911582],[-59.814197,-31.911753],[-59.814865,-31.911067],[-59.81613,-31.910612],[-59.817139,-31.910615],[-59.817542,-31.909647],[-59.818673,-31.908963],[-59.818873,-31.908964],[-59.820081,-31.909652],[-59.821143,-31.910391],[-59.821879,-31.910107],[-59.822953,-31.910003],[-59.82322,-31.909997],[-59.823755,-31.910109],[-59.824551,-31.909769],[-59.825355,-31.908802],[-59.825558,-31.907662],[-59.825761,-31.907379],[-59.826096,-31.907153],[-59.827163,-31.906468],[-59.827494,-31.906354],[-59.828502,-31.905785],[-59.829105,-31.904818],[-59.829841,-31.90425],[-59.830643,-31.903279],[-59.83051,-31.902595],[-59.830436,-31.901832],[-59.830581,-31.901452],[-59.83118,-31.90117],[-59.832584,-31.900889],[-59.833518,-31.901688],[-59.833854,-31.901574],[-59.834659,-31.900608],[-59.835789,-31.900379],[-59.837195,-31.900495],[-59.837791,-31.900839],[-59.838063,-31.900778],[-59.839401,-31.900496],[-59.839733,-31.900667],[-59.841069,-31.900668],[-59.842404,-31.900557],[-59.843608,-31.900502],[-59.843993,-31.90034],[-59.844607,-31.899765],[-59.845412,-31.898852],[-59.845814,-31.898623],[-59.847214,-31.898451],[-59.847747,-31.89823],[-59.848621,-31.897544],[-59.849087,-31.89806],[-59.849688,-31.899084],[-59.850156,-31.899083],[-59.85096,-31.898116],[-59.851089,-31.897889],[-59.85152,-31.897643],[-59.852429,-31.897548],[-59.853495,-31.897723],[-59.854581,-31.896872],[-59.855113,-31.895961],[-59.856324,-31.895392],[-59.856586,-31.894136],[-59.856719,-31.893797],[-59.857165,-31.893488],[-59.858192,-31.893342],[-59.858744,-31.893406],[-59.859395,-31.893458],[-59.860864,-31.893913],[-59.86131,-31.89392],[-59.862065,-31.893916],[-59.862974,-31.89392],[-59.863399,-31.893917],[-59.864739,-31.893576],[-59.865005,-31.893123],[-59.86563,-31.893143],[-59.866069,-31.893123],[-59.867142,-31.893807],[-59.86821,-31.894491],[-59.869144,-31.895289],[-59.870342,-31.895864],[-59.870728,-31.896067],[-59.871411,-31.896431],[-59.872482,-31.897233],[-59.87289,-31.897518],[-59.87368,-31.897578],[-59.874618,-31.896781],[-59.875957,-31.896322],[-59.877021,-31.896326],[-59.877666,-31.896941],[-59.87809,-31.897127],[-59.878891,-31.898039],[-59.880223,-31.898491],[-59.881157,-31.898834],[-59.882224,-31.899067],[-59.889524,-31.899425],[-59.892638,-31.898733],[-59.902324,-31.897004],[-59.912703,-31.894582],[-59.924811,-31.890776],[-59.934498,-31.888009],[-59.934498,-31.907728],[-59.939687,-31.907382],[-59.937957,-31.919144],[-59.943146,-31.919144],[-59.9439,-31.925388],[-59.941357,-31.925695],[-59.937874,-31.926336],[-59.933444,-31.928961],[-59.930251,-31.930569],[-59.928833,-31.930454],[-59.927152,-31.930567],[-59.92689,-31.930565],[-59.925988,-31.931557],[-59.924823,-31.932443],[-59.924172,-31.932549],[-59.921198,-31.933212],[-59.919902,-31.933987],[-59.918998,-31.934866],[-59.918903,-31.935003],[-59.918347,-31.935526],[-59.917184,-31.936408],[-59.916663,-31.936743],[-59.915501,-31.937512],[-59.914203,-31.938174],[-59.912656,-31.938281],[-59.911618,-31.939058],[-59.910579,-31.939938],[-59.909962,-31.940541],[-59.909675,-31.940817],[-59.909031,-31.940815],[-59.907474,-31.940818],[-59.906571,-31.941035],[-59.905407,-31.9417],[-59.904238,-31.942361],[-59.903332,-31.943245],[-59.902813,-31.943908],[-59.902034,-31.944899],[-59.900746,-31.94534],[-59.899966,-31.945339],[-59.89841,-31.945337],[-59.897121,-31.945008],[-59.896606,-31.944676],[-59.895184,-31.944452],[-59.893752,-31.944448],[-59.893108,-31.944671],[-59.89265,-31.944759],[-59.891427,-31.945],[-59.890134,-31.945328],[-59.88871,-31.945329],[-59.888321,-31.945329],[-59.886898,-31.946101],[-59.88625,-31.946653],[-59.88534,-31.946986],[-59.883918,-31.947091],[-59.882885,-31.947863],[-59.882686,-31.948291],[-59.882756,-31.94886],[-59.881718,-31.949628],[-59.880296,-31.949963],[-59.880081,-31.94998],[-59.878739,-31.950289],[-59.877833,-31.951281],[-59.877315,-31.951277],[-59.876277,-31.952054],[-59.876277,-31.952274],[-59.876038,-31.953327],[-59.876172,-31.953664],[-59.876172,-31.953993],[-59.87526,-31.954989],[-59.87474,-31.95576],[-59.874478,-31.956313],[-59.873447,-31.957193],[-59.871892,-31.958074],[-59.870987,-31.958516],[-59.870468,-31.958845],[-59.869945,-31.960171],[-59.8693,-31.961164],[-59.868907,-31.961934],[-59.868001,-31.962926],[-59.866836,-31.963699],[-59.865674,-31.96436],[-59.865482,-31.964332],[-59.865281,-31.965026],[-59.864632,-31.966015],[-59.863851,-31.966532],[-59.863469,-31.966784],[-59.862041,-31.966897],[-59.861268,-31.966783],[-59.860229,-31.96778],[-59.859322,-31.968664],[-59.858563,-31.969145],[-59.858414,-31.969317],[-59.857663,-31.969952],[-59.85675,-31.97061],[-59.856103,-31.971603],[-59.85574,-31.972635],[-59.855063,-31.973253],[-59.854156,-31.974137],[-59.854157,-31.97447],[-59.853771,-31.975348],[-59.853768,-31.975578],[-59.852857,-31.976569],[-59.851952,-31.977669],[-59.851819,-31.977999],[-59.851171,-31.979105],[-59.850131,-31.979985],[-59.849747,-31.980539],[-59.849484,-31.981753],[-59.849186,-31.982579],[-59.849098,-31.982744],[-59.848577,-31.983849],[-59.848056,-31.98484],[-59.847534,-31.986053],[-59.846989,-31.986522],[-59.846629,-31.986828],[-59.845592,-31.987929],[-59.845463,-31.988151],[-59.84481,-31.989252],[-59.843773,-31.990024],[-59.842479,-31.990907],[-59.842346,-31.991016],[-59.841315,-31.992009],[-59.841054,-31.993223],[-59.841048,-31.994548],[-59.840789,-31.994879],[-59.840896,-31.995206],[-59.840657,-31.995872],[-59.839492,-31.996532],[-59.838065,-31.997191],[-59.837599,-31.997777],[-59.836972,-31.998046],[-59.836882,-31.999389],[-59.836618,-32.000063],[-59.836031,-32.000464],[-59.835897,-32.001987],[-59.835807,-32.002928],[-59.835628,-32.003599],[-59.834956,-32.004226],[-59.83424,-32.004809],[-59.833389,-32.005122],[-59.832851,-32.005436],[-59.832359,-32.005839],[-59.831866,-32.006735],[-59.831239,-32.007227],[-59.830657,-32.007048],[-59.830254,-32.006959],[-59.829854,-32.006939],[-59.829513,-32.00717],[-59.829227,-32.007397],[-59.828671,-32.007879],[-59.82838,-32.008101],[-59.828229,-32.008206],[-59.826148,-32.00951],[-59.825616,-32.009992],[-59.825301,-32.010214],[-59.825026,-32.01036],[-59.824719,-32.010542],[-59.824393,-32.010786],[-59.82412,-32.011099],[-59.823852,-32.011516],[-59.823704,-32.011904],[-59.823727,-32.012603],[-59.824,-32.013052],[-59.824113,-32.013311],[-59.824153,-32.013443],[-59.824141,-32.013632],[-59.82404,-32.013801],[-59.823849,-32.013976],[-59.823684,-32.014076],[-59.823507,-32.01417],[-59.823128,-32.01435],[-59.822731,-32.014588],[-59.822567,-32.014724],[-59.822276,-32.01505],[-59.822148,-32.015222],[-59.821994,-32.015489],[-59.821944,-32.015695],[-59.821999,-32.015949],[-59.822072,-32.016122],[-59.822374,-32.016656],[-59.822452,-32.016825],[-59.822506,-32.017038],[-59.822486,-32.017222],[-59.822429,-32.017352],[-59.822253,-32.017546],[-59.822043,-32.017725],[-59.82188,-32.017856],[-59.82174,-32.017997],[-59.821628,-32.018188],[-59.821564,-32.01852],[-59.82155,-32.018695],[-59.821564,-32.018966],[-59.821595,-32.019142],[-59.821662,-32.019342],[-59.821786,-32.019503],[-59.82222,-32.019874],[-59.822273,-32.020015],[-59.822308,-32.020534],[-59.82233,-32.021445],[-59.822247,-32.021623],[-59.822099,-32.021786],[-59.821755,-32.022093],[-59.821578,-32.022314],[-59.82159,-32.022508],[-59.821771,-32.022621],[-59.82203,-32.022708],[-59.822228,-32.022781],[-59.8224,-32.022866],[-59.822514,-32.023004],[-59.822537,-32.023185],[-59.822499,-32.023599],[-59.822497,-32.023797],[-59.822545,-32.023951],[-59.822736,-32.024163],[-59.822928,-32.024331],[-59.823051,-32.024455],[-59.823131,-32.024583],[-59.82312,-32.024741],[-59.822933,-32.025029],[-59.822792,-32.025219],[-59.822472,-32.025594],[-59.821724,-32.026414],[-59.820394,-32.027885],[-59.820347,-32.028019],[-59.820382,-32.0283],[-59.820514,-32.028452],[-59.820722,-32.028407],[-59.82093,-32.028656],[-59.821064,-32.02883],[-59.821326,-32.029292],[-59.821369,-32.029491],[-59.821434,-32.029624],[-59.821592,-32.029646],[-59.821836,-32.029544],[-59.822036,-32.029567],[-59.822243,-32.029784],[-59.82233,-32.030002],[-59.822285,-32.030154],[-59.82218,-32.030359],[-59.822055,-32.030558],[-59.821771,-32.030966],[-59.82158,-32.031272],[-59.821498,-32.031428],[-59.821354,-32.031767],[-59.821316,-32.031946],[-59.821331,-32.032217],[-59.821359,-32.032398],[-59.821426,-32.032764],[-59.821465,-32.032936],[-59.821553,-32.033277],[-59.821609,-32.033656],[-59.821597,-32.033922],[-59.821546,-32.034182],[-59.821385,-32.034714],[-59.821313,-32.034879],[-59.821109,-32.035185],[-59.821027,-32.035345],[-59.820964,-32.035551],[-59.820937,-32.035798],[-59.820934,-32.036055],[-59.820949,-32.036222],[-59.82099,-32.036556],[-59.821053,-32.036882],[-59.821095,-32.037037],[-59.82118,-32.037273],[-59.821385,-32.037621],[-59.821484,-32.03774],[-59.821644,-32.037843],[-59.821811,-32.037897],[-59.822097,-32.037895],[-59.82231,-32.037928],[-59.822917,-32.038047],[-59.822984,-32.038256],[-59.822942,-32.038484],[-59.822845,-32.038599],[-59.822684,-32.038658],[-59.822171,-32.038744],[-59.82202,-32.038813],[-59.821885,-32.038895],[-59.821583,-32.039063],[-59.821391,-32.039198],[-59.821283,-32.039344],[-59.821286,-32.039488],[-59.821363,-32.03963],[-59.821479,-32.039781],[-59.821774,-32.040064],[-59.821984,-32.04024],[-59.82219,-32.04048],[-59.822312,-32.040636],[-59.822521,-32.041006],[-59.822667,-32.041068],[-59.82282,-32.041167],[-59.823162,-32.041365],[-59.823315,-32.041468],[-59.823373,-32.041622],[-59.823205,-32.041807],[-59.82299,-32.041996],[-59.822772,-32.042166],[-59.82262,-32.042275],[-59.822267,-32.042478],[-59.822101,-32.042528],[-59.822078,-32.042734],[-59.82219,-32.042935],[-59.822339,-32.043133],[-59.822445,-32.043289],[-59.822624,-32.043627],[-59.822727,-32.043859],[-59.822913,-32.044445],[-59.822811,-32.04465],[-59.822644,-32.044866],[-59.822522,-32.045026],[-59.82244,-32.045262],[-59.822498,-32.045412],[-59.822627,-32.045515],[-59.822788,-32.045604],[-59.82294,-32.045712],[-59.823063,-32.045927],[-59.823089,-32.046157],[-59.823075,-32.0464],[-59.823069,-32.046576],[-59.823098,-32.04673],[-59.823162,-32.046871],[-59.823442,-32.047279],[-59.823509,-32.047411],[-59.823543,-32.04757],[-59.823452,-32.047739],[-59.82332,-32.04783],[-59.822993,-32.048007],[-59.822845,-32.048102],[-59.822721,-32.048239],[-59.822598,-32.048488],[-59.822544,-32.048617],[-59.822507,-32.048756],[-59.822506,-32.048954],[-59.822575,-32.049096],[-59.823001,-32.049616],[-59.823669,-32.050344],[-59.824001,-32.050528],[-59.824,-32.05102],[-59.824001,-32.051294],[-59.824006,-32.051466],[-59.824036,-32.051809],[-59.824058,-32.051958],[-59.82412,-32.05214],[-59.824271,-32.052356],[-59.82442,-32.052418],[-59.824607,-32.052436],[-59.825015,-32.052415],[-59.8252,-32.052429],[-59.82539,-32.05251],[-59.825538,-32.052667],[-59.825662,-32.052855],[-59.825857,-32.053261],[-59.826034,-32.053549],[-59.826198,-32.05363],[-59.826427,-32.053671],[-59.826606,-32.053761],[-59.82672,-32.053913],[-59.826822,-32.054118],[-59.826855,-32.054313],[-59.826837,-32.054515],[-59.826757,-32.054928],[-59.82672,-32.055139],[-59.826714,-32.055319],[-59.826737,-32.055482],[-59.826829,-32.055975],[-59.826839,-32.056214],[-59.826787,-32.056429],[-59.826707,-32.056603],[-59.826595,-32.056776],[-59.826351,-32.057099],[-59.826199,-32.05727],[-59.825852,-32.057595],[-59.825698,-32.057767],[-59.825609,-32.057909],[-59.825569,-32.058142],[-59.825584,-32.058386],[-59.825581,-32.058562],[-59.82553,-32.058718],[-59.825459,-32.058865],[-59.825151,-32.05929],[-59.825043,-32.059508],[-59.825032,-32.059742],[-59.8251,-32.059987],[-59.825133,-32.060173],[-59.825093,-32.060803],[-59.825105,-32.061231],[-59.825129,-32.061443],[-59.825298,-32.061831],[-59.825484,-32.061961],[-59.825665,-32.062011],[-59.826018,-32.062056],[-59.826238,-32.062061],[-59.826421,-32.062125],[-59.826539,-32.062222],[-59.826614,-32.062346],[-59.82676,-32.062728],[-59.826763,-32.062922],[-59.826806,-32.063062],[-59.827049,-32.063379],[-59.827198,-32.063514],[-59.827595,-32.063826],[-59.827598,-32.064186],[-59.827592,-32.064371],[-59.827598,-32.064506],[-59.827623,-32.064777],[-59.827621,-32.06498],[-59.827527,-32.065171],[-59.82737,-32.065262],[-59.827051,-32.065331],[-59.826753,-32.065368],[-59.82653,-32.06539],[-59.82632,-32.065425],[-59.826092,-32.065496],[-59.825916,-32.065627],[-59.82586,-32.065783],[-59.825704,-32.065874],[-59.825435,-32.065989],[-59.825154,-32.066076],[-59.824967,-32.06613],[-59.824483,-32.066203],[-59.824272,-32.066198],[-59.82365,-32.06611],[-59.823341,-32.066107],[-59.82308,-32.066164],[-59.822875,-32.066262],[-59.822574,-32.066471],[-59.822322,-32.066726],[-59.822281,-32.066923],[-59.822285,-32.067095],[-59.822225,-32.067472],[-59.822051,-32.067598],[-59.821892,-32.067675],[-59.821713,-32.067734],[-59.821328,-32.067832],[-59.821032,-32.067901],[-59.820649,-32.068054],[-59.820447,-32.068229],[-59.820355,-32.068362],[-59.82013,-32.068811],[-59.820038,-32.068949],[-59.819892,-32.069116],[-59.819555,-32.069387],[-59.819378,-32.069513],[-59.8191,-32.069682],[-59.818799,-32.069819],[-59.818559,-32.069885],[-59.818284,-32.069873],[-59.818112,-32.069937],[-59.817794,-32.070095],[-59.817539,-32.070202],[-59.817029,-32.070356],[-59.816687,-32.070433],[-59.816461,-32.070485],[-59.816005,-32.070564],[-59.815778,-32.070558],[-59.815589,-32.070513],[-59.815412,-32.070441],[-59.815053,-32.070252],[-59.81478,-32.070119],[-59.814605,-32.070051],[-59.814381,-32.070019],[-59.814179,-32.070045],[-59.81385,-32.070158],[-59.813691,-32.070236],[-59.813456,-32.070365],[-59.81316,-32.070605],[-59.81306,-32.070729],[-59.81297,-32.070889],[-59.812927,-32.07105],[-59.812928,-32.071325],[-59.812856,-32.072733],[-59.812875,-32.072937],[-59.812846,-32.073085],[-59.812794,-32.073214],[-59.812669,-32.073463],[-59.81252,-32.073703],[-59.81249,-32.074299],[-59.812381,-32.074734],[-59.812117,-32.074952],[-59.811728,-32.074905],[-59.811402,-32.074454],[-59.811029,-32.07433],[-59.810578,-32.074563],[-59.810671,-32.074967],[-59.811106,-32.07534],[-59.811433,-32.075775],[-59.811713,-32.07621],[-59.811588,-32.076599],[-59.811246,-32.076754],[-59.810873,-32.076723],[-59.810531,-32.076708],[-59.810158,-32.076692],[-59.809832,-32.076785],[-59.809614,-32.076848],[-59.809453,-32.077059],[-59.809366,-32.077236],[-59.809304,-32.077392],[-59.809226,-32.077578],[-59.809164,-32.077749],[-59.808972,-32.077971],[-59.808914,-32.0781],[-59.808728,-32.078293],[-59.808572,-32.078429],[-59.808304,-32.078616],[-59.808117,-32.078724],[-59.807588,-32.078959],[-59.807339,-32.07897],[-59.807075,-32.078937],[-59.806872,-32.078909],[-59.8066,-32.078911],[-59.806411,-32.079005],[-59.806401,-32.079163],[-59.806441,-32.079362],[-59.806481,-32.079512],[-59.806431,-32.079727],[-59.806268,-32.079777],[-59.806019,-32.079775],[-59.805748,-32.079741],[-59.80555,-32.079727],[-59.805359,-32.079731],[-59.805156,-32.079794],[-59.804871,-32.079989],[-59.804322,-32.080413],[-59.804042,-32.080617],[-59.803899,-32.080713],[-59.803745,-32.080795],[-59.803407,-32.080944],[-59.803165,-32.081028],[-59.802681,-32.081196],[-59.802326,-32.08134],[-59.801995,-32.081507],[-59.801845,-32.081621],[-59.801709,-32.081735],[-59.801609,-32.081867],[-59.801582,-32.082105],[-59.801219,-32.082804],[-59.801141,-32.083076],[-59.800968,-32.083568],[-59.800576,-32.083815],[-59.800349,-32.083863],[-59.800186,-32.083895],[-59.799527,-32.084072],[-59.799194,-32.084131],[-59.798719,-32.084173],[-59.798606,-32.084058],[-59.798577,-32.083818],[-59.798461,-32.083653],[-59.797748,-32.083405],[-59.797408,-32.08327],[-59.796746,-32.082988],[-59.796077,-32.082755],[-59.795803,-32.082703],[-59.795521,-32.082677],[-59.794963,-32.082672],[-59.794513,-32.082688],[-59.794292,-32.082709],[-59.793959,-32.082764],[-59.793626,-32.082837],[-59.793377,-32.082912],[-59.793216,-32.082989],[-59.793072,-32.083089],[-59.792805,-32.083312],[-59.792496,-32.08352],[-59.792304,-32.083574],[-59.792134,-32.083587],[-59.791954,-32.083578],[-59.791585,-32.083556],[-59.791312,-32.083544],[-59.791145,-32.083562],[-59.790955,-32.083625],[-59.790808,-32.08373],[-59.790764,-32.083868],[-59.790767,-32.084076],[-59.790688,-32.084227],[-59.790456,-32.084572],[-59.790417,-32.08472],[-59.79042,-32.084909],[-59.790459,-32.085104],[-59.790572,-32.085485],[-59.790681,-32.085628],[-59.791,-32.085884],[-59.791,-32.086032],[-59.790793,-32.086126],[-59.790614,-32.08618],[-59.790345,-32.086237],[-59.789784,-32.086308],[-59.788495,-32.086397],[-59.788311,-32.086437],[-59.78818,-32.086533],[-59.788096,-32.086671],[-59.788028,-32.086966],[-59.788002,-32.087232],[-59.787969,-32.087515],[-59.787926,-32.087676],[-59.787825,-32.087826],[-59.78767,-32.087886],[-59.787477,-32.087885],[-59.787316,-32.087854],[-59.787159,-32.087805],[-59.786836,-32.087675],[-59.786591,-32.087574],[-59.786216,-32.087466],[-59.786026,-32.087461],[-59.784775,-32.087515],[-59.784555,-32.087523],[-59.783778,-32.087543],[-59.783277,-32.087666],[-59.783115,-32.087747],[-59.782979,-32.087866],[-59.782895,-32.087985],[-59.78279,-32.088181],[-59.782746,-32.088315],[-59.782659,-32.088605],[-59.782531,-32.089008],[-59.782498,-32.089205],[-59.782451,-32.089335],[-59.782359,-32.089454],[-59.782146,-32.089584],[-59.781896,-32.089685],[-59.781697,-32.089761],[-59.781517,-32.089852],[-59.781342,-32.090009],[-59.781222,-32.090177],[-59.781017,-32.090515],[-59.780854,-32.090876],[-59.78075,-32.091112],[-59.780585,-32.091585],[-59.780466,-32.091786],[-59.780264,-32.092157],[-59.780095,-32.092562],[-59.780061,-32.093001],[-59.78023,-32.093373],[-59.780399,-32.093676],[-59.780534,-32.093913],[-59.780669,-32.094115],[-59.78077,-32.094453],[-59.780635,-32.094723],[-59.780483,-32.094993],[-59.780078,-32.095466],[-59.779369,-32.095803],[-59.778559,-32.09577],[-59.777715,-32.095736],[-59.777309,-32.095702],[-59.777006,-32.095939],[-59.777107,-32.096445],[-59.777478,-32.096749],[-59.77785,-32.09712],[-59.778289,-32.097525],[-59.778491,-32.097897],[-59.778221,-32.098268],[-59.777478,-32.098505],[-59.776769,-32.098606],[-59.77606,-32.098707],[-59.775149,-32.098572],[-59.774372,-32.098505],[-59.773697,-32.098876],[-59.773427,-32.09918],[-59.772988,-32.099619],[-59.772819,-32.099855],[-59.772448,-32.100159],[-59.772186,-32.100351],[-59.771905,-32.100524],[-59.77177,-32.100607],[-59.771536,-32.100767],[-59.771198,-32.100969],[-59.771063,-32.101003],[-59.770895,-32.10107],[-59.770591,-32.101172],[-59.770317,-32.101272],[-59.770108,-32.101267],[-59.769937,-32.101326],[-59.769821,-32.101463],[-59.769755,-32.101601],[-59.769691,-32.10191],[-59.769688,-32.102063],[-59.769718,-32.10228],[-59.76983,-32.102711],[-59.769928,-32.103155],[-59.770001,-32.103409],[-59.770016,-32.103594],[-59.769962,-32.103773],[-59.769802,-32.10394],[-59.769608,-32.104053],[-59.769246,-32.104169],[-59.768948,-32.104225],[-59.76862,-32.104289],[-59.768349,-32.10439],[-59.768131,-32.104501],[-59.767909,-32.104559],[-59.767682,-32.10454],[-59.767459,-32.104493],[-59.766887,-32.104485],[-59.766352,-32.104663],[-59.766048,-32.104862],[-59.765671,-32.105177],[-59.765444,-32.105622],[-59.765503,-32.105917],[-59.765546,-32.106049],[-59.765629,-32.106249],[-59.765751,-32.106455],[-59.765848,-32.106898],[-59.766007,-32.107185],[-59.766183,-32.107535],[-59.766278,-32.107759],[-59.766278,-32.107998],[-59.766278,-32.108205],[-59.766246,-32.108397],[-59.766199,-32.108556],[-59.766151,-32.108684],[-59.765932,-32.108848],[-59.765634,-32.108966],[-59.76521,-32.109082],[-59.764827,-32.10913],[-59.764317,-32.109529],[-59.764396,-32.110199],[-59.764463,-32.111124],[-59.764696,-32.111667],[-59.764851,-32.112831],[-59.764696,-32.113685],[-59.764541,-32.114461],[-59.763765,-32.115081],[-59.762756,-32.115314],[-59.76198,-32.115702],[-59.761902,-32.116245],[-59.76229,-32.116789],[-59.762445,-32.117487],[-59.762523,-32.118263],[-59.762523,-32.119039],[-59.762523,-32.120281],[-59.762213,-32.121057],[-59.761825,-32.121445],[-59.761669,-32.121988],[-59.761747,-32.122453],[-59.762057,-32.122609],[-59.762057,-32.123152],[-59.761825,-32.123617],[-59.761514,-32.12385],[-59.761514,-32.124471],[-59.761514,-32.125169],[-59.762135,-32.125868],[-59.762989,-32.126333],[-59.76392,-32.126721],[-59.764851,-32.126954],[-59.765705,-32.127342],[-59.766636,-32.127653],[-59.767257,-32.12773],[-59.767645,-32.128118],[-59.767567,-32.128817],[-59.766946,-32.129437],[-59.766791,-32.130136],[-59.767024,-32.130369],[-59.767412,-32.130602],[-59.767955,-32.130602],[-59.768421,-32.130602],[-59.769352,-32.130757],[-59.770128,-32.130912],[-59.770749,-32.131222],[-59.770749,-32.131766],[-59.770593,-32.132386],[-59.770749,-32.133085],[-59.770826,-32.133706],[-59.770438,-32.134404],[-59.77005,-32.135025],[-59.770128,-32.135878],[-59.770167,-32.136654],[-59.770081,-32.137189],[-59.769856,-32.137663],[-59.769663,-32.138183],[-59.769557,-32.138742],[-59.769619,-32.139239],[-59.769823,-32.139683],[-59.770072,-32.139922],[-59.770302,-32.140144],[-59.770462,-32.140286],[-59.770675,-32.140455],[-59.770824,-32.140577],[-59.77095,-32.140693],[-59.771146,-32.140819],[-59.771359,-32.141014],[-59.771554,-32.141121],[-59.771705,-32.14128],[-59.771749,-32.141449],[-59.771723,-32.141671],[-59.771616,-32.141769],[-59.771492,-32.141884],[-59.771234,-32.142053],[-59.771012,-32.142226],[-59.770678,-32.142465],[-59.770542,-32.142584],[-59.77039,-32.142769],[-59.770258,-32.142887],[-59.770143,-32.142967],[-59.770001,-32.143064],[-59.769805,-32.143171],[-59.769641,-32.143268],[-59.7691,-32.143367],[-59.768692,-32.143442],[-59.768331,-32.143559],[-59.768177,-32.143645],[-59.767991,-32.143812],[-59.767909,-32.143954],[-59.7678,-32.144271],[-59.767681,-32.144493],[-59.767513,-32.144678],[-59.76714,-32.145038],[-59.766883,-32.145324],[-59.766689,-32.145581],[-59.766284,-32.146102],[-59.766002,-32.1465],[-59.76575,-32.146899],[-59.765645,-32.147109],[-59.765529,-32.147389],[-59.765481,-32.147532],[-59.765431,-32.147747],[-59.765404,-32.14808],[-59.765404,-32.148603],[-59.765412,-32.14972],[-59.765511,-32.149827],[-59.765681,-32.149899],[-59.766114,-32.150009],[-59.766324,-32.150077],[-59.766501,-32.150221],[-59.766697,-32.150537],[-59.766765,-32.150701],[-59.766806,-32.15095],[-59.766742,-32.151426],[-59.766735,-32.151913],[-59.766745,-32.152156],[-59.766804,-32.152523],[-59.766846,-32.152672],[-59.766942,-32.152963],[-59.767051,-32.15325],[-59.767344,-32.153942],[-59.767555,-32.154268],[-59.767754,-32.154336],[-59.767997,-32.154369],[-59.768178,-32.154396],[-59.768387,-32.154478],[-59.76849,-32.154639],[-59.768546,-32.154933],[-59.768553,-32.155176],[-59.768555,-32.155361],[-59.768577,-32.155542],[-59.768634,-32.155755],[-59.769063,-32.156645],[-59.769216,-32.157041],[-59.769272,-32.157236],[-59.769302,-32.157435],[-59.769298,-32.157633],[-59.76921,-32.157811],[-59.769074,-32.157988],[-59.768726,-32.158321],[-59.76851,-32.158591],[-59.768449,-32.158733],[-59.768387,-32.158975],[-59.768306,-32.159469],[-59.768196,-32.159826],[-59.767452,-32.161398],[-59.767224,-32.161838],[-59.767116,-32.16197],[-59.76699,-32.162098],[-59.766635,-32.162391],[-59.766421,-32.162457],[-59.766261,-32.162476],[-59.765929,-32.162503],[-59.76569,-32.162529],[-59.7655,-32.162587],[-59.765362,-32.16275],[-59.76534,-32.162925],[-59.765362,-32.163273],[-59.765357,-32.163417],[-59.765315,-32.1637],[-59.765315,-32.163911],[-59.765358,-32.164048],[-59.765485,-32.164213],[-59.765633,-32.164289],[-59.765915,-32.164319],[-59.767184,-32.164698],[-59.767917,-32.164938],[-59.768102,-32.165037],[-59.768315,-32.165133],[-59.768575,-32.16513],[-59.768804,-32.165105],[-59.769097,-32.165121],[-59.769226,-32.165215],[-59.769465,-32.166617],[-59.769559,-32.167043],[-59.769642,-32.16732],[-59.769832,-32.167875],[-59.769928,-32.168067],[-59.770026,-32.168213],[-59.770218,-32.168421],[-59.770638,-32.168806],[-59.7709,-32.169119],[-59.770995,-32.169288],[-59.771058,-32.169537],[-59.771069,-32.169749],[-59.771045,-32.169965],[-59.770966,-32.170405],[-59.770909,-32.170732],[-59.770888,-32.170948],[-59.770911,-32.171205],[-59.770993,-32.171428],[-59.771354,-32.172005],[-59.771711,-32.172717],[-59.771873,-32.173077],[-59.772086,-32.173628],[-59.772145,-32.173841],[-59.772168,-32.174027],[-59.772166,-32.174301],[-59.772118,-32.17485],[-59.772105,-32.175124],[-59.772114,-32.17526],[-59.772175,-32.175541],[-59.772343,-32.175802],[-59.772522,-32.176005],[-59.77266,-32.176152],[-59.772782,-32.1763],[-59.77288,-32.1765],[-59.772903,-32.176699],[-59.772881,-32.17687],[-59.772827,-32.177031],[-59.772693,-32.177374],[-59.772602,-32.177633],[-59.772572,-32.177799],[-59.772571,-32.177998],[-59.772633,-32.178175],[-59.772796,-32.178445],[-59.773167,-32.178972],[-59.773425,-32.179376],[-59.773636,-32.179719],[-59.77407,-32.180401],[-59.774375,-32.180918],[-59.774545,-32.181274],[-59.774621,-32.181461],[-59.774727,-32.181833],[-59.774755,-32.182018],[-59.774769,-32.182578],[-59.774794,-32.183069],[-59.774783,-32.183227],[-59.774743,-32.183397],[-59.774663,-32.183553],[-59.774555,-32.183699],[-59.774298,-32.18398],[-59.774028,-32.184302],[-59.773677,-32.184839],[-59.773401,-32.185327],[-59.773273,-32.185572],[-59.773202,-32.186007],[-59.773391,-32.186052],[-59.773528,-32.186133],[-59.773541,-32.186367],[-59.773486,-32.186578],[-59.773391,-32.186787],[-59.773151,-32.187231],[-59.77299,-32.187574],[-59.772899,-32.187896],[-59.772899,-32.188049],[-59.772973,-32.188272],[-59.773204,-32.188639],[-59.773338,-32.188813],[-59.77356,-32.189062],[-59.773816,-32.189307],[-59.773953,-32.189424],[-59.774129,-32.189532],[-59.774497,-32.189699],[-59.774749,-32.18984],[-59.774895,-32.189984],[-59.774991,-32.190108],[-59.775113,-32.190323],[-59.775317,-32.190765],[-59.775497,-32.191072],[-59.775718,-32.191276],[-59.775961,-32.191358],[-59.776233,-32.19141],[-59.776424,-32.191456],[-59.77657,-32.191527],[-59.77665,-32.191678],[-59.776662,-32.192079],[-59.776644,-32.192876],[-59.776618,-32.194376],[-59.776574,-32.195181],[-59.776481,-32.195413],[-59.776343,-32.195635],[-59.77625,-32.195799],[-59.77618,-32.195987],[-59.77613,-32.196193],[-59.776093,-32.196413],[-59.776043,-32.196844],[-59.775998,-32.197149],[-59.775958,-32.197301],[-59.775879,-32.197444],[-59.775772,-32.197558],[-59.775643,-32.197672],[-59.775344,-32.19789],[-59.775145,-32.198042],[-59.775005,-32.198196],[-59.774974,-32.198389],[-59.775064,-32.198549],[-59.775181,-32.198678],[-59.77539,-32.198855],[-59.775901,-32.199215],[-59.776249,-32.199499],[-59.77644,-32.19972],[-59.776565,-32.199863],[-59.776643,-32.199986],[-59.776692,-32.200172],[-59.776653,-32.200658],[-59.776568,-32.201638],[-59.7765,-32.202366],[-59.776493,-32.202564],[-59.776485,-32.202956],[-59.776437,-32.203257],[-59.776351,-32.203507],[-59.776277,-32.203672],[-59.776109,-32.203992],[-59.775897,-32.204293],[-59.775455,-32.20489],[-59.775142,-32.205342],[-59.774461,-32.206388],[-59.774361,-32.206507],[-59.774209,-32.20662],[-59.774066,-32.206693],[-59.77383,-32.206777],[-59.773316,-32.206917],[-59.772939,-32.207029],[-59.772618,-32.207179],[-59.772495,-32.207284],[-59.772374,-32.207483],[-59.772331,-32.207653],[-59.772334,-32.207793],[-59.772374,-32.208001],[-59.7725,-32.208419],[-59.772563,-32.208736],[-59.772552,-32.208894],[-59.772454,-32.209427],[-59.772201,-32.210489],[-59.772095,-32.211022],[-59.772057,-32.211287],[-59.772046,-32.211449],[-59.772042,-32.211773],[-59.772056,-32.21199],[-59.772098,-32.212428],[-59.772129,-32.212753],[-59.772136,-32.213082],[-59.772136,-32.213245],[-59.772114,-32.213483],[-59.772041,-32.213751],[-59.771936,-32.213956],[-59.771802,-32.214155],[-59.771491,-32.214539],[-59.771264,-32.214826],[-59.771076,-32.215124],[-59.771004,-32.215275],[-59.770942,-32.215521],[-59.770928,-32.215787],[-59.770951,-32.216319],[-59.77095,-32.216589],[-59.770939,-32.216724],[-59.770702,-32.218255],[-59.770564,-32.219017],[-59.770402,-32.219779],[-59.770314,-32.22016],[-59.770241,-32.220437],[-59.770081,-32.220974],[-59.769906,-32.22151],[-59.769508,-32.222572],[-59.769355,-32.222992],[-59.769264,-32.223192],[-59.769089,-32.22349],[-59.768844,-32.223749],[-59.768686,-32.223871],[-59.768443,-32.223978],[-59.768147,-32.224029],[-59.767949,-32.224024],[-59.767737,-32.224005],[-59.767324,-32.223936],[-59.766854,-32.223883],[-59.766625,-32.223895],[-59.76601,-32.223988],[-59.765708,-32.224056],[-59.765415,-32.22418],[-59.765274,-32.224257],[-59.765132,-32.224371],[-59.765011,-32.224516],[-59.764916,-32.224712],[-59.764877,-32.224846],[-59.764861,-32.224985],[-59.764874,-32.225166],[-59.764935,-32.225375],[-59.765017,-32.225517],[-59.765298,-32.225835],[-59.765481,-32.226047],[-59.76588,-32.226453],[-59.766121,-32.226689],[-59.766616,-32.227139],[-59.766983,-32.227495],[-59.767136,-32.227657],[-59.767227,-32.227781],[-59.767396,-32.228038],[-59.767468,-32.22817],[-59.767642,-32.228558],[-59.767716,-32.228798],[-59.767755,-32.228975],[-59.767773,-32.229219],[-59.767738,-32.229376],[-59.767646,-32.229491],[-59.767518,-32.229604],[-59.767211,-32.229813],[-59.766969,-32.229982],[-59.766819,-32.2301],[-59.766678,-32.230259],[-59.766606,-32.230419],[-59.76654,-32.230787],[-59.766528,-32.230976],[-59.766545,-32.231251],[-59.76657,-32.231437],[-59.766663,-32.231813],[-59.766742,-32.232058],[-59.766923,-32.232554],[-59.767058,-32.232927],[-59.767175,-32.233295],[-59.767224,-32.233485],[-59.767272,-32.233761],[-59.767329,-32.234259],[-59.767347,-32.234507],[-59.767341,-32.234881],[-59.76727,-32.235262],[-59.767207,-32.235445],[-59.767082,-32.235694],[-59.767006,-32.235818],[-59.766864,-32.235999],[-59.766688,-32.23618],[-59.766494,-32.236346],[-59.766296,-32.236485],[-59.765969,-32.236648],[-59.765567,-32.236768],[-59.765303,-32.236811],[-59.765035,-32.236836],[-59.764493,-32.236871],[-59.764089,-32.236911],[-59.763886,-32.236941],[-59.763542,-32.237],[-59.762847,-32.237082],[-59.7625,-32.237145],[-59.762294,-32.237212],[-59.762157,-32.237334],[-59.76213,-32.237505],[-59.76215,-32.237667],[-59.762313,-32.238244],[-59.762341,-32.23842],[-59.762318,-32.238622],[-59.762223,-32.238769],[-59.761672,-32.239205],[-59.761386,-32.239419],[-59.761085,-32.239614],[-59.760925,-32.239709],[-59.760479,-32.239959],[-59.759574,-32.240435],[-59.759261,-32.240572],[-59.759004,-32.24066],[-59.757775,-32.240993],[-59.757381,-32.241132],[-59.757197,-32.241213],[-59.756894,-32.241403],[-59.756836,-32.241546],[-59.75684,-32.241713],[-59.756755,-32.241963],[-59.756633,-32.24209],[-59.756175,-32.242457],[-59.755993,-32.242664],[-59.755922,-32.242874],[-59.755937,-32.243194],[-59.755997,-32.243448],[-59.756057,-32.244071],[-59.75528,-32.244006],[-59.755109,-32.244043],[-59.754875,-32.244208],[-59.754684,-32.244356],[-59.754567,-32.244524],[-59.754503,-32.244685],[-59.754203,-32.244984],[-59.754023,-32.245114],[-59.753625,-32.245356],[-59.753391,-32.245458],[-59.753209,-32.245363],[-59.753007,-32.245142],[-59.752856,-32.244913],[-59.752772,-32.244744],[-59.752625,-32.244402],[-59.752569,-32.244207],[-59.752456,-32.244028],[-59.752364,-32.243913],[-59.75216,-32.243705],[-59.752019,-32.243634],[-59.751812,-32.24357],[-59.751694,-32.243369],[-59.751633,-32.243097],[-59.751592,-32.24283],[-59.751554,-32.242478],[-59.75151,-32.242296],[-59.751265,-32.242245],[-59.751071,-32.242254],[-59.750935,-32.242065],[-59.750865,-32.241793],[-59.750827,-32.241526],[-59.750789,-32.241174],[-59.75075,-32.240997],[-59.750644,-32.240638],[-59.750576,-32.240466],[-59.750447,-32.240214],[-59.750336,-32.240063],[-59.750164,-32.239892],[-59.749694,-32.239488],[-59.749406,-32.239237],[-59.749176,-32.239199],[-59.748824,-32.239105],[-59.748643,-32.238996],[-59.748572,-32.238819],[-59.748489,-32.238317],[-59.748371,-32.237989],[-59.748324,-32.237821],[-59.748295,-32.237663],[-59.748299,-32.237496],[-59.748413,-32.237341],[-59.748657,-32.237113],[-59.748744,-32.236976],[-59.748731,-32.236683],[-59.748641,-32.236284],[-59.748497,-32.235712],[-59.748412,-32.235426],[-59.748345,-32.235235],[-59.748223,-32.235007],[-59.748119,-32.234883],[-59.74799,-32.23478],[-59.747833,-32.234709],[-59.747506,-32.234601],[-59.747357,-32.23453],[-59.746888,-32.234229],[-59.746358,-32.233878],[-59.746083,-32.23369],[-59.745944,-32.233574],[-59.745869,-32.233392],[-59.745888,-32.233226],[-59.745952,-32.233056],[-59.746068,-32.232924],[-59.746239,-32.232883],[-59.746537,-32.232873],[-59.74669,-32.232814],[-59.746764,-32.232662],[-59.746833,-32.232425],[-59.746884,-32.23226],[-59.746886,-32.231841],[-59.746852,-32.231394],[-59.746838,-32.231173],[-59.746842,-32.230862],[-59.746824,-32.230695],[-59.746754,-32.230558],[-59.746658,-32.23042],[-59.746426,-32.230171],[-59.746016,-32.229768],[-59.745839,-32.229624],[-59.745602,-32.229433],[-59.745492,-32.229318],[-59.745396,-32.229171],[-59.745328,-32.228872],[-59.745311,-32.228516],[-59.745364,-32.228368],[-59.745438,-32.228231],[-59.745448,-32.228096],[-59.745323,-32.227953],[-59.744885,-32.227743],[-59.744724,-32.227663],[-59.744479,-32.227467],[-59.744377,-32.227361],[-59.744343,-32.227126],[-59.744094,-32.226835],[-59.74397,-32.226733],[-59.743843,-32.226649],[-59.743629,-32.226562],[-59.743439,-32.226534],[-59.742676,-32.226533],[-59.74226,-32.226531],[-59.742028,-32.226485],[-59.741557,-32.226382],[-59.74133,-32.226295],[-59.741193,-32.226206],[-59.740968,-32.22598],[-59.740833,-32.225746],[-59.740689,-32.225535],[-59.740483,-32.225453],[-59.740291,-32.22548],[-59.739925,-32.225416],[-59.739582,-32.225295],[-59.7392,-32.225073],[-59.739056,-32.224889],[-59.738942,-32.224598],[-59.738851,-32.224474],[-59.738679,-32.224384],[-59.738503,-32.22433],[-59.738347,-32.224249],[-59.738025,-32.223772],[-59.737679,-32.223367],[-59.737427,-32.223153],[-59.737071,-32.222874],[-59.736907,-32.222716],[-59.736833,-32.222579],[-59.736767,-32.22233],[-59.736748,-32.222045],[-59.736763,-32.221482],[-59.736756,-32.221302],[-59.736724,-32.221166],[-59.736567,-32.220959],[-59.736501,-32.220809],[-59.736548,-32.220526],[-59.736619,-32.220339],[-59.736802,-32.219965],[-59.736919,-32.219792],[-59.737086,-32.219571],[-59.737179,-32.219402],[-59.737228,-32.21916],[-59.737213,-32.218899],[-59.737038,-32.218106],[-59.737022,-32.217943],[-59.737042,-32.217759],[-59.73719,-32.217632],[-59.737381,-32.217538],[-59.737452,-32.217409],[-59.736984,-32.216802],[-59.736458,-32.216153],[-59.736222,-32.216165],[-59.735615,-32.21573],[-59.735344,-32.215507],[-59.734815,-32.215056],[-59.734607,-32.214799],[-59.734451,-32.214547],[-59.734239,-32.214343],[-59.734074,-32.214285],[-59.73376,-32.21438],[-59.733052,-32.214402],[-59.732522,-32.214402],[-59.732344,-32.214253],[-59.732278,-32.214121],[-59.732249,-32.213949],[-59.732284,-32.213801],[-59.732402,-32.213597],[-59.732497,-32.21346],[-59.7327,-32.213199],[-59.732888,-32.213056],[-59.733059,-32.212934],[-59.733165,-32.212797],[-59.733173,-32.212202],[-59.733178,-32.211396],[-59.733093,-32.211177],[-59.732971,-32.211048],[-59.732783,-32.210881],[-59.732522,-32.210554],[-59.732415,-32.210443],[-59.732223,-32.210321],[-59.731869,-32.210222],[-59.731609,-32.210157],[-59.731401,-32.21012],[-59.731098,-32.209995],[-59.730897,-32.209827],[-59.730827,-32.209636],[-59.730827,-32.209186],[-59.73083,-32.208587],[-59.730763,-32.208391],[-59.730559,-32.208156],[-59.730476,-32.208037],[-59.730381,-32.207823],[-59.730266,-32.207531],[-59.730187,-32.207389],[-59.729958,-32.207104],[-59.729763,-32.206941],[-59.729621,-32.206843],[-59.729308,-32.206686],[-59.729148,-32.206642],[-59.72894,-32.206614],[-59.728723,-32.206536],[-59.728566,-32.206464],[-59.728073,-32.206334],[-59.727604,-32.206183],[-59.727284,-32.206017],[-59.727073,-32.205984],[-59.72665,-32.205879],[-59.72644,-32.205828],[-59.726129,-32.205725],[-59.725894,-32.205629],[-59.725703,-32.205611],[-59.725525,-32.205633],[-59.725346,-32.205606],[-59.725174,-32.205462],[-59.72507,-32.205315],[-59.72507,-32.205175],[-59.725312,-32.204623],[-59.725486,-32.204222],[-59.725604,-32.204031],[-59.725785,-32.203792],[-59.725845,-32.20365],[-59.725659,-32.203523],[-59.725571,-32.203386],[-59.725536,-32.203187],[-59.725517,-32.202893],[-59.725488,-32.202753],[-59.725421,-32.20263],[-59.725254,-32.202468],[-59.72496,-32.20232],[-59.724693,-32.202246],[-59.724311,-32.202191],[-59.724018,-32.202219],[-59.723742,-32.202293],[-59.723193,-32.202464],[-59.722901,-32.202564],[-59.722686,-32.202649],[-59.722462,-32.202913],[-59.722283,-32.203179],[-59.72219,-32.203316],[-59.722014,-32.203568],[-59.721816,-32.203703],[-59.72165,-32.203753],[-59.721448,-32.203779],[-59.721171,-32.203722],[-59.721013,-32.203633],[-59.720898,-32.203512],[-59.720818,-32.203312],[-59.720817,-32.203037],[-59.72055,-32.202517],[-59.720413,-32.202328],[-59.720252,-32.202158],[-59.719951,-32.201915],[-59.719661,-32.201723],[-59.719517,-32.20162],[-59.719308,-32.201466],[-59.718968,-32.200817],[-59.717853,-32.200951],[-59.71782,-32.201126],[-59.717841,-32.201275],[-59.717396,-32.201502],[-59.71719,-32.201564],[-59.71688,-32.201637],[-59.716568,-32.201679],[-59.716184,-32.201687],[-59.715951,-32.201685],[-59.715751,-32.201712],[-59.715603,-32.201771],[-59.715465,-32.201853],[-59.715278,-32.20197],[-59.715043,-32.202094],[-59.714832,-32.202152],[-59.71465,-32.202183],[-59.713758,-32.202759],[-59.713527,-32.202902],[-59.713273,-32.202985],[-59.713084,-32.202989],[-59.712715,-32.202948],[-59.712523,-32.202903],[-59.712269,-32.202833],[-59.711947,-32.202784],[-59.71172,-32.202846],[-59.711451,-32.202942],[-59.711198,-32.203058],[-59.710702,-32.203288],[-59.710322,-32.203539],[-59.710109,-32.20371],[-59.709828,-32.203869],[-59.709641,-32.203918],[-59.709026,-32.203925],[-59.708337,-32.20392],[-59.708183,-32.203867],[-59.708078,-32.203693],[-59.708046,-32.203539],[-59.708042,-32.203372],[-59.708107,-32.20309],[-59.708229,-32.202868],[-59.708335,-32.202726],[-59.708568,-32.202453],[-59.708813,-32.202329],[-59.708398,-32.202156],[-59.707993,-32.20201],[-59.707801,-32.202032],[-59.70765,-32.202105],[-59.70718,-32.202295],[-59.706958,-32.202402],[-59.706607,-32.202595],[-59.706367,-32.202792],[-59.706167,-32.202976],[-59.705928,-32.203118],[-59.705707,-32.203158],[-59.705417,-32.203182],[-59.70512,-32.203192],[-59.704728,-32.203182],[-59.704533,-32.203177],[-59.703841,-32.203177],[-59.703514,-32.203204],[-59.703221,-32.203242],[-59.702935,-32.203234],[-59.702762,-32.203194],[-59.702576,-32.203126],[-59.701962,-32.202902],[-59.701754,-32.202852],[-59.701596,-32.20283],[-59.701408,-32.202969],[-59.701302,-32.20311],[-59.70115,-32.203287],[-59.701031,-32.203446],[-59.700905,-32.203546],[-59.700608,-32.203543],[-59.700436,-32.203475],[-59.700252,-32.203358],[-59.700116,-32.203237],[-59.699844,-32.202982],[-59.699692,-32.20287],[-59.699279,-32.202638],[-59.699063,-32.202525],[-59.698823,-32.202424],[-59.698519,-32.202326],[-59.698341,-32.20229],[-59.698048,-32.202318],[-59.697829,-32.202438],[-59.697678,-32.202574],[-59.697548,-32.202733],[-59.697388,-32.203062],[-59.697268,-32.203438],[-59.697198,-32.203778],[-59.697147,-32.203943],[-59.69708,-32.204108],[-59.696892,-32.204401],[-59.696664,-32.20462],[-59.69649,-32.204733],[-59.695767,-32.20502],[-59.694831,-32.20541],[-59.69437,-32.205615],[-59.693688,-32.205944],[-59.693519,-32.20607],[-59.693406,-32.206193],[-59.693115,-32.206609],[-59.693,-32.206732],[-59.692839,-32.206841],[-59.692634,-32.206948],[-59.692203,-32.207144],[-59.692013,-32.207269],[-59.691852,-32.207405],[-59.691659,-32.207612],[-59.691476,-32.207756],[-59.691298,-32.207832],[-59.691051,-32.207925],[-59.690837,-32.208054],[-59.690715,-32.208218],[-59.69057,-32.208475],[-59.69046,-32.208738],[-59.690276,-32.209274],[-59.690155,-32.209699],[-59.690102,-32.209909],[-59.690084,-32.210206],[-59.690098,-32.210468],[-59.690067,-32.210728],[-59.689945,-32.210964],[-59.689695,-32.211286],[-59.689545,-32.211467],[-59.689227,-32.211819],[-59.689099,-32.21192],[-59.688534,-32.212081],[-59.688367,-32.212157],[-59.688236,-32.212339],[-59.688195,-32.212509],[-59.688199,-32.212928],[-59.688259,-32.213393],[-59.688337,-32.213945],[-59.688335,-32.214148],[-59.688237,-32.214285],[-59.688061,-32.214235],[-59.687916,-32.214137],[-59.687615,-32.213904],[-59.687457,-32.2138],[-59.68727,-32.213683],[-59.686073,-32.213602],[-59.685039,-32.213552],[-59.684779,-32.213541],[-59.684524,-32.213575],[-59.684303,-32.213677],[-59.684026,-32.213855],[-59.683793,-32.214069],[-59.683366,-32.214527],[-59.682771,-32.215146],[-59.682486,-32.215459],[-59.68222,-32.215781],[-59.682087,-32.215948],[-59.681988,-32.216108],[-59.681873,-32.216227],[-59.681714,-32.216376],[-59.681591,-32.216535],[-59.681538,-32.216677],[-59.681518,-32.216875],[-59.681521,-32.217073],[-59.681552,-32.217336],[-59.681571,-32.21753],[-59.681668,-32.217839],[-59.681679,-32.218051],[-59.681569,-32.218318],[-59.681394,-32.218539],[-59.681102,-32.218761],[-59.6809,-32.218846],[-59.680642,-32.218884],[-59.6796,-32.218884],[-59.67942,-32.21882],[-59.679202,-32.21868],[-59.678674,-32.218576],[-59.67847,-32.218552],[-59.678158,-32.218535],[-59.677928,-32.218538],[-59.677649,-32.21854],[-59.677295,-32.218584],[-59.677081,-32.218854],[-59.676776,-32.219026],[-59.676488,-32.219216],[-59.67622,-32.219367],[-59.676074,-32.219435],[-59.675927,-32.21949],[-59.675662,-32.219542],[-59.675275,-32.219554],[-59.675084,-32.219553],[-59.674825,-32.219547],[-59.674617,-32.219568],[-59.674454,-32.219613],[-59.674306,-32.219682],[-59.674008,-32.219845],[-59.673602,-32.220082],[-59.673412,-32.220208],[-59.673238,-32.220338],[-59.672999,-32.220557],[-59.672851,-32.220774],[-59.672779,-32.220921],[-59.672668,-32.221211],[-59.672596,-32.221506],[-59.672557,-32.221699],[-59.672469,-32.222368],[-59.671578,-32.222318],[-59.671096,-32.222314],[-59.670898,-32.222286],[-59.670651,-32.22223],[-59.669642,-32.222127],[-59.669406,-32.222067],[-59.669097,-32.221968],[-59.668936,-32.221937],[-59.668704,-32.221913],[-59.668546,-32.2219],[-59.668233,-32.221896],[-59.668015,-32.221908],[-59.667718,-32.221932],[-59.667268,-32.221911],[-59.666856,-32.221873],[-59.666652,-32.221854],[-59.666377,-32.221833],[-59.666178,-32.221842],[-59.66599,-32.221927],[-59.665815,-32.222152],[-59.665677,-32.222365],[-59.665507,-32.222653],[-59.665412,-32.222786],[-59.665235,-32.223011],[-59.66513,-32.223116],[-59.664971,-32.22327],[-59.664837,-32.223388],[-59.664561,-32.223597],[-59.664276,-32.223787],[-59.664073,-32.223913],[-59.663646,-32.224127],[-59.663404,-32.224238],[-59.66324,-32.224296],[-59.6629,-32.224386],[-59.662655,-32.224416],[-59.662475,-32.22447],[-59.662249,-32.224567],[-59.661812,-32.22479],[-59.661575,-32.224874],[-59.660736,-32.225136],[-59.659638,-32.225467],[-59.659301,-32.225544],[-59.65908,-32.225574],[-59.658622,-32.225616],[-59.658134,-32.225626],[-59.657815,-32.225604],[-59.65717,-32.225537],[-59.656964,-32.225464],[-59.656784,-32.225369],[-59.656604,-32.22531],[-59.656401,-32.225327],[-59.656087,-32.225382],[-59.655765,-32.225482],[-59.655561,-32.225562],[-59.655143,-32.225758],[-59.654832,-32.22593],[-59.654431,-32.226158],[-59.653877,-32.226463],[-59.652883,-32.226397],[-59.652626,-32.226376],[-59.652375,-32.22637],[-59.652093,-32.226403],[-59.651807,-32.22653],[-59.651684,-32.226626],[-59.651536,-32.226766],[-59.650879,-32.227127],[-59.650216,-32.227421],[-59.649999,-32.227492],[-59.649699,-32.22756],[-59.649433,-32.227657],[-59.649203,-32.227786],[-59.648768,-32.228085],[-59.648541,-32.228205],[-59.648338,-32.228258],[-59.648052,-32.228309],[-59.647859,-32.228381],[-59.647728,-32.228472],[-59.647483,-32.22865],[-59.647141,-32.228803],[-59.646863,-32.228873],[-59.646469,-32.228907],[-59.645764,-32.228983],[-59.645546,-32.229],[-59.645335,-32.228967],[-59.645147,-32.228841],[-59.645054,-32.228694],[-59.645007,-32.228517],[-59.64503,-32.228189],[-59.644978,-32.227948],[-59.644889,-32.227779],[-59.644726,-32.227595],[-59.644497,-32.227409],[-59.644348,-32.227342],[-59.644158,-32.227332],[-59.64392,-32.227389],[-59.64368,-32.22749],[-59.643213,-32.227739],[-59.642956,-32.227935],[-59.642742,-32.228132],[-59.642525,-32.22828],[-59.642289,-32.228291],[-59.642082,-32.228209],[-59.641937,-32.228111],[-59.641694,-32.227888],[-59.641581,-32.227773],[-59.641192,-32.227325],[-59.640896,-32.227015],[-59.640742,-32.226881],[-59.64059,-32.226759],[-59.640403,-32.226745],[-59.640243,-32.226912],[-59.63981,-32.22709],[-59.639496,-32.22719],[-59.639228,-32.227476],[-59.638835,-32.228019],[-59.638706,-32.228214],[-59.638629,-32.22841],[-59.638604,-32.228608],[-59.638587,-32.22899],[-59.638564,-32.229184],[-59.638539,-32.229431],[-59.638489,-32.229763],[-59.638462,-32.229929],[-59.638389,-32.230179],[-59.638257,-32.230469],[-59.638039,-32.23076],[-59.63776,-32.231014],[-59.637151,-32.231493],[-59.636884,-32.231685],[-59.636735,-32.231775],[-59.636577,-32.231825],[-59.636312,-32.231822],[-59.635872,-32.231757],[-59.635213,-32.231644],[-59.634727,-32.231528],[-59.634435,-32.231484],[-59.634041,-32.231442],[-59.633846,-32.231414],[-59.633681,-32.231356],[-59.633476,-32.231256],[-59.633268,-32.231219],[-59.633072,-32.231209],[-59.632675,-32.231252],[-59.632485,-32.231297],[-59.631599,-32.231557],[-59.630989,-32.231762],[-59.630784,-32.231806],[-59.630523,-32.231821],[-59.630221,-32.231813],[-59.629315,-32.231739],[-59.628078,-32.231657],[-59.627857,-32.231669],[-59.627681,-32.231714],[-59.627507,-32.231768],[-59.627271,-32.231838],[-59.62698,-32.23188],[-59.626381,-32.23181],[-59.625702,-32.231697],[-59.625361,-32.231652],[-59.625095,-32.231622],[-59.624261,-32.231604],[-59.622893,-32.231604],[-59.622647,-32.231593],[-59.622311,-32.231566],[-59.622147,-32.231561],[-59.62193,-32.231623],[-59.621802,-32.23171],[-59.621684,-32.231828],[-59.621576,-32.232037],[-59.621526,-32.232234],[-59.621487,-32.232639],[-59.621437,-32.232835],[-59.621329,-32.233107],[-59.62126,-32.23325],[-59.62112,-32.233471],[-59.620925,-32.233633],[-59.620698,-32.233681],[-59.620373,-32.233668],[-59.620152,-32.233626],[-59.619858,-32.233555],[-59.619491,-32.2335],[-59.618268,-32.233476],[-59.617711,-32.233484],[-59.617058,-32.233498],[-59.61684,-32.233519],[-59.616538,-32.233587],[-59.616298,-32.233703],[-59.615746,-32.234066],[-59.614708,-32.234822],[-59.613472,-32.235713],[-59.613266,-32.235842],[-59.613122,-32.235924],[-59.61282,-32.23606],[-59.612659,-32.236119],[-59.612342,-32.236223],[-59.612011,-32.236309],[-59.611358,-32.236458],[-59.611183,-32.236471],[-59.610828,-32.236394],[-59.610353,-32.236201],[-59.61019,-32.236156],[-59.609958,-32.236123],[-59.609777,-32.236154],[-59.609494,-32.236273],[-59.60931,-32.236376],[-59.608986,-32.236611],[-59.608674,-32.236877],[-59.608273,-32.23724],[-59.608066,-32.237406],[-59.607848,-32.237562],[-59.607566,-32.237721],[-59.607274,-32.237817],[-59.606998,-32.237882],[-59.606743,-32.237979],[-59.606476,-32.238165],[-59.606235,-32.238379],[-59.606045,-32.238582],[-59.605872,-32.238798],[-59.605443,-32.239512],[-59.605095,-32.240034],[-59.604377,-32.241078],[-59.604253,-32.241282],[-59.604073,-32.241552],[-59.603973,-32.241671],[-59.603853,-32.241785],[-59.603668,-32.241901],[-59.603458,-32.241999],[-59.60331,-32.242054],[-59.603012,-32.242158],[-59.602559,-32.242277],[-59.601947,-32.242418],[-59.601647,-32.242496],[-59.601056,-32.242646],[-59.600764,-32.24272],[-59.60054,-32.242754],[-59.600091,-32.242787],[-59.599181,-32.242803],[-59.598886,-32.242836],[-59.598298,-32.242951],[-59.597416,-32.243152],[-59.596742,-32.243328],[-59.596404,-32.243422],[-59.595918,-32.243598],[-59.595936,-32.243743],[-59.596169,-32.243957],[-59.596233,-32.244089],[-59.595329,-32.244673],[-59.594876,-32.244935],[-59.594414,-32.245184],[-59.594173,-32.245308],[-59.592647,-32.24606],[-59.591881,-32.246422],[-59.59047,-32.247015],[-59.590135,-32.247191],[-59.58997,-32.247281],[-59.589733,-32.247432],[-59.589515,-32.247602],[-59.589194,-32.247882],[-59.588792,-32.248285],[-59.588587,-32.248514],[-59.588418,-32.248717],[-59.588168,-32.248958],[-59.587822,-32.24921],[-59.587109,-32.249704],[-59.585697,-32.250671],[-59.585086,-32.251123],[-59.58469,-32.251436],[-59.583931,-32.252087],[-59.583786,-32.252218],[-59.583531,-32.2525],[-59.583045,-32.253086],[-59.582778,-32.253353],[-59.582638,-32.253476],[-59.582347,-32.253693],[-59.581735,-32.254105],[-59.581451,-32.254322],[-59.581245,-32.254515],[-59.581115,-32.254651],[-59.580872,-32.254924],[-59.580163,-32.255783],[-59.579907,-32.256056],[-59.579766,-32.256196],[-59.579591,-32.256335],[-59.579326,-32.25649],[-59.578949,-32.256647],[-59.578755,-32.256718],[-59.577285,-32.257117],[-59.573712,-32.256534],[-59.571962,-32.257408],[-59.56795,-32.25912],[-59.565252,-32.260906],[-59.562164,-32.262571],[-59.555807,-32.26138],[-59.549038,-32.261317],[-59.543109,-32.258997],[-59.529814,-32.258417],[-59.525052,-32.25924],[-59.521629,-32.259027],[-59.520499,-32.260095],[-59.518206,-32.260401],[-59.516648,-32.259607],[-59.511055,-32.26034],[-59.510535,-32.26205],[-59.508854,-32.262294],[-59.505957,-32.263891],[-59.504582,-32.264074],[-59.501556,-32.263646],[-59.499111,-32.265448],[-59.497675,-32.264929],[-59.495077,-32.265326],[-59.491562,-32.266578]]]}},{"type":"Feature","properties":{"departamento":"Nogoyá","distrito":"Algarrobitos","techo_ha":30.8,"total_ha":42.26,"ep":93,"potencia_kwp":21129,"inversion_musd":14.8,"generacion_gwh":24.1,"co2_tn":10586},"geometry":{"type":"Polygon","coordinates":[[[-59.765297,-32.381582],[-59.765393,-32.381435],[-59.765896,-32.380736],[-59.766124,-32.380386],[-59.766231,-32.380191],[-59.766411,-32.379785],[-59.766642,-32.379237],[-59.766777,-32.378966],[-59.76694,-32.378704],[-59.767032,-32.37858],[-59.767155,-32.37848],[-59.767321,-32.378439],[-59.767737,-32.378468],[-59.768101,-32.378527],[-59.768276,-32.378549],[-59.768443,-32.37854],[-59.768631,-32.378495],[-59.769241,-32.3782],[-59.769536,-32.378045],[-59.769806,-32.377863],[-59.769936,-32.377767],[-59.770096,-32.377623],[-59.770265,-32.377424],[-59.770394,-32.377229],[-59.770452,-32.377091],[-59.770512,-32.376804],[-59.770538,-32.376237],[-59.770576,-32.376053],[-59.770871,-32.375372],[-59.771241,-32.374593],[-59.771415,-32.3742],[-59.771499,-32.373982],[-59.771667,-32.373527],[-59.771813,-32.373071],[-59.772056,-32.372207],[-59.772054,-32.37205],[-59.771946,-32.371876],[-59.771816,-32.371733],[-59.771566,-32.371528],[-59.771233,-32.371249],[-59.7711,-32.371115],[-59.771014,-32.370978],[-59.770991,-32.370806],[-59.771095,-32.370574],[-59.771199,-32.370424],[-59.77147,-32.37012],[-59.771788,-32.369817],[-59.772212,-32.369409],[-59.772397,-32.369197],[-59.772545,-32.368985],[-59.772656,-32.368704],[-59.772783,-32.368135],[-59.773002,-32.366973],[-59.773071,-32.36638],[-59.773087,-32.366083],[-59.773144,-32.364458],[-59.773202,-32.363279],[-59.7732,-32.362964],[-59.773193,-32.362716],[-59.773126,-32.362223],[-59.773014,-32.361567],[-59.77298,-32.361237],[-59.772979,-32.360908],[-59.772995,-32.360746],[-59.773057,-32.360491],[-59.773118,-32.360335],[-59.773297,-32.360024],[-59.7734,-32.359873],[-59.773639,-32.359587],[-59.774179,-32.359033],[-59.774441,-32.358756],[-59.774589,-32.358606],[-59.774952,-32.358345],[-59.775288,-32.358128],[-59.775452,-32.358016],[-59.775597,-32.357893],[-59.775776,-32.357695],[-59.775879,-32.357499],[-59.775933,-32.357316],[-59.77597,-32.356943],[-59.775943,-32.356573],[-59.775863,-32.356075],[-59.775829,-32.355826],[-59.775822,-32.355587],[-59.775831,-32.355268],[-59.77581,-32.355114],[-59.775749,-32.354959],[-59.775619,-32.354785],[-59.775353,-32.354598],[-59.775162,-32.354521],[-59.7749,-32.354428],[-59.773856,-32.354001],[-59.773137,-32.35355],[-59.772892,-32.353268],[-59.772748,-32.353067],[-59.772483,-32.352663],[-59.772422,-32.35245],[-59.772408,-32.352256],[-59.772353,-32.35207],[-59.772194,-32.351858],[-59.772003,-32.351687],[-59.771811,-32.351556],[-59.771668,-32.351484],[-59.771473,-32.351439],[-59.771312,-32.351412],[-59.770997,-32.351391],[-59.770676,-32.351396],[-59.770038,-32.351434],[-59.769792,-32.351477],[-59.769623,-32.35145],[-59.769452,-32.351342],[-59.769063,-32.351071],[-59.768893,-32.350927],[-59.768761,-32.350752],[-59.768679,-32.350592],[-59.768642,-32.350447],[-59.768604,-32.350027],[-59.768566,-32.349891],[-59.768509,-32.349718],[-59.76852,-32.349543],[-59.76871,-32.349367],[-59.768932,-32.349306],[-59.769161,-32.349302],[-59.769467,-32.349346],[-59.769796,-32.349359],[-59.769954,-32.349368],[-59.770149,-32.34935],[-59.770368,-32.349239],[-59.7705,-32.349098],[-59.770604,-32.348929],[-59.770724,-32.348694],[-59.77089,-32.348428],[-59.771114,-32.348244],[-59.771354,-32.348079],[-59.771447,-32.347915],[-59.771289,-32.34773],[-59.771108,-32.347613],[-59.770813,-32.347452],[-59.770678,-32.347368],[-59.770524,-32.347242],[-59.770428,-32.347087],[-59.770379,-32.346846],[-59.770349,-32.346494],[-59.770312,-32.346322],[-59.770251,-32.346167],[-59.770152,-32.346052],[-59.769973,-32.346025],[-59.769638,-32.346034],[-59.769477,-32.346012],[-59.769367,-32.345897],[-59.769294,-32.345764],[-59.769233,-32.345619],[-59.769173,-32.345297],[-59.769142,-32.344967],[-59.7691,-32.344511],[-59.769063,-32.344298],[-59.769006,-32.344099],[-59.768884,-32.343879],[-59.768745,-32.343741],[-59.768603,-32.343633],[-59.768448,-32.343535],[-59.768243,-32.343399],[-59.768032,-32.343218],[-59.767884,-32.342975],[-59.767808,-32.342712],[-59.7678,-32.342554],[-59.767838,-32.342321],[-59.767926,-32.342161],[-59.768079,-32.342043],[-59.768227,-32.34197],[-59.768391,-32.341911],[-59.768609,-32.341827],[-59.768837,-32.341688],[-59.769268,-32.34115],[-59.769764,-32.340478],[-59.770017,-32.340151],[-59.770131,-32.340009],[-59.770385,-32.339727],[-59.770916,-32.339187],[-59.771133,-32.338927],[-59.770984,-32.338837],[-59.770368,-32.338866],[-59.770175,-32.338834],[-59.770133,-32.33859],[-59.770169,-32.338267],[-59.770158,-32.338122],[-59.770073,-32.337976],[-59.769845,-32.33797],[-59.769621,-32.338063],[-59.76914,-32.33833],[-59.768981,-32.338389],[-59.768818,-32.338421],[-59.768632,-32.338349],[-59.768415,-32.338113],[-59.768318,-32.337994],[-59.768193,-32.337797],[-59.768094,-32.337596],[-59.768019,-32.337373],[-59.768026,-32.337121],[-59.768077,-32.336785],[-59.768078,-32.336627],[-59.768035,-32.336477],[-59.767924,-32.336317],[-59.767768,-32.336146],[-59.76741,-32.335844],[-59.767254,-32.335678],[-59.767054,-32.335407],[-59.766805,-32.335035],[-59.76667,-32.334861],[-59.766494,-32.334752],[-59.766311,-32.334667],[-59.766465,-32.334306],[-59.766991,-32.333824],[-59.767956,-32.332965],[-59.76809,-32.33277],[-59.76814,-32.332632],[-59.768159,-32.332326],[-59.768112,-32.332],[-59.768014,-32.331556],[-59.767982,-32.331339],[-59.767971,-32.331132],[-59.768014,-32.330885],[-59.768092,-32.330702],[-59.768171,-32.330583],[-59.768349,-32.330344],[-59.768745,-32.329885],[-59.76891,-32.329642],[-59.768985,-32.329477],[-59.769027,-32.329257],[-59.76899,-32.328896],[-59.768887,-32.328416],[-59.768872,-32.328253],[-59.768926,-32.327403],[-59.768937,-32.32716],[-59.768933,-32.326678],[-59.768924,-32.326038],[-59.768928,-32.325713],[-59.768963,-32.325394],[-59.768985,-32.325228],[-59.769038,-32.325072],[-59.769128,-32.32493],[-59.769252,-32.324798],[-59.769568,-32.324563],[-59.770042,-32.324291],[-59.770267,-32.324152],[-59.770714,-32.32397],[-59.771138,-32.32385],[-59.771332,-32.323765],[-59.771485,-32.323643],[-59.771591,-32.323475],[-59.77163,-32.323277],[-59.771603,-32.323069],[-59.771495,-32.322666],[-59.771436,-32.322394],[-59.771393,-32.322262],[-59.771323,-32.322134],[-59.771187,-32.322],[-59.77092,-32.321979],[-59.770714,-32.322019],[-59.770431,-32.322084],[-59.770184,-32.322087],[-59.769795,-32.321752],[-59.769272,-32.321329],[-59.768993,-32.321119],[-59.768729,-32.320986],[-59.768485,-32.320917],[-59.768148,-32.320854],[-59.767985,-32.3208],[-59.767833,-32.320684],[-59.76775,-32.320551],[-59.767682,-32.32031],[-59.767669,-32.320152],[-59.767705,-32.319942],[-59.767856,-32.319797],[-59.768054,-32.319757],[-59.768505,-32.319678],[-59.768696,-32.319615],[-59.768819,-32.319515],[-59.768868,-32.319102],[-59.768868,-32.318867],[-59.76884,-32.318407],[-59.768821,-32.318262],[-59.768741,-32.317968],[-59.768638,-32.317577],[-59.768603,-32.317378],[-59.768612,-32.317189],[-59.768653,-32.317019],[-59.768719,-32.316881],[-59.76888,-32.316601],[-59.768954,-32.316459],[-59.769123,-32.316112],[-59.769359,-32.315654],[-59.769455,-32.315418],[-59.769535,-32.31519],[-59.769601,-32.314903],[-59.769559,-32.314672],[-59.769474,-32.314521],[-59.76934,-32.314324],[-59.769145,-32.314008],[-59.76902,-32.31387],[-59.768752,-32.313863],[-59.768536,-32.313876],[-59.768197,-32.313425],[-59.767742,-32.312634],[-59.767156,-32.311596],[-59.767074,-32.311427],[-59.766945,-32.311095],[-59.766879,-32.310868],[-59.766839,-32.310655],[-59.766736,-32.310418],[-59.766098,-32.309555],[-59.765354,-32.308558],[-59.765115,-32.308259],[-59.764985,-32.308107],[-59.764783,-32.308043],[-59.764504,-32.308059],[-59.764335,-32.308036],[-59.764134,-32.307883],[-59.763016,-32.3067],[-59.762337,-32.305967],[-59.762004,-32.30557],[-59.761844,-32.305355],[-59.761684,-32.305076],[-59.761566,-32.30482],[-59.761498,-32.304566],[-59.761491,-32.304251],[-59.761573,-32.303888],[-59.761743,-32.303514],[-59.761879,-32.303256],[-59.762183,-32.302768],[-59.762294,-32.302622],[-59.762603,-32.302369],[-59.762894,-32.30216],[-59.763028,-32.302055],[-59.763146,-32.30195],[-59.763269,-32.301769],[-59.763302,-32.301594],[-59.763302,-32.300688],[-59.763306,-32.299692],[-59.763308,-32.298791],[-59.763247,-32.298573],[-59.763153,-32.298454],[-59.763001,-32.298342],[-59.762853,-32.298261],[-59.76246,-32.298116],[-59.761899,-32.297926],[-59.761643,-32.297825],[-59.761489,-32.297749],[-59.761336,-32.297632],[-59.761234,-32.297517],[-59.761192,-32.297367],[-59.761205,-32.297228],[-59.761253,-32.296932],[-59.761258,-32.296792],[-59.761185,-32.29661],[-59.761016,-32.296511],[-59.760762,-32.296198],[-59.760505,-32.295818],[-59.760395,-32.295616],[-59.760241,-32.295315],[-59.76018,-32.29516],[-59.760141,-32.295015],[-59.760151,-32.294709],[-59.760215,-32.294278],[-59.760217,-32.294138],[-59.760174,-32.29393],[-59.760079,-32.293756],[-59.759849,-32.293507],[-59.759739,-32.293405],[-59.759506,-32.293237],[-59.759327,-32.293133],[-59.759139,-32.293047],[-59.758908,-32.292992],[-59.758723,-32.293028],[-59.758587,-32.293123],[-59.758491,-32.293283],[-59.758481,-32.293427],[-59.758502,-32.293572],[-59.758538,-32.293762],[-59.758534,-32.293938],[-59.758387,-32.294119],[-59.758185,-32.294289],[-59.757755,-32.294611],[-59.757568,-32.294796],[-59.757379,-32.29503],[-59.7573,-32.295158],[-59.757237,-32.29536],[-59.75721,-32.295521],[-59.757184,-32.295737],[-59.7571,-32.296005],[-59.756995,-32.296128],[-59.75684,-32.296223],[-59.75669,-32.296274],[-59.756477,-32.296309],[-59.756299,-32.296309],[-59.756027,-32.296279],[-59.755853,-32.296248],[-59.755643,-32.296179],[-59.755307,-32.295999],[-59.75515,-32.295887],[-59.754859,-32.295641],[-59.754781,-32.29545],[-59.754614,-32.295346],[-59.75444,-32.295319],[-59.754083,-32.295301],[-59.753906,-32.295278],[-59.753693,-32.295232],[-59.753261,-32.295154],[-59.752881,-32.295094],[-59.752688,-32.295058],[-59.752415,-32.294979],[-59.752235,-32.294906],[-59.752019,-32.294784],[-59.751831,-32.294635],[-59.751741,-32.294493],[-59.751725,-32.294253],[-59.751718,-32.294087],[-59.751728,-32.293884],[-59.751748,-32.293614],[-59.751756,-32.293475],[-59.751728,-32.293276],[-59.751538,-32.293194],[-59.751202,-32.293222],[-59.751044,-32.2932],[-59.750831,-32.292861],[-59.750758,-32.29267],[-59.750663,-32.292284],[-59.750653,-32.292126],[-59.750688,-32.291816],[-59.750777,-32.291395],[-59.750806,-32.291184],[-59.750794,-32.290981],[-59.750759,-32.290845],[-59.750647,-32.290716],[-59.750473,-32.290626],[-59.750261,-32.290553],[-59.749985,-32.29046],[-59.749778,-32.290319],[-59.749642,-32.289843],[-59.749622,-32.289657],[-59.749608,-32.289382],[-59.749606,-32.288305],[-59.749611,-32.28744],[-59.749648,-32.287288],[-59.74999,-32.286851],[-59.750097,-32.286678],[-59.750396,-32.28587],[-59.750538,-32.285459],[-59.750737,-32.284852],[-59.751007,-32.283921],[-59.751075,-32.283635],[-59.751191,-32.283052],[-59.751376,-32.281881],[-59.751493,-32.281298],[-59.75163,-32.280792],[-59.751708,-32.280542],[-59.751853,-32.280181],[-59.752028,-32.27982],[-59.752132,-32.279647],[-59.752365,-32.279306],[-59.752498,-32.279143],[-59.752724,-32.278906],[-59.752893,-32.278779],[-59.753105,-32.27869],[-59.753295,-32.278654],[-59.753601,-32.278622],[-59.75401,-32.278596],[-59.7542,-32.278561],[-59.754379,-32.278516],[-59.754582,-32.278417],[-59.755292,-32.277913],[-59.755635,-32.277647],[-59.75613,-32.27724],[-59.757355,-32.276114],[-59.757628,-32.275891],[-59.757827,-32.275743],[-59.758232,-32.275465],[-59.75949,-32.274686],[-59.759887,-32.274408],[-59.760075,-32.274269],[-59.760144,-32.274122],[-59.760123,-32.273973],[-59.760018,-32.273641],[-59.76001,-32.273488],[-59.760131,-32.273315],[-59.760428,-32.273215],[-59.760631,-32.273184],[-59.761032,-32.27318],[-59.761341,-32.27322],[-59.761548,-32.273266],[-59.761963,-32.273394],[-59.762513,-32.273588],[-59.762783,-32.273676],[-59.763057,-32.273728],[-59.763379,-32.273754],[-59.7636,-32.273738],[-59.763801,-32.273684],[-59.764236,-32.273533],[-59.765081,-32.27319],[-59.765487,-32.273033],[-59.76609,-32.272981],[-59.766689,-32.272542],[-59.766884,-32.272438],[-59.767045,-32.272321],[-59.767177,-32.272171],[-59.767261,-32.272038],[-59.76738,-32.271699],[-59.767476,-32.271219],[-59.767529,-32.270991],[-59.767539,-32.270639],[-59.76751,-32.270332],[-59.767518,-32.270179],[-59.767548,-32.270027],[-59.767734,-32.269716],[-59.767968,-32.269465],[-59.768134,-32.269339],[-59.768407,-32.269197],[-59.769169,-32.269181],[-59.770012,-32.269464],[-59.770272,-32.269533],[-59.771034,-32.269598],[-59.771354,-32.26962],[-59.771831,-32.269623],[-59.772153,-32.269604],[-59.772536,-32.269551],[-59.772748,-32.269484],[-59.772954,-32.269377],[-59.773106,-32.269263],[-59.77333,-32.269075],[-59.773628,-32.268813],[-59.773781,-32.268704],[-59.773951,-32.268605],[-59.774185,-32.268512],[-59.774795,-32.26836],[-59.7751,-32.268296],[-59.775551,-32.268204],[-59.776009,-32.268144],[-59.776233,-32.268118],[-59.776693,-32.268093],[-59.776921,-32.268095],[-59.777259,-32.268112],[-59.777574,-32.268148],[-59.778197,-32.268217],[-59.778825,-32.26831],[-59.780074,-32.268522],[-59.780319,-32.268574],[-59.780797,-32.268694],[-59.781737,-32.268966],[-59.78205,-32.269041],[-59.782295,-32.269079],[-59.782462,-32.269079],[-59.782639,-32.269038],[-59.782978,-32.268898],[-59.783182,-32.268659],[-59.783479,-32.268243],[-59.783658,-32.267747],[-59.784035,-32.267608],[-59.784392,-32.267191],[-59.785166,-32.266219],[-59.785622,-32.265703],[-59.786059,-32.265763],[-59.786495,-32.26604],[-59.786535,-32.266715],[-59.786773,-32.26733],[-59.786953,-32.267526],[-59.787205,-32.267618],[-59.787423,-32.267741],[-59.787641,-32.267886],[-59.78806,-32.268185],[-59.788158,-32.268341],[-59.788181,-32.268499],[-59.78836,-32.26862],[-59.788499,-32.268699],[-59.788658,-32.268739],[-59.788896,-32.26862],[-59.789012,-32.268326],[-59.789169,-32.268164],[-59.789425,-32.267963],[-59.789651,-32.26787],[-59.790523,-32.267509],[-59.791393,-32.267576],[-59.791634,-32.267524],[-59.791892,-32.267494],[-59.793786,-32.267249],[-59.795262,-32.267048],[-59.795995,-32.266931],[-59.796721,-32.266792],[-59.797087,-32.266707],[-59.797425,-32.266616],[-59.797642,-32.26655],[-59.798072,-32.26638],[-59.798695,-32.266094],[-59.799507,-32.265691],[-59.799912,-32.26549],[-59.800095,-32.265404],[-59.800454,-32.265215],[-59.80115,-32.264809],[-59.801509,-32.264638],[-59.801738,-32.26459],[-59.801929,-32.264613],[-59.802219,-32.264719],[-59.802417,-32.264819],[-59.802788,-32.265045],[-59.802815,-32.265194],[-59.802739,-32.26539],[-59.802902,-32.265516],[-59.803142,-32.265477],[-59.803616,-32.265336],[-59.803848,-32.265315],[-59.804256,-32.265384],[-59.804798,-32.265505],[-59.805073,-32.265544],[-59.805462,-32.265563],[-59.805655,-32.265563],[-59.80595,-32.265544],[-59.806241,-32.265506],[-59.806675,-32.265373],[-59.806823,-32.265309],[-59.807042,-32.265188],[-59.807038,-32.265008],[-59.807185,-32.264723],[-59.807404,-32.264459],[-59.807578,-32.264332],[-59.807794,-32.264239],[-59.80801,-32.264181],[-59.808227,-32.264137],[-59.808674,-32.264099],[-59.809119,-32.264087],[-59.809718,-32.264098],[-59.810013,-32.264096],[-59.810303,-32.264072],[-59.810665,-32.264014],[-59.810914,-32.263952],[-59.811402,-32.263798],[-59.812062,-32.26358],[-59.812389,-32.263485],[-59.812728,-32.263408],[-59.812901,-32.263381],[-59.813082,-32.263363],[-59.81347,-32.263346],[-59.814229,-32.263329],[-59.814601,-32.263293],[-59.815598,-32.263143],[-59.816914,-32.26291],[-59.81757,-32.262805],[-59.818233,-32.262718],[-59.81856,-32.262686],[-59.81906,-32.262644],[-59.819562,-32.262625],[-59.819808,-32.262627],[-59.820117,-32.262671],[-59.820319,-32.26273],[-59.820714,-32.262902],[-59.821084,-32.263083],[-59.82125,-32.263181],[-59.821494,-32.263341],[-59.821723,-32.263527],[-59.821926,-32.26373],[-59.822106,-32.263946],[-59.822266,-32.264167],[-59.822571,-32.264621],[-59.822842,-32.265055],[-59.822956,-32.265279],[-59.823101,-32.265621],[-59.823082,-32.265859],[-59.822917,-32.266179],[-59.822887,-32.266341],[-59.822908,-32.266512],[-59.823003,-32.266668],[-59.823201,-32.266786],[-59.823369,-32.26683],[-59.823607,-32.266832],[-59.823816,-32.266792],[-59.824226,-32.266667],[-59.824429,-32.266614],[-59.824817,-32.266524],[-59.825336,-32.266393],[-59.826026,-32.266298],[-59.82631,-32.266278],[-59.826878,-32.266256],[-59.827088,-32.266262],[-59.827504,-32.266322],[-59.827778,-32.266383],[-59.828152,-32.266464],[-59.828331,-32.2665],[-59.828606,-32.26653],[-59.828839,-32.266527],[-59.829034,-32.266482],[-59.829204,-32.266414],[-59.82954,-32.266197],[-59.829849,-32.265926],[-59.830257,-32.265544],[-59.830467,-32.265378],[-59.830684,-32.265239],[-59.830982,-32.265129],[-59.831147,-32.265125],[-59.831573,-32.265239],[-59.831856,-32.265246],[-59.832106,-32.26514],[-59.832466,-32.264941],[-59.832813,-32.26472],[-59.833033,-32.264564],[-59.833466,-32.264237],[-59.833584,-32.264131],[-59.833778,-32.263897],[-59.834027,-32.263579],[-59.834162,-32.263429],[-59.834329,-32.263298],[-59.834588,-32.26317],[-59.834938,-32.263088],[-59.835307,-32.263075],[-59.835553,-32.26309],[-59.83602,-32.263152],[-59.836196,-32.263192],[-59.836537,-32.263304],[-59.836992,-32.263509],[-59.83722,-32.263587],[-59.837448,-32.263642],[-59.837832,-32.263652],[-59.838182,-32.263598],[-59.838388,-32.263544],[-59.838697,-32.263426],[-59.838951,-32.263293],[-59.839257,-32.263098],[-59.839401,-32.262988],[-59.839587,-32.262831],[-59.839752,-32.262659],[-59.839955,-32.262381],[-59.840065,-32.262117],[-59.840118,-32.261889],[-59.840153,-32.261588],[-59.840171,-32.26144],[-59.840197,-32.261292],[-59.84022,-32.261089],[-59.84029,-32.260902],[-59.840509,-32.260727],[-59.840762,-32.260607],[-59.841022,-32.260519],[-59.841373,-32.260415],[-59.84155,-32.260357],[-59.842998,-32.25983],[-59.84373,-32.259587],[-59.843983,-32.259552],[-59.844184,-32.259557],[-59.84481,-32.259645],[-59.845016,-32.259646],[-59.845307,-32.259599],[-59.845684,-32.259514],[-59.846444,-32.259321],[-59.84682,-32.259231],[-59.847336,-32.259123],[-59.847603,-32.25908],[-59.847997,-32.259026],[-59.848385,-32.259005],[-59.848578,-32.259005],[-59.848736,-32.259049],[-59.848865,-32.259161],[-59.848942,-32.259289],[-59.849038,-32.259512],[-59.849159,-32.25984],[-59.849236,-32.259986],[-59.849322,-32.260118],[-59.84948,-32.260231],[-59.849673,-32.260312],[-59.850087,-32.260462],[-59.850942,-32.260745],[-59.851336,-32.260912],[-59.851573,-32.261044],[-59.851876,-32.261241],[-59.852035,-32.261317],[-59.852227,-32.261362],[-59.852452,-32.261386],[-59.852643,-32.261382],[-59.853086,-32.261307],[-59.853378,-32.261224],[-59.853574,-32.261153],[-59.85395,-32.261],[-59.854241,-32.260858],[-59.854374,-32.260781],[-59.854556,-32.26065],[-59.854726,-32.260501],[-59.854828,-32.260382],[-59.854881,-32.260226],[-59.854866,-32.260054],[-59.854814,-32.259872],[-59.854745,-32.259632],[-59.854737,-32.259406],[-59.854992,-32.259088],[-59.855262,-32.258865],[-59.855449,-32.258753],[-59.856007,-32.258478],[-59.856236,-32.258385],[-59.856588,-32.258254],[-59.856941,-32.258155],[-59.857133,-32.258123],[-59.857535,-32.258075],[-59.858082,-32.258057],[-59.858353,-32.258032],[-59.858921,-32.257947],[-59.859196,-32.257891],[-59.85961,-32.257793],[-59.86002,-32.257663],[-59.860217,-32.257574],[-59.860371,-32.257492],[-59.860747,-32.257114],[-59.860913,-32.256992],[-59.861083,-32.256901],[-59.861439,-32.256734],[-59.862158,-32.256401],[-59.862507,-32.25622],[-59.862663,-32.256134],[-59.862957,-32.255916],[-59.863529,-32.255471],[-59.863973,-32.25522],[-59.864269,-32.255156],[-59.864474,-32.255138],[-59.864759,-32.255114],[-59.865082,-32.255045],[-59.8653,-32.254938],[-59.86554,-32.254764],[-59.86599,-32.254396],[-59.866153,-32.254288],[-59.866328,-32.254193],[-59.866532,-32.254117],[-59.866943,-32.253974],[-59.867142,-32.25388],[-59.867329,-32.253758],[-59.867672,-32.253501],[-59.867984,-32.253216],[-59.86818,-32.253013],[-59.868301,-32.252868],[-59.868526,-32.252567],[-59.868613,-32.252438],[-59.868752,-32.252167],[-59.86887,-32.251895],[-59.869048,-32.25135],[-59.869075,-32.25117],[-59.869073,-32.251021],[-59.869048,-32.250872],[-59.869026,-32.250673],[-59.869035,-32.250425],[-59.869125,-32.250261],[-59.869424,-32.250214],[-59.86969,-32.250243],[-59.870044,-32.250288],[-59.870509,-32.249881],[-59.870412,-32.249067],[-59.8704,-32.248891],[-59.870437,-32.24864],[-59.870544,-32.248458],[-59.870911,-32.248052],[-59.871425,-32.247515],[-59.871665,-32.247237],[-59.872029,-32.24676],[-59.872197,-32.246512],[-59.872315,-32.246316],[-59.872381,-32.246174],[-59.872486,-32.245892],[-59.872578,-32.245597],[-59.8727,-32.245208],[-59.872773,-32.245016],[-59.872909,-32.244745],[-59.872996,-32.244612],[-59.873131,-32.244466],[-59.873455,-32.244209],[-59.873699,-32.244057],[-59.874027,-32.243858],[-59.874179,-32.243753],[-59.874394,-32.243578],[-59.874606,-32.243345],[-59.87481,-32.243053],[-59.875068,-32.242644],[-59.875207,-32.242445],[-59.875367,-32.242264],[-59.875965,-32.241693],[-59.876328,-32.241387],[-59.876571,-32.241181],[-59.877082,-32.240788],[-59.878022,-32.240072],[-59.878344,-32.239855],[-59.87851,-32.239747],[-59.878856,-32.239552],[-59.879037,-32.239462],[-59.879319,-32.239343],[-59.879617,-32.239233],[-59.880215,-32.239027],[-59.880818,-32.238844],[-59.881626,-32.238611],[-59.882034,-32.238486],[-59.88311,-32.238184],[-59.88456,-32.237787],[-59.885277,-32.237584],[-59.885552,-32.237456],[-59.885708,-32.237329],[-59.885952,-32.23701],[-59.886142,-32.236637],[-59.886387,-32.236124],[-59.88652,-32.235898],[-59.886628,-32.235761],[-59.886776,-32.235611],[-59.886928,-32.235507],[-59.887119,-32.23544],[-59.887302,-32.235413],[-59.887589,-32.235411],[-59.887837,-32.235453],[-59.888103,-32.235554],[-59.888284,-32.235707],[-59.888392,-32.235872],[-59.888584,-32.236246],[-59.888705,-32.236411],[-59.888854,-32.236546],[-59.889195,-32.236671],[-59.889526,-32.236752],[-59.889697,-32.236778],[-59.889959,-32.236807],[-59.890343,-32.236808],[-59.890652,-32.236775],[-59.891183,-32.236671],[-59.89145,-32.23661],[-59.891835,-32.236498],[-59.892217,-32.236354],[-59.89241,-32.236273],[-59.89277,-32.236079],[-59.892948,-32.235966],[-59.893212,-32.235783],[-59.893326,-32.235606],[-59.893402,-32.235346],[-59.893729,-32.234994],[-59.89386,-32.23488],[-59.894065,-32.234714],[-59.894393,-32.234483],[-59.894748,-32.234267],[-59.894942,-32.234159],[-59.895474,-32.233892],[-59.895751,-32.233764],[-59.896178,-32.233599],[-59.896465,-32.233516],[-59.896817,-32.233443],[-59.897091,-32.233423],[-59.897426,-32.233449],[-59.897618,-32.233495],[-59.897922,-32.233615],[-59.898357,-32.233833],[-59.89878,-32.234086],[-59.899052,-32.234273],[-59.899228,-32.234399],[-59.899567,-32.23466],[-59.900738,-32.235612],[-59.901958,-32.236607],[-59.902176,-32.236734],[-59.902334,-32.236787],[-59.902682,-32.236823],[-59.902873,-32.236814],[-59.903263,-32.236747],[-59.903656,-32.23663],[-59.903903,-32.236537],[-59.904353,-32.236336],[-59.904553,-32.23622],[-59.904678,-32.236128],[-59.904908,-32.235922],[-59.905355,-32.235487],[-59.905587,-32.235285],[-59.905763,-32.235181],[-59.906005,-32.23507],[-59.90623,-32.234999],[-59.906685,-32.234875],[-59.907147,-32.23476],[-59.907454,-32.234691],[-59.908081,-32.234576],[-59.908364,-32.234533],[-59.908933,-32.234484],[-59.910077,-32.234422],[-59.910447,-32.234377],[-59.910634,-32.23435],[-59.910806,-32.234273],[-59.910916,-32.234163],[-59.911016,-32.23403],[-59.911136,-32.233857],[-59.911273,-32.233717],[-59.911567,-32.233643],[-59.911999,-32.233644],[-59.912452,-32.233723],[-59.912754,-32.233811],[-59.912945,-32.233879],[-59.913186,-32.233984],[-59.913417,-32.234121],[-59.913616,-32.23436],[-59.913842,-32.234717],[-59.913964,-32.234873],[-59.914111,-32.234998],[-59.914421,-32.235082],[-59.914807,-32.235119],[-59.915187,-32.235079],[-59.915567,-32.23498],[-59.915847,-32.234851],[-59.916267,-32.234582],[-59.916473,-32.234443],[-59.916767,-32.234225],[-59.917186,-32.233884],[-59.917581,-32.23351],[-59.917762,-32.233316],[-59.917854,-32.233179],[-59.917961,-32.232997],[-59.918244,-32.232711],[-59.918535,-32.232502],[-59.918721,-32.232394],[-59.919017,-32.232261],[-59.919282,-32.232186],[-59.919586,-32.232135],[-59.91978,-32.232127],[-59.920186,-32.232118],[-59.921397,-32.232198],[-59.921795,-32.232198],[-59.921997,-32.232185],[-59.922358,-32.232144],[-59.922596,-32.232101],[-59.923079,-32.231991],[-59.923558,-32.231858],[-59.92419,-32.231689],[-59.924502,-32.231615],[-59.924966,-32.231532],[-59.925195,-32.231506],[-59.925387,-32.231542],[-59.92559,-32.231651],[-59.925739,-32.231794],[-59.925956,-32.232038],[-59.926234,-32.232365],[-59.926381,-32.23249],[-59.926529,-32.232579],[-59.926693,-32.232601],[-59.927005,-32.232528],[-59.927185,-32.23246],[-59.927547,-32.23228],[-59.928292,-32.231865],[-59.928551,-32.231736],[-59.928943,-32.231588],[-59.929288,-32.231511],[-59.932641,-32.231106],[-59.935082,-32.230796],[-59.935424,-32.230723],[-59.935641,-32.230647],[-59.935787,-32.230583],[-59.936062,-32.230445],[-59.93647,-32.230207],[-59.937008,-32.229887],[-59.937291,-32.22975],[-59.937576,-32.22963],[-59.93795,-32.229531],[-59.938174,-32.229501],[-59.938626,-32.229449],[-59.939525,-32.229358],[-59.940238,-32.229276],[-59.941138,-32.229158],[-59.941719,-32.229064],[-59.942104,-32.228983],[-59.942296,-32.228938],[-59.94258,-32.228855],[-59.942731,-32.228701],[-59.942695,-32.228497],[-59.942576,-32.228256],[-59.942394,-32.227922],[-59.94233,-32.227758],[-59.942306,-32.227609],[-59.942372,-32.227453],[-59.942493,-32.22733],[-59.942795,-32.227089],[-59.943007,-32.226932],[-59.943295,-32.226732],[-59.943431,-32.226618],[-59.94362,-32.226456],[-59.94378,-32.226266],[-59.943894,-32.226039],[-59.944042,-32.225714],[-59.944137,-32.225567],[-59.944258,-32.22543],[-59.944554,-32.225244],[-59.944694,-32.225166],[-59.944993,-32.225025],[-59.94546,-32.224851],[-59.946416,-32.224559],[-59.946712,-32.224516],[-59.946983,-32.224496],[-59.947253,-32.224417],[-59.947456,-32.224287],[-59.947673,-32.22408],[-59.947831,-32.223854],[-59.947905,-32.223703],[-59.948014,-32.223385],[-59.947866,-32.223138],[-59.947963,-32.222686],[-59.948044,-32.222494],[-59.948199,-32.222209],[-59.948402,-32.221926],[-59.948518,-32.22178],[-59.948784,-32.221516],[-59.948967,-32.221349],[-59.949332,-32.221051],[-59.950443,-32.220263],[-59.950799,-32.219987],[-59.950968,-32.219838],[-59.951259,-32.219534],[-59.951515,-32.219252],[-59.951652,-32.219116],[-59.951871,-32.218932],[-59.952481,-32.2185],[-59.953736,-32.217665],[-59.953945,-32.217531],[-59.954162,-32.217446],[-59.954418,-32.217416],[-59.95464,-32.217426],[-59.954985,-32.217488],[-59.955452,-32.217572],[-59.955684,-32.217595],[-59.955915,-32.217596],[-59.956184,-32.217535],[-59.956348,-32.217462],[-59.956659,-32.217299],[-59.956935,-32.217107],[-59.957107,-32.216963],[-59.957214,-32.216852],[-59.957405,-32.216627],[-59.957478,-32.216422],[-59.957462,-32.216246],[-59.957405,-32.216059],[-59.957336,-32.215814],[-59.957336,-32.215585],[-59.957404,-32.215456],[-59.957665,-32.215169],[-59.957802,-32.215037],[-59.958028,-32.214858],[-59.958264,-32.214697],[-59.958652,-32.214512],[-59.959002,-32.214413],[-59.95917,-32.214385],[-59.959515,-32.214366],[-59.959862,-32.214384],[-59.960546,-32.214459],[-59.960838,-32.21452],[-59.961032,-32.214588],[-59.961423,-32.214777],[-59.961929,-32.215033],[-59.962177,-32.215147],[-59.962429,-32.215216],[-59.962714,-32.215245],[-59.962917,-32.21521],[-59.963097,-32.215133],[-59.963275,-32.215025],[-59.96344,-32.214871],[-59.96355,-32.214734],[-59.963734,-32.214387],[-59.963822,-32.214141],[-59.963952,-32.213644],[-59.963962,-32.213419],[-59.963935,-32.213116],[-59.963951,-32.212968],[-59.964058,-32.212624],[-59.964127,-32.212454],[-59.964212,-32.212298],[-59.964386,-32.212068],[-59.964588,-32.211884],[-59.964809,-32.211709],[-59.964966,-32.211609],[-59.965279,-32.211432],[-59.96543,-32.211354],[-59.965755,-32.211231],[-59.966084,-32.21114],[-59.966305,-32.2111],[-59.966767,-32.211066],[-59.967194,-32.211077],[-59.967411,-32.211091],[-59.967727,-32.21113],[-59.968205,-32.211205],[-59.969212,-32.211432],[-59.969506,-32.211533],[-59.969754,-32.211638],[-59.970001,-32.211698],[-59.970211,-32.211681],[-59.970485,-32.211557],[-59.970662,-32.211426],[-59.970894,-32.211233],[-59.971192,-32.211024],[-59.971886,-32.21073],[-59.972194,-32.21062],[-59.972445,-32.210549],[-59.972661,-32.210514],[-59.973095,-32.21047],[-59.973313,-32.210439],[-59.973527,-32.210386],[-59.97375,-32.210283],[-59.974002,-32.210127],[-59.974152,-32.209991],[-59.974408,-32.209691],[-59.974585,-32.209154],[-59.974399,-32.208852],[-59.973815,-32.208717],[-59.973539,-32.208588],[-59.973165,-32.208273],[-59.973016,-32.208134],[-59.972806,-32.207913],[-59.972604,-32.207678],[-59.972507,-32.207559],[-59.972374,-32.207357],[-59.972268,-32.207098],[-59.972268,-32.206949],[-59.972389,-32.206727],[-59.972669,-32.20645],[-59.973336,-32.205907],[-59.973539,-32.205713],[-59.973976,-32.205133],[-59.974141,-32.20489],[-59.974376,-32.204512],[-59.974595,-32.20413],[-59.974689,-32.203943],[-59.974716,-32.203768],[-59.974679,-32.203618],[-59.974572,-32.203314],[-59.974553,-32.203169],[-59.974636,-32.202991],[-59.975131,-32.202593],[-59.975917,-32.202075],[-59.976283,-32.201814],[-59.976944,-32.201311],[-59.977265,-32.201057],[-59.977573,-32.200781],[-59.977721,-32.200636],[-59.977823,-32.200458],[-59.977844,-32.200292],[-59.977788,-32.199759],[-59.977801,-32.199583],[-59.97795,-32.19924],[-59.978021,-32.199106],[-59.978139,-32.19892],[-59.97828,-32.198734],[-59.978581,-32.198435],[-59.978742,-32.198308],[-59.979081,-32.198064],[-59.980121,-32.197386],[-59.980442,-32.197145],[-59.980592,-32.197018],[-59.980751,-32.196855],[-59.980834,-32.196727],[-59.980994,-32.196469],[-59.981189,-32.1961],[-59.981296,-32.195922],[-59.981415,-32.195754],[-59.981631,-32.195538],[-59.981861,-32.195399],[-59.982242,-32.19526],[-59.982502,-32.195189],[-59.983032,-32.19508],[-59.983262,-32.195036],[-59.983722,-32.194966],[-59.98434,-32.194882],[-59.984649,-32.194831],[-59.984951,-32.194761],[-59.985103,-32.194715],[-59.985294,-32.194648],[-59.985652,-32.194467],[-59.985959,-32.194226],[-59.986138,-32.194041],[-59.986245,-32.193913],[-59.986435,-32.193629],[-59.986531,-32.193451],[-59.986702,-32.193082],[-59.986836,-32.192706],[-59.987073,-32.191959],[-59.987125,-32.191267],[-59.987709,-32.190897],[-59.988036,-32.190797],[-59.988488,-32.190677],[-59.988715,-32.190611],[-59.990418,-32.190065],[-59.990619,-32.190011],[-59.991034,-32.189936],[-59.991596,-32.189868],[-59.991878,-32.189825],[-59.992145,-32.18975],[-59.992409,-32.189635],[-59.99258,-32.189432],[-59.992835,-32.188929],[-59.992954,-32.188778],[-59.993417,-32.188393],[-59.993552,-32.188297],[-59.993776,-32.188199],[-59.993981,-32.188167],[-59.994548,-32.188172],[-59.995685,-32.188212],[-59.996304,-32.18825],[-59.997132,-32.188296],[-59.997543,-32.188302],[-59.997715,-32.188283],[-59.997882,-32.188211],[-59.998094,-32.188049],[-59.998246,-32.187872],[-59.998382,-32.187677],[-59.998599,-32.187268],[-59.998657,-32.187048],[-59.99867,-32.186738],[-59.998706,-32.18659],[-59.998761,-32.186451],[-59.998834,-32.186255],[-59.998939,-32.186131],[-60.0,-32.186634],[-60.000257,-32.184477],[-60.000421,-32.18303],[-60.00042,-32.181426],[-60.002561,-32.181116],[-60.003696,-32.180976],[-60.004691,-32.179562],[-60.005558,-32.179394],[-60.006817,-32.179049],[-60.007551,-32.177922],[-60.008679,-32.177525],[-60.010142,-32.177019],[-60.01107,-32.176171],[-60.010142,-32.174982],[-60.010143,-32.173739],[-60.010203,-32.172384],[-60.012597,-32.169412],[-60.011996,-32.168506],[-60.011797,-32.167379],[-60.012065,-32.166245],[-60.012993,-32.165397],[-60.014656,-32.164377],[-60.014855,-32.163702],[-60.014393,-32.162285],[-60.014455,-32.161439],[-60.015521,-32.160423],[-60.01592,-32.15827],[-60.01598,-32.157483],[-60.015491,-32.156556],[-60.014633,-32.156779],[-60.013789,-32.156687],[-60.013458,-32.155557],[-60.013722,-32.15477],[-60.015117,-32.154375],[-60.014787,-32.153466],[-60.014058,-32.152503],[-60.014822,-32.151608],[-60.015905,-32.150813],[-60.015805,-32.14993],[-60.015275,-32.149565],[-60.015342,-32.149145],[-60.015779,-32.148903],[-60.016722,-32.148152],[-60.017413,-32.147562],[-60.018744,-32.146372],[-60.019806,-32.145978],[-60.021735,-32.146429],[-60.022731,-32.145186],[-60.022731,-32.14383],[-60.023992,-32.143319],[-60.024979,-32.142522],[-60.026715,-32.140436],[-60.026382,-32.139531],[-60.027774,-32.138338],[-60.028974,-32.138569],[-60.031097,-32.138173],[-60.031627,-32.136193],[-60.034085,-32.135458],[-60.035075,-32.134386],[-60.035477,-32.132854],[-60.036403,-32.131497],[-60.038465,-32.131613],[-60.039261,-32.130478],[-60.039855,-32.129068],[-60.04149,-32.128538],[-60.043095,-32.128112],[-60.043773,-32.127537],[-60.044079,-32.126675],[-60.04461,-32.124749],[-60.046273,-32.124639],[-60.049057,-32.122717],[-60.04866,-32.120905],[-60.047329,-32.119324],[-60.04766,-32.118421],[-60.050263,-32.117491],[-60.0508,-32.11724],[-60.051843,-32.119326],[-60.054099,-32.119549],[-60.055897,-32.118474],[-60.056598,-32.117336],[-60.058415,-32.11536],[-60.059278,-32.112306],[-60.06087,-32.110613],[-60.062661,-32.10942],[-60.061512,-32.107527],[-60.06224,-32.105944],[-60.063034,-32.103624],[-60.063958,-32.101473],[-60.065624,-32.102044],[-60.066551,-32.101759],[-60.069202,-32.09949],[-60.071152,-32.098869],[-60.072166,-32.097689],[-60.073182,-32.096392],[-60.075143,-32.095644],[-60.076885,-32.094477],[-60.078189,-32.09416],[-60.079933,-32.092677],[-60.080222,-32.090755],[-60.079494,-32.089832],[-60.080074,-32.088841],[-60.08194,-32.087072],[-60.082808,-32.08633],[-60.083752,-32.084784],[-60.083389,-32.083978],[-60.084038,-32.08311],[-60.084911,-32.081877],[-60.085494,-32.082188],[-60.087016,-32.08243],[-60.087889,-32.082428],[-60.088323,-32.081579],[-60.088349,-32.081528],[-60.089337,-32.079581],[-60.089267,-32.078714],[-60.090139,-32.077851],[-60.092892,-32.075125],[-60.093692,-32.074941],[-60.095649,-32.074751],[-60.095651,-32.073764],[-60.095426,-32.071506],[-60.096008,-32.070514],[-60.097022,-32.070145],[-60.097383,-32.069032],[-60.097377,-32.066864],[-60.098615,-32.066054],[-60.100428,-32.065685],[-60.102241,-32.064506],[-60.102242,-32.063888],[-60.102458,-32.062406],[-60.104417,-32.061473],[-60.105724,-32.062467],[-60.10754,-32.061594],[-60.110493,-32.060179],[-60.111725,-32.059125],[-60.113174,-32.058811],[-60.114486,-32.060175],[-60.116079,-32.059923],[-60.119167,-32.059998],[-60.119926,-32.05924],[-60.120799,-32.058309],[-60.122903,-32.057874],[-60.124278,-32.056207],[-60.125947,-32.05496],[-60.127902,-32.054279],[-60.129576,-32.053289],[-60.131658,-32.052467],[-60.132329,-32.051387],[-60.133561,-32.051014],[-60.134793,-32.049838],[-60.135517,-32.048665],[-60.136386,-32.04804],[-60.137623,-32.048352],[-60.137984,-32.046679],[-60.13871,-32.045812],[-60.138851,-32.044756],[-60.138051,-32.044207],[-60.138631,-32.042814],[-60.139354,-32.041699],[-60.1387,-32.040273],[-60.138985,-32.038851],[-60.140801,-32.038293],[-60.142029,-32.036991],[-60.143262,-32.035879],[-60.143699,-32.034825],[-60.144059,-32.033644],[-60.14544,-32.032778],[-60.146237,-32.031232],[-60.147532,-32.030053],[-60.149203,-32.028198],[-60.150437,-32.027636],[-60.151302,-32.026028],[-60.152824,-32.024976],[-60.154346,-32.02355],[-60.155728,-32.02231],[-60.157078,-32.02105],[-60.158578,-32.018333],[-60.161422,-32.015991],[-60.165798,-32.01087],[-60.167384,-32.009216],[-60.175775,-32.017263],[-60.178316,-32.020105],[-60.180872,-32.022572],[-60.183309,-32.023755],[-60.186264,-32.024445],[-60.192121,-32.025965],[-60.197802,-32.026943],[-60.201165,-32.027975],[-60.204556,-32.029629],[-60.210885,-32.033375],[-60.214828,-32.035294],[-60.218599,-32.036424],[-60.221905,-32.037455],[-60.225837,-32.039306],[-60.236168,-32.04472],[-60.242557,-32.048266],[-60.247546,-32.051074],[-60.247975,-32.051231],[-60.249232,-32.052059],[-60.250219,-32.052746],[-60.251323,-32.053633],[-60.252078,-32.054718],[-60.25215,-32.056111],[-60.245507,-32.067857],[-60.239297,-32.079112],[-60.234252,-32.089203],[-60.230371,-32.096577],[-60.225326,-32.106667],[-60.224938,-32.106667],[-60.213351,-32.099668],[-60.207238,-32.095796],[-60.184618,-32.130439],[-60.215706,-32.15034],[-60.214295,-32.151993],[-60.211263,-32.154094],[-60.208337,-32.156187],[-60.20557,-32.15836],[-60.202019,-32.163488],[-60.199359,-32.168844],[-60.197587,-32.173086],[-60.195394,-32.17648],[-60.193713,-32.178125],[-60.189066,-32.182671],[-60.185564,-32.186157],[-60.184047,-32.188567],[-60.177346,-32.203076],[-60.207584,-32.225039],[-60.186562,-32.241354],[-60.200681,-32.253904],[-60.1897,-32.261121],[-60.198799,-32.27022],[-60.168051,-32.279319],[-60.166796,-32.27273],[-60.160834,-32.278691],[-60.144198,-32.261299],[-60.141432,-32.263872],[-60.138182,-32.265972],[-60.133197,-32.268164],[-60.130891,-32.269817],[-60.128904,-32.272182],[-60.124779,-32.278282],[-60.121377,-32.283056],[-60.119804,-32.285289],[-60.119393,-32.287404],[-60.119763,-32.290303],[-60.120773,-32.29519],[-60.121088,-32.296528],[-60.120512,-32.298892],[-60.117474,-32.301929],[-60.111125,-32.30684],[-60.103783,-32.311576],[-60.098243,-32.314832],[-60.095776,-32.315907],[-60.093466,-32.3164],[-60.087796,-32.316404],[-60.084594,-32.316316],[-60.077721,-32.316487],[-60.050078,-32.349914],[-60.054471,-32.372191],[-60.047882,-32.372505],[-60.012936,-32.372746],[-60.011393,-32.374488],[-60.006967,-32.375293],[-60.0,-32.374639],[-59.992025,-32.375406],[-59.988104,-32.375248],[-59.979841,-32.375715],[-59.970293,-32.376597],[-59.964438,-32.37706],[-59.95685,-32.37763],[-59.951707,-32.377471],[-59.946203,-32.37695],[-59.937288,-32.375855],[-59.930127,-32.374345],[-59.919316,-32.373721],[-59.910438,-32.373088],[-59.89797,-32.372042],[-59.894485,-32.371777],[-59.892034,-32.372659],[-59.885788,-32.375462],[-59.883045,-32.376803],[-59.881025,-32.377374],[-59.879803,-32.377427],[-59.876068,-32.376955],[-59.871866,-32.376536],[-59.866113,-32.375907],[-59.862442,-32.375331],[-59.858529,-32.373974],[-59.856165,-32.373768],[-59.853347,-32.374703],[-59.851448,-32.375999],[-59.846117,-32.380204],[-59.842752,-32.381395],[-59.83436,-32.382628],[-59.828853,-32.383608],[-59.821289,-32.384635],[-59.806183,-32.387002],[-59.805004,-32.386838],[-59.796961,-32.385721],[-59.782208,-32.384452],[-59.770183,-32.382257],[-59.765297,-32.381582]]]}},{"type":"Feature","properties":{"departamento":"Nogoyá","distrito":"Don Cristóbal","techo_ha":2.8,"total_ha":42.26,"ep":93,"potencia_kwp":21129,"inversion_musd":14.8,"generacion_gwh":24.1,"co2_tn":10586},"geometry":{"type":"Polygon","coordinates":[[[-59.941357,-31.925695],[-59.9439,-31.925388],[-59.945568,-31.939209],[-59.969093,-31.939209],[-59.984314,-31.957891],[-60.01498,-31.962421],[-60.013099,-31.984495],[-60.011778,-32.000002],[-60.013165,-32.000701],[-60.014133,-32.002459],[-60.016828,-32.008208],[-60.018241,-32.011436],[-60.022107,-32.020287],[-60.026889,-32.031122],[-60.036696,-32.027593],[-60.047244,-32.025768],[-60.063245,-32.01948],[-60.07045,-32.015156],[-60.085441,-32.006756],[-60.096953,-32.003947],[-60.109399,-32.000226],[-60.10996,-32.0],[-60.114319,-31.999108],[-60.120718,-31.996433],[-60.130019,-31.991874],[-60.134205,-31.989051],[-60.137946,-31.985562],[-60.141736,-31.983181],[-60.142468,-31.984844],[-60.142956,-31.985498],[-60.144917,-31.98812],[-60.150937,-31.99383],[-60.157736,-31.999999],[-60.163121,-32.005128],[-60.167384,-32.009216],[-60.165798,-32.01087],[-60.161422,-32.015991],[-60.158578,-32.018333],[-60.157078,-32.02105],[-60.155728,-32.02231],[-60.154346,-32.02355],[-60.152824,-32.024976],[-60.151302,-32.026028],[-60.150437,-32.027636],[-60.149203,-32.028198],[-60.147532,-32.030053],[-60.146237,-32.031232],[-60.14544,-32.032778],[-60.144059,-32.033644],[-60.143699,-32.034825],[-60.143262,-32.035879],[-60.142029,-32.036991],[-60.140801,-32.038293],[-60.138985,-32.038851],[-60.1387,-32.040273],[-60.139354,-32.041699],[-60.138631,-32.042814],[-60.138051,-32.044207],[-60.138851,-32.044756],[-60.13871,-32.045812],[-60.137984,-32.046679],[-60.137623,-32.048352],[-60.136386,-32.04804],[-60.135517,-32.048665],[-60.134793,-32.049838],[-60.133561,-32.051014],[-60.132329,-32.051387],[-60.131658,-32.052467],[-60.129576,-32.053289],[-60.127902,-32.054279],[-60.125947,-32.05496],[-60.124278,-32.056207],[-60.122903,-32.057874],[-60.120799,-32.058309],[-60.119926,-32.05924],[-60.119167,-32.059998],[-60.116079,-32.059923],[-60.114486,-32.060175],[-60.113174,-32.058811],[-60.111725,-32.059125],[-60.110493,-32.060179],[-60.10754,-32.061594],[-60.105724,-32.062467],[-60.104417,-32.061473],[-60.102458,-32.062406],[-60.102242,-32.063888],[-60.102241,-32.064506],[-60.100428,-32.065685],[-60.098615,-32.066054],[-60.097377,-32.066864],[-60.097383,-32.069032],[-60.097022,-32.070145],[-60.096008,-32.070514],[-60.095426,-32.071506],[-60.095651,-32.073764],[-60.095649,-32.074751],[-60.093692,-32.074941],[-60.092892,-32.075125],[-60.090139,-32.077851],[-60.089267,-32.078714],[-60.089337,-32.079581],[-60.088349,-32.081528],[-60.088323,-32.081579],[-60.087889,-32.082428],[-60.087016,-32.08243],[-60.085494,-32.082188],[-60.084911,-32.081877],[-60.084038,-32.08311],[-60.083389,-32.083978],[-60.083752,-32.084784],[-60.082808,-32.08633],[-60.08194,-32.087072],[-60.080074,-32.088841],[-60.079494,-32.089832],[-60.080222,-32.090755],[-60.079933,-32.092677],[-60.078189,-32.09416],[-60.076885,-32.094477],[-60.075143,-32.095644],[-60.073182,-32.096392],[-60.072166,-32.097689],[-60.071152,-32.098869],[-60.069202,-32.09949],[-60.066551,-32.101759],[-60.065624,-32.102044],[-60.063958,-32.101473],[-60.063034,-32.103624],[-60.06224,-32.105944],[-60.061512,-32.107527],[-60.062661,-32.10942],[-60.06087,-32.110613],[-60.059278,-32.112306],[-60.058415,-32.11536],[-60.056598,-32.117336],[-60.055897,-32.118474],[-60.054099,-32.119549],[-60.051843,-32.119326],[-60.0508,-32.11724],[-60.050263,-32.117491],[-60.04766,-32.118421],[-60.047329,-32.119324],[-60.04866,-32.120905],[-60.049057,-32.122717],[-60.046273,-32.124639],[-60.04461,-32.124749],[-60.044079,-32.126675],[-60.043773,-32.127537],[-60.043095,-32.128112],[-60.04149,-32.128538],[-60.039855,-32.129068],[-60.039261,-32.130478],[-60.038465,-32.131613],[-60.036403,-32.131497],[-60.035477,-32.132854],[-60.035075,-32.134386],[-60.034085,-32.135458],[-60.031627,-32.136193],[-60.031097,-32.138173],[-60.028974,-32.138569],[-60.027774,-32.138338],[-60.026382,-32.139531],[-60.026715,-32.140436],[-60.024979,-32.142522],[-60.023992,-32.143319],[-60.022731,-32.14383],[-60.022731,-32.145186],[-60.021735,-32.146429],[-60.019806,-32.145978],[-60.018744,-32.146372],[-60.017413,-32.147562],[-60.016722,-32.148152],[-60.015779,-32.148903],[-60.015342,-32.149145],[-60.015275,-32.149565],[-60.015805,-32.14993],[-60.015905,-32.150813],[-60.014822,-32.151608],[-60.014058,-32.152503],[-60.014787,-32.153466],[-60.015117,-32.154375],[-60.013722,-32.15477],[-60.013458,-32.155557],[-60.013789,-32.156687],[-60.014633,-32.156779],[-60.015491,-32.156556],[-60.01598,-32.157483],[-60.01592,-32.15827],[-60.015521,-32.160423],[-60.014455,-32.161439],[-60.014393,-32.162285],[-60.014855,-32.163702],[-60.014656,-32.164377],[-60.012993,-32.165397],[-60.012065,-32.166245],[-60.011797,-32.167379],[-60.011996,-32.168506],[-60.012597,-32.169412],[-60.010203,-32.172384],[-60.010143,-32.173739],[-60.010142,-32.174982],[-60.01107,-32.176171],[-60.010142,-32.177019],[-60.008679,-32.177525],[-60.007551,-32.177922],[-60.006817,-32.179049],[-60.005558,-32.179394],[-60.004691,-32.179562],[-60.003696,-32.180976],[-60.002561,-32.181116],[-60.00042,-32.181426],[-60.000421,-32.18303],[-60.000257,-32.184477],[-60.0,-32.186634],[-59.998939,-32.186131],[-59.998834,-32.186255],[-59.998761,-32.186451],[-59.998706,-32.18659],[-59.99867,-32.186738],[-59.998657,-32.187048],[-59.998599,-32.187268],[-59.998382,-32.187677],[-59.998246,-32.187872],[-59.998094,-32.188049],[-59.997882,-32.188211],[-59.997715,-32.188283],[-59.997543,-32.188302],[-59.997132,-32.188296],[-59.996304,-32.18825],[-59.995685,-32.188212],[-59.994548,-32.188172],[-59.993981,-32.188167],[-59.993776,-32.188199],[-59.993552,-32.188297],[-59.993417,-32.188393],[-59.992954,-32.188778],[-59.992835,-32.188929],[-59.99258,-32.189432],[-59.992409,-32.189635],[-59.992145,-32.18975],[-59.991878,-32.189825],[-59.991596,-32.189868],[-59.991034,-32.189936],[-59.990619,-32.190011],[-59.990418,-32.190065],[-59.988715,-32.190611],[-59.988488,-32.190677],[-59.988036,-32.190797],[-59.987709,-32.190897],[-59.987125,-32.191267],[-59.987073,-32.191959],[-59.986836,-32.192706],[-59.986702,-32.193082],[-59.986531,-32.193451],[-59.986435,-32.193629],[-59.986245,-32.193913],[-59.986138,-32.194041],[-59.985959,-32.194226],[-59.985652,-32.194467],[-59.985294,-32.194648],[-59.985103,-32.194715],[-59.984951,-32.194761],[-59.984649,-32.194831],[-59.98434,-32.194882],[-59.983722,-32.194966],[-59.983262,-32.195036],[-59.983032,-32.19508],[-59.982502,-32.195189],[-59.982242,-32.19526],[-59.981861,-32.195399],[-59.981631,-32.195538],[-59.981415,-32.195754],[-59.981296,-32.195922],[-59.981189,-32.1961],[-59.980994,-32.196469],[-59.980834,-32.196727],[-59.980751,-32.196855],[-59.980592,-32.197018],[-59.980442,-32.197145],[-59.980121,-32.197386],[-59.979081,-32.198064],[-59.978742,-32.198308],[-59.978581,-32.198435],[-59.97828,-32.198734],[-59.978139,-32.19892],[-59.978021,-32.199106],[-59.97795,-32.19924],[-59.977801,-32.199583],[-59.977788,-32.199759],[-59.977844,-32.200292],[-59.977823,-32.200458],[-59.977721,-32.200636],[-59.977573,-32.200781],[-59.977265,-32.201057],[-59.976944,-32.201311],[-59.976283,-32.201814],[-59.975917,-32.202075],[-59.975131,-32.202593],[-59.974636,-32.202991],[-59.974553,-32.203169],[-59.974572,-32.203314],[-59.974679,-32.203618],[-59.974716,-32.203768],[-59.974689,-32.203943],[-59.974595,-32.20413],[-59.974376,-32.204512],[-59.974141,-32.20489],[-59.973976,-32.205133],[-59.973539,-32.205713],[-59.973336,-32.205907],[-59.972669,-32.20645],[-59.972389,-32.206727],[-59.972268,-32.206949],[-59.972268,-32.207098],[-59.972374,-32.207357],[-59.972507,-32.207559],[-59.972604,-32.207678],[-59.972806,-32.207913],[-59.973016,-32.208134],[-59.973165,-32.208273],[-59.973539,-32.208588],[-59.973815,-32.208717],[-59.974399,-32.208852],[-59.974585,-32.209154],[-59.974408,-32.209691],[-59.974152,-32.209991],[-59.974002,-32.210127],[-59.97375,-32.210283],[-59.973527,-32.210386],[-59.973313,-32.210439],[-59.973095,-32.21047],[-59.972661,-32.210514],[-59.972445,-32.210549],[-59.972194,-32.21062],[-59.971886,-32.21073],[-59.971192,-32.211024],[-59.970894,-32.211233],[-59.970662,-32.211426],[-59.970485,-32.211557],[-59.970211,-32.211681],[-59.970001,-32.211698],[-59.969754,-32.211638],[-59.969506,-32.211533],[-59.969212,-32.211432],[-59.968205,-32.211205],[-59.967727,-32.21113],[-59.967411,-32.211091],[-59.967194,-32.211077],[-59.966767,-32.211066],[-59.966305,-32.2111],[-59.966084,-32.21114],[-59.965755,-32.211231],[-59.96543,-32.211354],[-59.965279,-32.211432],[-59.964966,-32.211609],[-59.964809,-32.211709],[-59.964588,-32.211884],[-59.964386,-32.212068],[-59.964212,-32.212298],[-59.964127,-32.212454],[-59.964058,-32.212624],[-59.963951,-32.212968],[-59.963935,-32.213116],[-59.963962,-32.213419],[-59.963952,-32.213644],[-59.963822,-32.214141],[-59.963734,-32.214387],[-59.96355,-32.214734],[-59.96344,-32.214871],[-59.963275,-32.215025],[-59.963097,-32.215133],[-59.962917,-32.21521],[-59.962714,-32.215245],[-59.962429,-32.215216],[-59.962177,-32.215147],[-59.961929,-32.215033],[-59.961423,-32.214777],[-59.961032,-32.214588],[-59.960838,-32.21452],[-59.960546,-32.214459],[-59.959862,-32.214384],[-59.959515,-32.214366],[-59.95917,-32.214385],[-59.959002,-32.214413],[-59.958652,-32.214512],[-59.958264,-32.214697],[-59.958028,-32.214858],[-59.957802,-32.215037],[-59.957665,-32.215169],[-59.957404,-32.215456],[-59.957336,-32.215585],[-59.957336,-32.215814],[-59.957405,-32.216059],[-59.957462,-32.216246],[-59.957478,-32.216422],[-59.957405,-32.216627],[-59.957214,-32.216852],[-59.957107,-32.216963],[-59.956935,-32.217107],[-59.956659,-32.217299],[-59.956348,-32.217462],[-59.956184,-32.217535],[-59.955915,-32.217596],[-59.955684,-32.217595],[-59.955452,-32.217572],[-59.954985,-32.217488],[-59.95464,-32.217426],[-59.954418,-32.217416],[-59.954162,-32.217446],[-59.953945,-32.217531],[-59.953736,-32.217665],[-59.952481,-32.2185],[-59.951871,-32.218932],[-59.951652,-32.219116],[-59.951515,-32.219252],[-59.951259,-32.219534],[-59.950968,-32.219838],[-59.950799,-32.219987],[-59.950443,-32.220263],[-59.949332,-32.221051],[-59.948967,-32.221349],[-59.948784,-32.221516],[-59.948518,-32.22178],[-59.948402,-32.221926],[-59.948199,-32.222209],[-59.948044,-32.222494],[-59.947963,-32.222686],[-59.947866,-32.223138],[-59.948014,-32.223385],[-59.947905,-32.223703],[-59.947831,-32.223854],[-59.947673,-32.22408],[-59.947456,-32.224287],[-59.947253,-32.224417],[-59.946983,-32.224496],[-59.946712,-32.224516],[-59.946416,-32.224559],[-59.94546,-32.224851],[-59.944993,-32.225025],[-59.944694,-32.225166],[-59.944554,-32.225244],[-59.944258,-32.22543],[-59.944137,-32.225567],[-59.944042,-32.225714],[-59.943894,-32.226039],[-59.94378,-32.226266],[-59.94362,-32.226456],[-59.943431,-32.226618],[-59.943295,-32.226732],[-59.943007,-32.226932],[-59.942795,-32.227089],[-59.942493,-32.22733],[-59.942372,-32.227453],[-59.942306,-32.227609],[-59.94233,-32.227758],[-59.942394,-32.227922],[-59.942576,-32.228256],[-59.942695,-32.228497],[-59.942731,-32.228701],[-59.94258,-32.228855],[-59.942296,-32.228938],[-59.942104,-32.228983],[-59.941719,-32.229064],[-59.941138,-32.229158],[-59.940238,-32.229276],[-59.939525,-32.229358],[-59.938626,-32.229449],[-59.938174,-32.229501],[-59.93795,-32.229531],[-59.937576,-32.22963],[-59.937291,-32.22975],[-59.937008,-32.229887],[-59.93647,-32.230207],[-59.936062,-32.230445],[-59.935787,-32.230583],[-59.935641,-32.230647],[-59.935424,-32.230723],[-59.935082,-32.230796],[-59.932641,-32.231106],[-59.929288,-32.231511],[-59.928943,-32.231588],[-59.928551,-32.231736],[-59.928292,-32.231865],[-59.927547,-32.23228],[-59.927185,-32.23246],[-59.927005,-32.232528],[-59.926693,-32.232601],[-59.926529,-32.232579],[-59.926381,-32.23249],[-59.926234,-32.232365],[-59.925956,-32.232038],[-59.925739,-32.231794],[-59.92559,-32.231651],[-59.925387,-32.231542],[-59.925195,-32.231506],[-59.924966,-32.231532],[-59.924502,-32.231615],[-59.92419,-32.231689],[-59.923558,-32.231858],[-59.923079,-32.231991],[-59.922596,-32.232101],[-59.922358,-32.232144],[-59.921997,-32.232185],[-59.921795,-32.232198],[-59.921397,-32.232198],[-59.920186,-32.232118],[-59.91978,-32.232127],[-59.919586,-32.232135],[-59.919282,-32.232186],[-59.919017,-32.232261],[-59.918721,-32.232394],[-59.918535,-32.232502],[-59.918244,-32.232711],[-59.917961,-32.232997],[-59.917854,-32.233179],[-59.917762,-32.233316],[-59.917581,-32.23351],[-59.917186,-32.233884],[-59.916767,-32.234225],[-59.916473,-32.234443],[-59.916267,-32.234582],[-59.915847,-32.234851],[-59.915567,-32.23498],[-59.915187,-32.235079],[-59.914807,-32.235119],[-59.914421,-32.235082],[-59.914111,-32.234998],[-59.913964,-32.234873],[-59.913842,-32.234717],[-59.913616,-32.23436],[-59.913417,-32.234121],[-59.913186,-32.233984],[-59.912945,-32.233879],[-59.912754,-32.233811],[-59.912452,-32.233723],[-59.911999,-32.233644],[-59.911567,-32.233643],[-59.911273,-32.233717],[-59.911136,-32.233857],[-59.911016,-32.23403],[-59.910916,-32.234163],[-59.910806,-32.234273],[-59.910634,-32.23435],[-59.910447,-32.234377],[-59.910077,-32.234422],[-59.908933,-32.234484],[-59.908364,-32.234533],[-59.908081,-32.234576],[-59.907454,-32.234691],[-59.907147,-32.23476],[-59.906685,-32.234875],[-59.90623,-32.234999],[-59.906005,-32.23507],[-59.905763,-32.235181],[-59.905587,-32.235285],[-59.905355,-32.235487],[-59.904908,-32.235922],[-59.904678,-32.236128],[-59.904553,-32.23622],[-59.904353,-32.236336],[-59.903903,-32.236537],[-59.903656,-32.23663],[-59.903263,-32.236747],[-59.902873,-32.236814],[-59.902682,-32.236823],[-59.902334,-32.236787],[-59.902176,-32.236734],[-59.901958,-32.236607],[-59.900738,-32.235612],[-59.899567,-32.23466],[-59.899228,-32.234399],[-59.899052,-32.234273],[-59.89878,-32.234086],[-59.898357,-32.233833],[-59.897922,-32.233615],[-59.897618,-32.233495],[-59.897426,-32.233449],[-59.897091,-32.233423],[-59.896817,-32.233443],[-59.896465,-32.233516],[-59.896178,-32.233599],[-59.895751,-32.233764],[-59.895474,-32.233892],[-59.894942,-32.234159],[-59.894748,-32.234267],[-59.894393,-32.234483],[-59.894065,-32.234714],[-59.89386,-32.23488],[-59.893729,-32.234994],[-59.893402,-32.235346],[-59.893326,-32.235606],[-59.893212,-32.235783],[-59.892948,-32.235966],[-59.89277,-32.236079],[-59.89241,-32.236273],[-59.892217,-32.236354],[-59.891835,-32.236498],[-59.89145,-32.23661],[-59.891183,-32.236671],[-59.890652,-32.236775],[-59.890343,-32.236808],[-59.889959,-32.236807],[-59.889697,-32.236778],[-59.889526,-32.236752],[-59.889195,-32.236671],[-59.888854,-32.236546],[-59.888705,-32.236411],[-59.888584,-32.236246],[-59.888392,-32.235872],[-59.888284,-32.235707],[-59.888103,-32.235554],[-59.887837,-32.235453],[-59.887589,-32.235411],[-59.887302,-32.235413],[-59.887119,-32.23544],[-59.886928,-32.235507],[-59.886776,-32.235611],[-59.886628,-32.235761],[-59.88652,-32.235898],[-59.886387,-32.236124],[-59.886142,-32.236637],[-59.885952,-32.23701],[-59.885708,-32.237329],[-59.885552,-32.237456],[-59.885277,-32.237584],[-59.88456,-32.237787],[-59.88311,-32.238184],[-59.882034,-32.238486],[-59.881626,-32.238611],[-59.880818,-32.238844],[-59.880215,-32.239027],[-59.879617,-32.239233],[-59.879319,-32.239343],[-59.879037,-32.239462],[-59.878856,-32.239552],[-59.87851,-32.239747],[-59.878344,-32.239855],[-59.878022,-32.240072],[-59.877082,-32.240788],[-59.876571,-32.241181],[-59.876328,-32.241387],[-59.875965,-32.241693],[-59.875367,-32.242264],[-59.875207,-32.242445],[-59.875068,-32.242644],[-59.87481,-32.243053],[-59.874606,-32.243345],[-59.874394,-32.243578],[-59.874179,-32.243753],[-59.874027,-32.243858],[-59.873699,-32.244057],[-59.873455,-32.244209],[-59.873131,-32.244466],[-59.872996,-32.244612],[-59.872909,-32.244745],[-59.872773,-32.245016],[-59.8727,-32.245208],[-59.872578,-32.245597],[-59.872486,-32.245892],[-59.872381,-32.246174],[-59.872315,-32.246316],[-59.872197,-32.246512],[-59.872029,-32.24676],[-59.871665,-32.247237],[-59.871425,-32.247515],[-59.870911,-32.248052],[-59.870544,-32.248458],[-59.870437,-32.24864],[-59.8704,-32.248891],[-59.870412,-32.249067],[-59.870509,-32.249881],[-59.870044,-32.250288],[-59.86969,-32.250243],[-59.869424,-32.250214],[-59.869125,-32.250261],[-59.869035,-32.250425],[-59.869026,-32.250673],[-59.869048,-32.250872],[-59.869073,-32.251021],[-59.869075,-32.25117],[-59.869048,-32.25135],[-59.86887,-32.251895],[-59.868752,-32.252167],[-59.868613,-32.252438],[-59.868526,-32.252567],[-59.868301,-32.252868],[-59.86818,-32.253013],[-59.867984,-32.253216],[-59.867672,-32.253501],[-59.867329,-32.253758],[-59.867142,-32.25388],[-59.866943,-32.253974],[-59.866532,-32.254117],[-59.866328,-32.254193],[-59.866153,-32.254288],[-59.86599,-32.254396],[-59.86554,-32.254764],[-59.8653,-32.254938],[-59.865082,-32.255045],[-59.864759,-32.255114],[-59.864474,-32.255138],[-59.864269,-32.255156],[-59.863973,-32.25522],[-59.863529,-32.255471],[-59.862957,-32.255916],[-59.862663,-32.256134],[-59.862507,-32.25622],[-59.862158,-32.256401],[-59.861439,-32.256734],[-59.861083,-32.256901],[-59.860913,-32.256992],[-59.860747,-32.257114],[-59.860371,-32.257492],[-59.860217,-32.257574],[-59.86002,-32.257663],[-59.85961,-32.257793],[-59.859196,-32.257891],[-59.858921,-32.257947],[-59.858353,-32.258032],[-59.858082,-32.258057],[-59.857535,-32.258075],[-59.857133,-32.258123],[-59.856941,-32.258155],[-59.856588,-32.258254],[-59.856236,-32.258385],[-59.856007,-32.258478],[-59.855449,-32.258753],[-59.855262,-32.258865],[-59.854992,-32.259088],[-59.854737,-32.259406],[-59.854745,-32.259632],[-59.854814,-32.259872],[-59.854866,-32.260054],[-59.854881,-32.260226],[-59.854828,-32.260382],[-59.854726,-32.260501],[-59.854556,-32.26065],[-59.854374,-32.260781],[-59.854241,-32.260858],[-59.85395,-32.261],[-59.853574,-32.261153],[-59.853378,-32.261224],[-59.853086,-32.261307],[-59.852643,-32.261382],[-59.852452,-32.261386],[-59.852227,-32.261362],[-59.852035,-32.261317],[-59.851876,-32.261241],[-59.851573,-32.261044],[-59.851336,-32.260912],[-59.850942,-32.260745],[-59.850087,-32.260462],[-59.849673,-32.260312],[-59.84948,-32.260231],[-59.849322,-32.260118],[-59.849236,-32.259986],[-59.849159,-32.25984],[-59.849038,-32.259512],[-59.848942,-32.259289],[-59.848865,-32.259161],[-59.848736,-32.259049],[-59.848578,-32.259005],[-59.848385,-32.259005],[-59.847997,-32.259026],[-59.847603,-32.25908],[-59.847336,-32.259123],[-59.84682,-32.259231],[-59.846444,-32.259321],[-59.845684,-32.259514],[-59.845307,-32.259599],[-59.845016,-32.259646],[-59.84481,-32.259645],[-59.844184,-32.259557],[-59.843983,-32.259552],[-59.84373,-32.259587],[-59.842998,-32.25983],[-59.84155,-32.260357],[-59.841373,-32.260415],[-59.841022,-32.260519],[-59.840762,-32.260607],[-59.840509,-32.260727],[-59.84029,-32.260902],[-59.84022,-32.261089],[-59.840197,-32.261292],[-59.840171,-32.26144],[-59.840153,-32.261588],[-59.840118,-32.261889],[-59.840065,-32.262117],[-59.839955,-32.262381],[-59.839752,-32.262659],[-59.839587,-32.262831],[-59.839401,-32.262988],[-59.839257,-32.263098],[-59.838951,-32.263293],[-59.838697,-32.263426],[-59.838388,-32.263544],[-59.838182,-32.263598],[-59.837832,-32.263652],[-59.837448,-32.263642],[-59.83722,-32.263587],[-59.836992,-32.263509],[-59.836537,-32.263304],[-59.836196,-32.263192],[-59.83602,-32.263152],[-59.835553,-32.26309],[-59.835307,-32.263075],[-59.834938,-32.263088],[-59.834588,-32.26317],[-59.834329,-32.263298],[-59.834162,-32.263429],[-59.834027,-32.263579],[-59.833778,-32.263897],[-59.833584,-32.264131],[-59.833466,-32.264237],[-59.833033,-32.264564],[-59.832813,-32.26472],[-59.832466,-32.264941],[-59.832106,-32.26514],[-59.831856,-32.265246],[-59.831573,-32.265239],[-59.831147,-32.265125],[-59.830982,-32.265129],[-59.830684,-32.265239],[-59.830467,-32.265378],[-59.830257,-32.265544],[-59.829849,-32.265926],[-59.82954,-32.266197],[-59.829204,-32.266414],[-59.829034,-32.266482],[-59.828839,-32.266527],[-59.828606,-32.26653],[-59.828331,-32.2665],[-59.828152,-32.266464],[-59.827778,-32.266383],[-59.827504,-32.266322],[-59.827088,-32.266262],[-59.826878,-32.266256],[-59.82631,-32.266278],[-59.826026,-32.266298],[-59.825336,-32.266393],[-59.824817,-32.266524],[-59.824429,-32.266614],[-59.824226,-32.266667],[-59.823816,-32.266792],[-59.823607,-32.266832],[-59.823369,-32.26683],[-59.823201,-32.266786],[-59.823003,-32.266668],[-59.822908,-32.266512],[-59.822887,-32.266341],[-59.822917,-32.266179],[-59.823082,-32.265859],[-59.823101,-32.265621],[-59.822956,-32.265279],[-59.822842,-32.265055],[-59.822571,-32.264621],[-59.822266,-32.264167],[-59.822106,-32.263946],[-59.821926,-32.26373],[-59.821723,-32.263527],[-59.821494,-32.263341],[-59.82125,-32.263181],[-59.821084,-32.263083],[-59.820714,-32.262902],[-59.820319,-32.26273],[-59.820117,-32.262671],[-59.819808,-32.262627],[-59.819562,-32.262625],[-59.81906,-32.262644],[-59.81856,-32.262686],[-59.818233,-32.262718],[-59.81757,-32.262805],[-59.816914,-32.26291],[-59.815598,-32.263143],[-59.814601,-32.263293],[-59.814229,-32.263329],[-59.81347,-32.263346],[-59.813082,-32.263363],[-59.812901,-32.263381],[-59.812728,-32.263408],[-59.812389,-32.263485],[-59.812062,-32.26358],[-59.811402,-32.263798],[-59.810914,-32.263952],[-59.810665,-32.264014],[-59.810303,-32.264072],[-59.810013,-32.264096],[-59.809718,-32.264098],[-59.809119,-32.264087],[-59.808674,-32.264099],[-59.808227,-32.264137],[-59.80801,-32.264181],[-59.807794,-32.264239],[-59.807578,-32.264332],[-59.807404,-32.264459],[-59.807185,-32.264723],[-59.807038,-32.265008],[-59.807042,-32.265188],[-59.806823,-32.265309],[-59.806675,-32.265373],[-59.806241,-32.265506],[-59.80595,-32.265544],[-59.805655,-32.265563],[-59.805462,-32.265563],[-59.805073,-32.265544],[-59.804798,-32.265505],[-59.804256,-32.265384],[-59.803848,-32.265315],[-59.803616,-32.265336],[-59.803142,-32.265477],[-59.802902,-32.265516],[-59.802739,-32.26539],[-59.802815,-32.265194],[-59.802788,-32.265045],[-59.802417,-32.264819],[-59.802219,-32.264719],[-59.801929,-32.264613],[-59.801738,-32.26459],[-59.801509,-32.264638],[-59.80115,-32.264809],[-59.800454,-32.265215],[-59.800095,-32.265404],[-59.799912,-32.26549],[-59.799507,-32.265691],[-59.798695,-32.266094],[-59.798072,-32.26638],[-59.797642,-32.26655],[-59.797425,-32.266616],[-59.797087,-32.266707],[-59.796721,-32.266792],[-59.795995,-32.266931],[-59.795262,-32.267048],[-59.793786,-32.267249],[-59.791892,-32.267494],[-59.791634,-32.267524],[-59.791393,-32.267576],[-59.790523,-32.267509],[-59.789651,-32.26787],[-59.789425,-32.267963],[-59.789169,-32.268164],[-59.789012,-32.268326],[-59.788896,-32.26862],[-59.788658,-32.268739],[-59.788499,-32.268699],[-59.78836,-32.26862],[-59.788181,-32.268499],[-59.788158,-32.268341],[-59.78806,-32.268185],[-59.787641,-32.267886],[-59.787423,-32.267741],[-59.787205,-32.267618],[-59.786953,-32.267526],[-59.786773,-32.26733],[-59.786535,-32.266715],[-59.786495,-32.26604],[-59.786059,-32.265763],[-59.785622,-32.265703],[-59.785166,-32.266219],[-59.784392,-32.267191],[-59.784035,-32.267608],[-59.783658,-32.267747],[-59.783479,-32.268243],[-59.783182,-32.268659],[-59.782978,-32.268898],[-59.782639,-32.269038],[-59.782462,-32.269079],[-59.782295,-32.269079],[-59.78205,-32.269041],[-59.781737,-32.268966],[-59.780797,-32.268694],[-59.780319,-32.268574],[-59.780074,-32.268522],[-59.778825,-32.26831],[-59.778197,-32.268217],[-59.777574,-32.268148],[-59.777259,-32.268112],[-59.776921,-32.268095],[-59.776693,-32.268093],[-59.776233,-32.268118],[-59.776009,-32.268144],[-59.775551,-32.268204],[-59.7751,-32.268296],[-59.774795,-32.26836],[-59.774185,-32.268512],[-59.773951,-32.268605],[-59.773781,-32.268704],[-59.773628,-32.268813],[-59.77333,-32.269075],[-59.773106,-32.269263],[-59.772954,-32.269377],[-59.772748,-32.269484],[-59.772536,-32.269551],[-59.772153,-32.269604],[-59.771831,-32.269623],[-59.771354,-32.26962],[-59.771034,-32.269598],[-59.770272,-32.269533],[-59.770012,-32.269464],[-59.769169,-32.269181],[-59.768407,-32.269197],[-59.768134,-32.269339],[-59.767968,-32.269465],[-59.767734,-32.269716],[-59.767548,-32.270027],[-59.767518,-32.270179],[-59.76751,-32.270332],[-59.767539,-32.270639],[-59.767529,-32.270991],[-59.767476,-32.271219],[-59.76738,-32.271699],[-59.767261,-32.272038],[-59.767177,-32.272171],[-59.767045,-32.272321],[-59.766884,-32.272438],[-59.766689,-32.272542],[-59.76609,-32.272981],[-59.765487,-32.273033],[-59.765081,-32.27319],[-59.764236,-32.273533],[-59.763801,-32.273684],[-59.7636,-32.273738],[-59.763379,-32.273754],[-59.763057,-32.273728],[-59.762783,-32.273676],[-59.762513,-32.273588],[-59.761963,-32.273394],[-59.761548,-32.273266],[-59.761341,-32.27322],[-59.761032,-32.27318],[-59.760631,-32.273184],[-59.760428,-32.273215],[-59.760131,-32.273315],[-59.76001,-32.273488],[-59.760018,-32.273641],[-59.760123,-32.273973],[-59.760144,-32.274122],[-59.760075,-32.274269],[-59.759887,-32.274408],[-59.75949,-32.274686],[-59.758232,-32.275465],[-59.757827,-32.275743],[-59.757628,-32.275891],[-59.757355,-32.276114],[-59.75613,-32.27724],[-59.755635,-32.277647],[-59.755292,-32.277913],[-59.754582,-32.278417],[-59.754379,-32.278516],[-59.7542,-32.278561],[-59.75401,-32.278596],[-59.753601,-32.278622],[-59.753295,-32.278654],[-59.753105,-32.27869],[-59.752893,-32.278779],[-59.752724,-32.278906],[-59.752498,-32.279143],[-59.752365,-32.279306],[-59.752132,-32.279647],[-59.752028,-32.27982],[-59.751853,-32.280181],[-59.751708,-32.280542],[-59.75163,-32.280792],[-59.751493,-32.281298],[-59.751376,-32.281881],[-59.751191,-32.283052],[-59.751075,-32.283635],[-59.751007,-32.283921],[-59.750737,-32.284852],[-59.750538,-32.285459],[-59.750396,-32.28587],[-59.750097,-32.286678],[-59.74999,-32.286851],[-59.749648,-32.287288],[-59.749611,-32.28744],[-59.749606,-32.288305],[-59.749608,-32.289382],[-59.749622,-32.289657],[-59.749642,-32.289843],[-59.749778,-32.290319],[-59.749985,-32.29046],[-59.750261,-32.290553],[-59.750473,-32.290626],[-59.750647,-32.290716],[-59.750759,-32.290845],[-59.750794,-32.290981],[-59.750806,-32.291184],[-59.750777,-32.291395],[-59.750688,-32.291816],[-59.750653,-32.292126],[-59.750663,-32.292284],[-59.750758,-32.29267],[-59.750831,-32.292861],[-59.751044,-32.2932],[-59.751202,-32.293222],[-59.751538,-32.293194],[-59.751728,-32.293276],[-59.751756,-32.293475],[-59.751748,-32.293614],[-59.751728,-32.293884],[-59.751718,-32.294087],[-59.751725,-32.294253],[-59.751741,-32.294493],[-59.751831,-32.294635],[-59.752019,-32.294784],[-59.752235,-32.294906],[-59.752415,-32.294979],[-59.752688,-32.295058],[-59.752881,-32.295094],[-59.753261,-32.295154],[-59.753693,-32.295232],[-59.753906,-32.295278],[-59.754083,-32.295301],[-59.75444,-32.295319],[-59.754614,-32.295346],[-59.754781,-32.29545],[-59.754859,-32.295641],[-59.75515,-32.295887],[-59.755307,-32.295999],[-59.755643,-32.296179],[-59.755853,-32.296248],[-59.756027,-32.296279],[-59.756299,-32.296309],[-59.756477,-32.296309],[-59.75669,-32.296274],[-59.75684,-32.296223],[-59.756995,-32.296128],[-59.7571,-32.296005],[-59.757184,-32.295737],[-59.75721,-32.295521],[-59.757237,-32.29536],[-59.7573,-32.295158],[-59.757379,-32.29503],[-59.757568,-32.294796],[-59.757755,-32.294611],[-59.758185,-32.294289],[-59.758387,-32.294119],[-59.758534,-32.293938],[-59.758538,-32.293762],[-59.758502,-32.293572],[-59.758481,-32.293427],[-59.758491,-32.293283],[-59.758587,-32.293123],[-59.758723,-32.293028],[-59.758908,-32.292992],[-59.759139,-32.293047],[-59.759327,-32.293133],[-59.759506,-32.293237],[-59.759739,-32.293405],[-59.759849,-32.293507],[-59.760079,-32.293756],[-59.760174,-32.29393],[-59.760217,-32.294138],[-59.760215,-32.294278],[-59.760151,-32.294709],[-59.760141,-32.295015],[-59.76018,-32.29516],[-59.760241,-32.295315],[-59.760395,-32.295616],[-59.760505,-32.295818],[-59.760762,-32.296198],[-59.761016,-32.296511],[-59.761185,-32.29661],[-59.761258,-32.296792],[-59.761253,-32.296932],[-59.761205,-32.297228],[-59.761192,-32.297367],[-59.761234,-32.297517],[-59.761336,-32.297632],[-59.761489,-32.297749],[-59.761643,-32.297825],[-59.761899,-32.297926],[-59.76246,-32.298116],[-59.762853,-32.298261],[-59.763001,-32.298342],[-59.763153,-32.298454],[-59.763247,-32.298573],[-59.763308,-32.298791],[-59.763306,-32.299692],[-59.763302,-32.300688],[-59.763302,-32.301594],[-59.763269,-32.301769],[-59.763146,-32.30195],[-59.763028,-32.302055],[-59.762894,-32.30216],[-59.762603,-32.302369],[-59.762294,-32.302622],[-59.762183,-32.302768],[-59.761879,-32.303256],[-59.761743,-32.303514],[-59.761573,-32.303888],[-59.761491,-32.304251],[-59.761498,-32.304566],[-59.761566,-32.30482],[-59.761684,-32.305076],[-59.761844,-32.305355],[-59.762004,-32.30557],[-59.762337,-32.305967],[-59.763016,-32.3067],[-59.764134,-32.307883],[-59.764335,-32.308036],[-59.764504,-32.308059],[-59.764783,-32.308043],[-59.764985,-32.308107],[-59.765115,-32.308259],[-59.765354,-32.308558],[-59.766098,-32.309555],[-59.766736,-32.310418],[-59.766839,-32.310655],[-59.766879,-32.310868],[-59.766945,-32.311095],[-59.767074,-32.311427],[-59.767156,-32.311596],[-59.767742,-32.312634],[-59.768197,-32.313425],[-59.768536,-32.313876],[-59.768752,-32.313863],[-59.76902,-32.31387],[-59.769145,-32.314008],[-59.76934,-32.314324],[-59.769474,-32.314521],[-59.769559,-32.314672],[-59.769601,-32.314903],[-59.769535,-32.31519],[-59.769455,-32.315418],[-59.769359,-32.315654],[-59.769123,-32.316112],[-59.768954,-32.316459],[-59.76888,-32.316601],[-59.768719,-32.316881],[-59.768653,-32.317019],[-59.768612,-32.317189],[-59.768603,-32.317378],[-59.768638,-32.317577],[-59.768741,-32.317968],[-59.768821,-32.318262],[-59.76884,-32.318407],[-59.768868,-32.318867],[-59.768868,-32.319102],[-59.768819,-32.319515],[-59.768696,-32.319615],[-59.768505,-32.319678],[-59.768054,-32.319757],[-59.767856,-32.319797],[-59.767705,-32.319942],[-59.767669,-32.320152],[-59.767682,-32.32031],[-59.76775,-32.320551],[-59.767833,-32.320684],[-59.767985,-32.3208],[-59.768148,-32.320854],[-59.768485,-32.320917],[-59.768729,-32.320986],[-59.768993,-32.321119],[-59.769272,-32.321329],[-59.769795,-32.321752],[-59.770184,-32.322087],[-59.770431,-32.322084],[-59.770714,-32.322019],[-59.77092,-32.321979],[-59.771187,-32.322],[-59.771323,-32.322134],[-59.771393,-32.322262],[-59.771436,-32.322394],[-59.771495,-32.322666],[-59.771603,-32.323069],[-59.77163,-32.323277],[-59.771591,-32.323475],[-59.771485,-32.323643],[-59.771332,-32.323765],[-59.771138,-32.32385],[-59.770714,-32.32397],[-59.770267,-32.324152],[-59.770042,-32.324291],[-59.769568,-32.324563],[-59.769252,-32.324798],[-59.769128,-32.32493],[-59.768338,-32.324391],[-59.768131,-32.324301],[-59.767659,-32.324234],[-59.767415,-32.324233],[-59.766995,-32.324087],[-59.76649,-32.323812],[-59.766145,-32.323614],[-59.765971,-32.323497],[-59.76584,-32.323381],[-59.765687,-32.323211],[-59.765363,-32.322914],[-59.765236,-32.322816],[-59.765099,-32.322722],[-59.76494,-32.32266],[-59.764771,-32.322628],[-59.764423,-32.322624],[-59.764254,-32.322606],[-59.763744,-32.322489],[-59.763489,-32.322429],[-59.763116,-32.32232],[-59.762562,-32.322135],[-59.762348,-32.321962],[-59.762099,-32.321884],[-59.761829,-32.321872],[-59.761283,-32.321705],[-59.761082,-32.321623],[-59.760784,-32.321499],[-59.760502,-32.321352],[-59.760364,-32.321276],[-59.760106,-32.321089],[-59.759979,-32.320991],[-59.759799,-32.320833],[-59.759709,-32.320691],[-59.759678,-32.320497],[-59.759689,-32.320362],[-59.759717,-32.320223],[-59.7598,-32.319991],[-59.759896,-32.319836],[-59.760212,-32.319533],[-59.760468,-32.319341],[-59.760806,-32.319084],[-59.760959,-32.318953],[-59.761086,-32.318812],[-59.761193,-32.318639],[-59.761185,-32.318495],[-59.761008,-32.318251],[-59.760868,-32.318094],[-59.760772,-32.317943],[-59.760822,-32.317751],[-59.76096,-32.317651],[-59.761109,-32.317578],[-59.761367,-32.317476],[-59.761703,-32.31735],[-59.761929,-32.317202],[-59.76192,-32.316999],[-59.761742,-32.316801],[-59.761402,-32.316513],[-59.761121,-32.315911],[-59.761201,-32.31521],[-59.761285,-32.315019],[-59.761478,-32.314825],[-59.761783,-32.314594],[-59.761914,-32.314481],[-59.762005,-32.314312],[-59.761849,-32.314155],[-59.761588,-32.314026],[-59.761421,-32.313896],[-59.761361,-32.313326],[-59.761359,-32.313079],[-59.761456,-32.311409],[-59.761449,-32.310873],[-59.761429,-32.310607],[-59.761383,-32.31034],[-59.761272,-32.309945],[-59.761218,-32.309813],[-59.761125,-32.309608],[-59.760932,-32.309373],[-59.760772,-32.309238],[-59.760387,-32.309034],[-59.760185,-32.308962],[-59.759773,-32.308847],[-59.759469,-32.308799],[-59.759099,-32.308772],[-59.758912,-32.308794],[-59.758666,-32.308855],[-59.75827,-32.308885],[-59.757923,-32.308872],[-59.757722,-32.308844],[-59.757504,-32.308771],[-59.757359,-32.308695],[-59.757175,-32.308632],[-59.756943,-32.308603],[-59.756626,-32.308573],[-59.756331,-32.308489],[-59.75614,-32.30834],[-59.756009,-32.308165],[-59.75538,-32.307644],[-59.755162,-32.307503],[-59.754872,-32.30732],[-59.754735,-32.307222],[-59.754578,-32.307065],[-59.754398,-32.306835],[-59.754188,-32.306631],[-59.754025,-32.30651],[-59.753879,-32.306227],[-59.753833,-32.306086],[-59.753754,-32.305795],[-59.753657,-32.305365],[-59.753514,-32.304487],[-59.753394,-32.303754],[-59.753381,-32.303605],[-59.753373,-32.303303],[-59.753403,-32.302695],[-59.7534,-32.302393],[-59.753373,-32.302122],[-59.753289,-32.301796],[-59.753208,-32.3016],[-59.753055,-32.301366],[-59.752806,-32.301121],[-59.752235,-32.300692],[-59.752063,-32.300543],[-59.751923,-32.300373],[-59.751813,-32.300181],[-59.751666,-32.29992],[-59.751586,-32.299796],[-59.751492,-32.299681],[-59.751361,-32.299552],[-59.751185,-32.299421],[-59.750817,-32.299177],[-59.750644,-32.299051],[-59.750477,-32.298894],[-59.75027,-32.298681],[-59.750152,-32.298579],[-59.749977,-32.298489],[-59.74982,-32.298444],[-59.749306,-32.298345],[-59.749146,-32.298296],[-59.748998,-32.298207],[-59.748854,-32.298063],[-59.748589,-32.297759],[-59.748435,-32.297638],[-59.748222,-32.29757],[-59.748017,-32.297537],[-59.747825,-32.297478],[-59.747571,-32.297246],[-59.747413,-32.29713],[-59.747185,-32.296984],[-59.746974,-32.296794],[-59.746788,-32.296573],[-59.746635,-32.296335],[-59.746551,-32.296175],[-59.746407,-32.295829],[-59.746366,-32.295638],[-59.746361,-32.29548],[-59.746383,-32.295012],[-59.74637,-32.294859],[-59.746276,-32.294586],[-59.74615,-32.294403],[-59.746002,-32.2943],[-59.74578,-32.294213],[-59.745309,-32.294111],[-59.74516,-32.294057],[-59.744411,-32.293623],[-59.744079,-32.293412],[-59.743596,-32.293066],[-59.743268,-32.292814],[-59.74313,-32.292676],[-59.743034,-32.292524],[-59.742988,-32.292253],[-59.742954,-32.291887],[-59.742884,-32.291083],[-59.742987,-32.290203],[-59.743023,-32.290037],[-59.743042,-32.28965],[-59.743035,-32.289456],[-59.742993,-32.289171],[-59.742902,-32.288957],[-59.742737,-32.288687],[-59.742686,-32.288541],[-59.742596,-32.288097],[-59.742535,-32.28774],[-59.742451,-32.28726],[-59.74242,-32.287021],[-59.74239,-32.286664],[-59.742383,-32.286483],[-59.742385,-32.285776],[-59.742389,-32.284992],[-59.742463,-32.284845],[-59.742607,-32.284755],[-59.742787,-32.284678],[-59.743027,-32.284581],[-59.743191,-32.284454],[-59.74313,-32.283331],[-59.743098,-32.282659],[-59.74307,-32.282342],[-59.743065,-32.282031],[-59.743081,-32.281874],[-59.743135,-32.281641],[-59.743263,-32.28146],[-59.743522,-32.281268],[-59.743629,-32.281167],[-59.743693,-32.280998],[-59.743819,-32.280893],[-59.743977,-32.280856],[-59.744266,-32.280864],[-59.744468,-32.280914],[-59.744708,-32.281015],[-59.744885,-32.281132],[-59.744984,-32.281252],[-59.745317,-32.281878],[-59.745586,-32.282353],[-59.745742,-32.282583],[-59.745871,-32.282685],[-59.746071,-32.282744],[-59.746381,-32.282743],[-59.746667,-32.282688],[-59.747112,-32.282546],[-59.74733,-32.282461],[-59.747538,-32.28235],[-59.747813,-32.282145],[-59.747991,-32.281933],[-59.748093,-32.281747],[-59.748142,-32.281617],[-59.748215,-32.281362],[-59.748341,-32.280586],[-59.748409,-32.280331],[-59.749108,-32.278799],[-59.749462,-32.278078],[-59.749934,-32.277112],[-59.750159,-32.276609],[-59.750202,-32.27638],[-59.750199,-32.276223],[-59.750163,-32.275911],[-59.750038,-32.27502],[-59.750013,-32.274695],[-59.750008,-32.274533],[-59.750011,-32.274289],[-59.750045,-32.274151],[-59.750138,-32.274004],[-59.750399,-32.273741],[-59.750637,-32.273539],[-59.750802,-32.273318],[-59.750844,-32.273162],[-59.750862,-32.272806],[-59.750877,-32.272095],[-59.75088,-32.271703],[-59.75087,-32.27141],[-59.750843,-32.271265],[-59.750774,-32.271128],[-59.750667,-32.270999],[-59.750548,-32.270901],[-59.750146,-32.27067],[-59.749959,-32.270562],[-59.749801,-32.270517],[-59.749238,-32.270534],[-59.749035,-32.270506],[-59.748818,-32.270429],[-59.748565,-32.270296],[-59.748364,-32.270142],[-59.748024,-32.269723],[-59.74784,-32.269381],[-59.74779,-32.269208],[-59.747786,-32.269014],[-59.747813,-32.268862],[-59.747959,-32.26855],[-59.748231,-32.268152],[-59.748336,-32.267943],[-59.748364,-32.267691],[-59.748356,-32.267461],[-59.748401,-32.267237],[-59.748573,-32.267039],[-59.748763,-32.266908],[-59.748939,-32.266814],[-59.749222,-32.266695],[-59.749611,-32.266561],[-59.749791,-32.266489],[-59.749966,-32.266403],[-59.750157,-32.266277],[-59.750332,-32.266124],[-59.750442,-32.26601],[-59.750657,-32.265777],[-59.750865,-32.26553],[-59.751141,-32.265203],[-59.751285,-32.265036],[-59.751516,-32.264821],[-59.751636,-32.26472],[-59.751789,-32.264652],[-59.752271,-32.264606],[-59.752491,-32.26454],[-59.75264,-32.264296],[-59.752785,-32.263952],[-59.752906,-32.263613],[-59.753116,-32.26292],[-59.753239,-32.26245],[-59.753264,-32.262253],[-59.753242,-32.261851],[-59.753157,-32.261313],[-59.753146,-32.261037],[-59.753171,-32.260862],[-59.753502,-32.260344],[-59.753887,-32.260043],[-59.754018,-32.259924],[-59.754668,-32.259175],[-59.754851,-32.258941],[-59.754932,-32.258822],[-59.755068,-32.258577],[-59.755183,-32.258256],[-59.7552,-32.258089],[-59.755127,-32.257759],[-59.755031,-32.257535],[-59.754745,-32.256857],[-59.754182,-32.25674],[-59.754738,-32.256163],[-59.754735,-32.256023],[-59.754697,-32.255824],[-59.754586,-32.255523],[-59.7545,-32.255327],[-59.754299,-32.254935],[-59.754075,-32.254528],[-59.753597,-32.253736],[-59.753467,-32.253517],[-59.753259,-32.253263],[-59.75314,-32.253166],[-59.752957,-32.253098],[-59.752552,-32.253232],[-59.752186,-32.253393],[-59.751996,-32.253443],[-59.751815,-32.253447],[-59.751445,-32.253338],[-59.751273,-32.253262],[-59.750958,-32.253096],[-59.750714,-32.252964],[-59.750432,-32.252758],[-59.750172,-32.252535],[-59.750057,-32.252406],[-59.749961,-32.252282],[-59.749905,-32.252132],[-59.749944,-32.251943],[-59.750229,-32.251613],[-59.750436,-32.251393],[-59.750878,-32.250963],[-59.751709,-32.250178],[-59.752809,-32.249147],[-59.753345,-32.248611],[-59.753709,-32.248224],[-59.753941,-32.247955],[-59.754395,-32.247413],[-59.754745,-32.246957],[-59.754963,-32.246652],[-59.755108,-32.246435],[-59.755378,-32.246005],[-59.755497,-32.245801],[-59.755565,-32.245658],[-59.755684,-32.245378],[-59.755832,-32.24494],[-59.755914,-32.244654],[-59.756057,-32.244071],[-59.755997,-32.243448],[-59.755937,-32.243194],[-59.755922,-32.242874],[-59.755993,-32.242664],[-59.756175,-32.242457],[-59.756633,-32.24209],[-59.756755,-32.241963],[-59.75684,-32.241713],[-59.756836,-32.241546],[-59.756894,-32.241403],[-59.757197,-32.241213],[-59.757381,-32.241132],[-59.757775,-32.240993],[-59.759004,-32.24066],[-59.759261,-32.240572],[-59.759574,-32.240435],[-59.760479,-32.239959],[-59.760925,-32.239709],[-59.761085,-32.239614],[-59.761386,-32.239419],[-59.761672,-32.239205],[-59.762223,-32.238769],[-59.762318,-32.238622],[-59.762341,-32.23842],[-59.762313,-32.238244],[-59.76215,-32.237667],[-59.76213,-32.237505],[-59.762157,-32.237334],[-59.762294,-32.237212],[-59.7625,-32.237145],[-59.762847,-32.237082],[-59.763542,-32.237],[-59.763886,-32.236941],[-59.764089,-32.236911],[-59.764493,-32.236871],[-59.765035,-32.236836],[-59.765303,-32.236811],[-59.765567,-32.236768],[-59.765969,-32.236648],[-59.766296,-32.236485],[-59.766494,-32.236346],[-59.766688,-32.23618],[-59.766864,-32.235999],[-59.767006,-32.235818],[-59.767082,-32.235694],[-59.767207,-32.235445],[-59.76727,-32.235262],[-59.767341,-32.234881],[-59.767347,-32.234507],[-59.767329,-32.234259],[-59.767272,-32.233761],[-59.767224,-32.233485],[-59.767175,-32.233295],[-59.767058,-32.232927],[-59.766923,-32.232554],[-59.766742,-32.232058],[-59.766663,-32.231813],[-59.76657,-32.231437],[-59.766545,-32.231251],[-59.766528,-32.230976],[-59.76654,-32.230787],[-59.766606,-32.230419],[-59.766678,-32.230259],[-59.766819,-32.2301],[-59.766969,-32.229982],[-59.767211,-32.229813],[-59.767518,-32.229604],[-59.767646,-32.229491],[-59.767738,-32.229376],[-59.767773,-32.229219],[-59.767755,-32.228975],[-59.767716,-32.228798],[-59.767642,-32.228558],[-59.767468,-32.22817],[-59.767396,-32.228038],[-59.767227,-32.227781],[-59.767136,-32.227657],[-59.766983,-32.227495],[-59.766616,-32.227139],[-59.766121,-32.226689],[-59.76588,-32.226453],[-59.765481,-32.226047],[-59.765298,-32.225835],[-59.765017,-32.225517],[-59.764935,-32.225375],[-59.764874,-32.225166],[-59.764861,-32.224985],[-59.764877,-32.224846],[-59.764916,-32.224712],[-59.765011,-32.224516],[-59.765132,-32.224371],[-59.765274,-32.224257],[-59.765415,-32.22418],[-59.765708,-32.224056],[-59.76601,-32.223988],[-59.766625,-32.223895],[-59.766854,-32.223883],[-59.767324,-32.223936],[-59.767737,-32.224005],[-59.767949,-32.224024],[-59.768147,-32.224029],[-59.768443,-32.223978],[-59.768686,-32.223871],[-59.768844,-32.223749],[-59.769089,-32.22349],[-59.769264,-32.223192],[-59.769355,-32.222992],[-59.769508,-32.222572],[-59.769906,-32.22151],[-59.770081,-32.220974],[-59.770241,-32.220437],[-59.770314,-32.22016],[-59.770402,-32.219779],[-59.770564,-32.219017],[-59.770702,-32.218255],[-59.770939,-32.216724],[-59.77095,-32.216589],[-59.770951,-32.216319],[-59.770928,-32.215787],[-59.770942,-32.215521],[-59.771004,-32.215275],[-59.771076,-32.215124],[-59.771264,-32.214826],[-59.771491,-32.214539],[-59.771802,-32.214155],[-59.771936,-32.213956],[-59.772041,-32.213751],[-59.772114,-32.213483],[-59.772136,-32.213245],[-59.772136,-32.213082],[-59.772129,-32.212753],[-59.772098,-32.212428],[-59.772056,-32.21199],[-59.772042,-32.211773],[-59.772046,-32.211449],[-59.772057,-32.211287],[-59.772095,-32.211022],[-59.772201,-32.210489],[-59.772454,-32.209427],[-59.772552,-32.208894],[-59.772563,-32.208736],[-59.7725,-32.208419],[-59.772374,-32.208001],[-59.772334,-32.207793],[-59.772331,-32.207653],[-59.772374,-32.207483],[-59.772495,-32.207284],[-59.772618,-32.207179],[-59.772939,-32.207029],[-59.773316,-32.206917],[-59.77383,-32.206777],[-59.774066,-32.206693],[-59.774209,-32.20662],[-59.774361,-32.206507],[-59.774461,-32.206388],[-59.775142,-32.205342],[-59.775455,-32.20489],[-59.775897,-32.204293],[-59.776109,-32.203992],[-59.776277,-32.203672],[-59.776351,-32.203507],[-59.776437,-32.203257],[-59.776485,-32.202956],[-59.776493,-32.202564],[-59.7765,-32.202366],[-59.776568,-32.201638],[-59.776653,-32.200658],[-59.776692,-32.200172],[-59.776643,-32.199986],[-59.776565,-32.199863],[-59.77644,-32.19972],[-59.776249,-32.199499],[-59.775901,-32.199215],[-59.77539,-32.198855],[-59.775181,-32.198678],[-59.775064,-32.198549],[-59.774974,-32.198389],[-59.775005,-32.198196],[-59.775145,-32.198042],[-59.775344,-32.19789],[-59.775643,-32.197672],[-59.775772,-32.197558],[-59.775879,-32.197444],[-59.775958,-32.197301],[-59.775998,-32.197149],[-59.776043,-32.196844],[-59.776093,-32.196413],[-59.77613,-32.196193],[-59.77618,-32.195987],[-59.77625,-32.195799],[-59.776343,-32.195635],[-59.776481,-32.195413],[-59.776574,-32.195181],[-59.776618,-32.194376],[-59.776644,-32.192876],[-59.776662,-32.192079],[-59.77665,-32.191678],[-59.77657,-32.191527],[-59.776424,-32.191456],[-59.776233,-32.19141],[-59.775961,-32.191358],[-59.775718,-32.191276],[-59.775497,-32.191072],[-59.775317,-32.190765],[-59.775113,-32.190323],[-59.774991,-32.190108],[-59.774895,-32.189984],[-59.774749,-32.18984],[-59.774497,-32.189699],[-59.774129,-32.189532],[-59.773953,-32.189424],[-59.773816,-32.189307],[-59.77356,-32.189062],[-59.773338,-32.188813],[-59.773204,-32.188639],[-59.772973,-32.188272],[-59.772899,-32.188049],[-59.772899,-32.187896],[-59.77299,-32.187574],[-59.773151,-32.187231],[-59.773391,-32.186787],[-59.773486,-32.186578],[-59.773541,-32.186367],[-59.773528,-32.186133],[-59.773391,-32.186052],[-59.773202,-32.186007],[-59.773273,-32.185572],[-59.773401,-32.185327],[-59.773677,-32.184839],[-59.774028,-32.184302],[-59.774298,-32.18398],[-59.774555,-32.183699],[-59.774663,-32.183553],[-59.774743,-32.183397],[-59.774783,-32.183227],[-59.774794,-32.183069],[-59.774769,-32.182578],[-59.774755,-32.182018],[-59.774727,-32.181833],[-59.774621,-32.181461],[-59.774545,-32.181274],[-59.774375,-32.180918],[-59.77407,-32.180401],[-59.773636,-32.179719],[-59.773425,-32.179376],[-59.773167,-32.178972],[-59.772796,-32.178445],[-59.772633,-32.178175],[-59.772571,-32.177998],[-59.772572,-32.177799],[-59.772602,-32.177633],[-59.772693,-32.177374],[-59.772827,-32.177031],[-59.772881,-32.17687],[-59.772903,-32.176699],[-59.77288,-32.1765],[-59.772782,-32.1763],[-59.77266,-32.176152],[-59.772522,-32.176005],[-59.772343,-32.175802],[-59.772175,-32.175541],[-59.772114,-32.17526],[-59.772105,-32.175124],[-59.772118,-32.17485],[-59.772166,-32.174301],[-59.772168,-32.174027],[-59.772145,-32.173841],[-59.772086,-32.173628],[-59.771873,-32.173077],[-59.771711,-32.172717],[-59.771354,-32.172005],[-59.770993,-32.171428],[-59.770911,-32.171205],[-59.770888,-32.170948],[-59.770909,-32.170732],[-59.770966,-32.170405],[-59.771045,-32.169965],[-59.771069,-32.169749],[-59.771058,-32.169537],[-59.770995,-32.169288],[-59.7709,-32.169119],[-59.770638,-32.168806],[-59.770218,-32.168421],[-59.770026,-32.168213],[-59.769928,-32.168067],[-59.769832,-32.167875],[-59.769642,-32.16732],[-59.769559,-32.167043],[-59.769465,-32.166617],[-59.769226,-32.165215],[-59.769097,-32.165121],[-59.768804,-32.165105],[-59.768575,-32.16513],[-59.768315,-32.165133],[-59.768102,-32.165037],[-59.767917,-32.164938],[-59.767184,-32.164698],[-59.765915,-32.164319],[-59.765633,-32.164289],[-59.765485,-32.164213],[-59.765358,-32.164048],[-59.765315,-32.163911],[-59.765315,-32.1637],[-59.765357,-32.163417],[-59.765362,-32.163273],[-59.76534,-32.162925],[-59.765362,-32.16275],[-59.7655,-32.162587],[-59.76569,-32.162529],[-59.765929,-32.162503],[-59.766261,-32.162476],[-59.766421,-32.162457],[-59.766635,-32.162391],[-59.76699,-32.162098],[-59.767116,-32.16197],[-59.767224,-32.161838],[-59.767452,-32.161398],[-59.768196,-32.159826],[-59.768306,-32.159469],[-59.768387,-32.158975],[-59.768449,-32.158733],[-59.76851,-32.158591],[-59.768726,-32.158321],[-59.769074,-32.157988],[-59.76921,-32.157811],[-59.769298,-32.157633],[-59.769302,-32.157435],[-59.769272,-32.157236],[-59.769216,-32.157041],[-59.769063,-32.156645],[-59.768634,-32.155755],[-59.768577,-32.155542],[-59.768555,-32.155361],[-59.768553,-32.155176],[-59.768546,-32.154933],[-59.76849,-32.154639],[-59.768387,-32.154478],[-59.768178,-32.154396],[-59.767997,-32.154369],[-59.767754,-32.154336],[-59.767555,-32.154268],[-59.767344,-32.153942],[-59.767051,-32.15325],[-59.766942,-32.152963],[-59.766846,-32.152672],[-59.766804,-32.152523],[-59.766745,-32.152156],[-59.766735,-32.151913],[-59.766742,-32.151426],[-59.766806,-32.15095],[-59.766765,-32.150701],[-59.766697,-32.150537],[-59.766501,-32.150221],[-59.766324,-32.150077],[-59.766114,-32.150009],[-59.765681,-32.149899],[-59.765511,-32.149827],[-59.765412,-32.14972],[-59.765404,-32.148603],[-59.765404,-32.14808],[-59.765431,-32.147747],[-59.765481,-32.147532],[-59.765529,-32.147389],[-59.765645,-32.147109],[-59.76575,-32.146899],[-59.766002,-32.1465],[-59.766284,-32.146102],[-59.766689,-32.145581],[-59.766883,-32.145324],[-59.76714,-32.145038],[-59.767513,-32.144678],[-59.767681,-32.144493],[-59.7678,-32.144271],[-59.767909,-32.143954],[-59.767991,-32.143812],[-59.768177,-32.143645],[-59.768331,-32.143559],[-59.768692,-32.143442],[-59.7691,-32.143367],[-59.769641,-32.143268],[-59.769805,-32.143171],[-59.770001,-32.143064],[-59.770143,-32.142967],[-59.770258,-32.142887],[-59.77039,-32.142769],[-59.770542,-32.142584],[-59.770678,-32.142465],[-59.771012,-32.142226],[-59.771234,-32.142053],[-59.771492,-32.141884],[-59.771616,-32.141769],[-59.771723,-32.141671],[-59.771749,-32.141449],[-59.771705,-32.14128],[-59.771554,-32.141121],[-59.771359,-32.141014],[-59.771146,-32.140819],[-59.77095,-32.140693],[-59.770824,-32.140577],[-59.770675,-32.140455],[-59.770462,-32.140286],[-59.770302,-32.140144],[-59.770072,-32.139922],[-59.769823,-32.139683],[-59.769619,-32.139239],[-59.769557,-32.138742],[-59.769663,-32.138183],[-59.769856,-32.137663],[-59.770081,-32.137189],[-59.770167,-32.136654],[-59.770128,-32.135878],[-59.77005,-32.135025],[-59.770438,-32.134404],[-59.770826,-32.133706],[-59.770749,-32.133085],[-59.770593,-32.132386],[-59.770749,-32.131766],[-59.770749,-32.131222],[-59.770128,-32.130912],[-59.769352,-32.130757],[-59.768421,-32.130602],[-59.767955,-32.130602],[-59.767412,-32.130602],[-59.767024,-32.130369],[-59.766791,-32.130136],[-59.766946,-32.129437],[-59.767567,-32.128817],[-59.767645,-32.128118],[-59.767257,-32.12773],[-59.766636,-32.127653],[-59.765705,-32.127342],[-59.764851,-32.126954],[-59.76392,-32.126721],[-59.762989,-32.126333],[-59.762135,-32.125868],[-59.761514,-32.125169],[-59.761514,-32.124471],[-59.761514,-32.12385],[-59.761825,-32.123617],[-59.762057,-32.123152],[-59.762057,-32.122609],[-59.761747,-32.122453],[-59.761669,-32.121988],[-59.761825,-32.121445],[-59.762213,-32.121057],[-59.762523,-32.120281],[-59.762523,-32.119039],[-59.762523,-32.118263],[-59.762445,-32.117487],[-59.76229,-32.116789],[-59.761902,-32.116245],[-59.76198,-32.115702],[-59.762756,-32.115314],[-59.763765,-32.115081],[-59.764541,-32.114461],[-59.764696,-32.113685],[-59.764851,-32.112831],[-59.764696,-32.111667],[-59.764463,-32.111124],[-59.764396,-32.110199],[-59.764317,-32.109529],[-59.764827,-32.10913],[-59.76521,-32.109082],[-59.765634,-32.108966],[-59.765932,-32.108848],[-59.766151,-32.108684],[-59.766199,-32.108556],[-59.766246,-32.108397],[-59.766278,-32.108205],[-59.766278,-32.107998],[-59.766278,-32.107759],[-59.766183,-32.107535],[-59.766007,-32.107185],[-59.765848,-32.106898],[-59.765751,-32.106455],[-59.765629,-32.106249],[-59.765546,-32.106049],[-59.765503,-32.105917],[-59.765444,-32.105622],[-59.765671,-32.105177],[-59.766048,-32.104862],[-59.766352,-32.104663],[-59.766887,-32.104485],[-59.767459,-32.104493],[-59.767682,-32.10454],[-59.767909,-32.104559],[-59.768131,-32.104501],[-59.768349,-32.10439],[-59.76862,-32.104289],[-59.768948,-32.104225],[-59.769246,-32.104169],[-59.769608,-32.104053],[-59.769802,-32.10394],[-59.769962,-32.103773],[-59.770016,-32.103594],[-59.770001,-32.103409],[-59.769928,-32.103155],[-59.76983,-32.102711],[-59.769718,-32.10228],[-59.769688,-32.102063],[-59.769691,-32.10191],[-59.769755,-32.101601],[-59.769821,-32.101463],[-59.769937,-32.101326],[-59.770108,-32.101267],[-59.770317,-32.101272],[-59.770591,-32.101172],[-59.770895,-32.10107],[-59.771063,-32.101003],[-59.771198,-32.100969],[-59.771536,-32.100767],[-59.77177,-32.100607],[-59.771905,-32.100524],[-59.772186,-32.100351],[-59.772448,-32.100159],[-59.772819,-32.099855],[-59.772988,-32.099619],[-59.773427,-32.09918],[-59.773697,-32.098876],[-59.774372,-32.098505],[-59.775149,-32.098572],[-59.77606,-32.098707],[-59.776769,-32.098606],[-59.777478,-32.098505],[-59.778221,-32.098268],[-59.778491,-32.097897],[-59.778289,-32.097525],[-59.77785,-32.09712],[-59.777478,-32.096749],[-59.777107,-32.096445],[-59.777006,-32.095939],[-59.777309,-32.095702],[-59.777715,-32.095736],[-59.778559,-32.09577],[-59.779369,-32.095803],[-59.780078,-32.095466],[-59.780483,-32.094993],[-59.780635,-32.094723],[-59.78077,-32.094453],[-59.780669,-32.094115],[-59.780534,-32.093913],[-59.780399,-32.093676],[-59.78023,-32.093373],[-59.780061,-32.093001],[-59.780095,-32.092562],[-59.780264,-32.092157],[-59.780466,-32.091786],[-59.780585,-32.091585],[-59.78075,-32.091112],[-59.780854,-32.090876],[-59.781017,-32.090515],[-59.781222,-32.090177],[-59.781342,-32.090009],[-59.781517,-32.089852],[-59.781697,-32.089761],[-59.781896,-32.089685],[-59.782146,-32.089584],[-59.782359,-32.089454],[-59.782451,-32.089335],[-59.782498,-32.089205],[-59.782531,-32.089008],[-59.782659,-32.088605],[-59.782746,-32.088315],[-59.78279,-32.088181],[-59.782895,-32.087985],[-59.782979,-32.087866],[-59.783115,-32.087747],[-59.783277,-32.087666],[-59.783778,-32.087543],[-59.784555,-32.087523],[-59.784775,-32.087515],[-59.786026,-32.087461],[-59.786216,-32.087466],[-59.786591,-32.087574],[-59.786836,-32.087675],[-59.787159,-32.087805],[-59.787316,-32.087854],[-59.787477,-32.087885],[-59.78767,-32.087886],[-59.787825,-32.087826],[-59.787926,-32.087676],[-59.787969,-32.087515],[-59.788002,-32.087232],[-59.788028,-32.086966],[-59.788096,-32.086671],[-59.78818,-32.086533],[-59.788311,-32.086437],[-59.788495,-32.086397],[-59.789784,-32.086308],[-59.790345,-32.086237],[-59.790614,-32.08618],[-59.790793,-32.086126],[-59.791,-32.086032],[-59.791,-32.085884],[-59.790681,-32.085628],[-59.790572,-32.085485],[-59.790459,-32.085104],[-59.79042,-32.084909],[-59.790417,-32.08472],[-59.790456,-32.084572],[-59.790688,-32.084227],[-59.790767,-32.084076],[-59.790764,-32.083868],[-59.790808,-32.08373],[-59.790955,-32.083625],[-59.791145,-32.083562],[-59.791312,-32.083544],[-59.791585,-32.083556],[-59.791954,-32.083578],[-59.792134,-32.083587],[-59.792304,-32.083574],[-59.792496,-32.08352],[-59.792805,-32.083312],[-59.793072,-32.083089],[-59.793216,-32.082989],[-59.793377,-32.082912],[-59.793626,-32.082837],[-59.793959,-32.082764],[-59.794292,-32.082709],[-59.794513,-32.082688],[-59.794963,-32.082672],[-59.795521,-32.082677],[-59.795803,-32.082703],[-59.796077,-32.082755],[-59.796746,-32.082988],[-59.797408,-32.08327],[-59.797748,-32.083405],[-59.798461,-32.083653],[-59.798577,-32.083818],[-59.798606,-32.084058],[-59.798719,-32.084173],[-59.799194,-32.084131],[-59.799527,-32.084072],[-59.800186,-32.083895],[-59.800349,-32.083863],[-59.800576,-32.083815],[-59.800968,-32.083568],[-59.801141,-32.083076],[-59.801219,-32.082804],[-59.801582,-32.082105],[-59.801609,-32.081867],[-59.801709,-32.081735],[-59.801845,-32.081621],[-59.801995,-32.081507],[-59.802326,-32.08134],[-59.802681,-32.081196],[-59.803165,-32.081028],[-59.803407,-32.080944],[-59.803745,-32.080795],[-59.803899,-32.080713],[-59.804042,-32.080617],[-59.804322,-32.080413],[-59.804871,-32.079989],[-59.805156,-32.079794],[-59.805359,-32.079731],[-59.80555,-32.079727],[-59.805748,-32.079741],[-59.806019,-32.079775],[-59.806268,-32.079777],[-59.806431,-32.079727],[-59.806481,-32.079512],[-59.806441,-32.079362],[-59.806401,-32.079163],[-59.806411,-32.079005],[-59.8066,-32.078911],[-59.806872,-32.078909],[-59.807075,-32.078937],[-59.807339,-32.07897],[-59.807588,-32.078959],[-59.808117,-32.078724],[-59.808304,-32.078616],[-59.808572,-32.078429],[-59.808728,-32.078293],[-59.808914,-32.0781],[-59.808972,-32.077971],[-59.809164,-32.077749],[-59.809226,-32.077578],[-59.809304,-32.077392],[-59.809366,-32.077236],[-59.809453,-32.077059],[-59.809614,-32.076848],[-59.809832,-32.076785],[-59.810158,-32.076692],[-59.810531,-32.076708],[-59.810873,-32.076723],[-59.811246,-32.076754],[-59.811588,-32.076599],[-59.811713,-32.07621],[-59.811433,-32.075775],[-59.811106,-32.07534],[-59.810671,-32.074967],[-59.810578,-32.074563],[-59.811029,-32.07433],[-59.811402,-32.074454],[-59.811728,-32.074905],[-59.812117,-32.074952],[-59.812381,-32.074734],[-59.81249,-32.074299],[-59.81252,-32.073703],[-59.812669,-32.073463],[-59.812794,-32.073214],[-59.812846,-32.073085],[-59.812875,-32.072937],[-59.812856,-32.072733],[-59.812928,-32.071325],[-59.812927,-32.07105],[-59.81297,-32.070889],[-59.81306,-32.070729],[-59.81316,-32.070605],[-59.813456,-32.070365],[-59.813691,-32.070236],[-59.81385,-32.070158],[-59.814179,-32.070045],[-59.814381,-32.070019],[-59.814605,-32.070051],[-59.81478,-32.070119],[-59.815053,-32.070252],[-59.815412,-32.070441],[-59.815589,-32.070513],[-59.815778,-32.070558],[-59.816005,-32.070564],[-59.816461,-32.070485],[-59.816687,-32.070433],[-59.817029,-32.070356],[-59.817539,-32.070202],[-59.817794,-32.070095],[-59.818112,-32.069937],[-59.818284,-32.069873],[-59.818559,-32.069885],[-59.818799,-32.069819],[-59.8191,-32.069682],[-59.819378,-32.069513],[-59.819555,-32.069387],[-59.819892,-32.069116],[-59.820038,-32.068949],[-59.82013,-32.068811],[-59.820355,-32.068362],[-59.820447,-32.068229],[-59.820649,-32.068054],[-59.821032,-32.067901],[-59.821328,-32.067832],[-59.821713,-32.067734],[-59.821892,-32.067675],[-59.822051,-32.067598],[-59.822225,-32.067472],[-59.822285,-32.067095],[-59.822281,-32.066923],[-59.822322,-32.066726],[-59.822574,-32.066471],[-59.822875,-32.066262],[-59.82308,-32.066164],[-59.823341,-32.066107],[-59.82365,-32.06611],[-59.824272,-32.066198],[-59.824483,-32.066203],[-59.824967,-32.06613],[-59.825154,-32.066076],[-59.825435,-32.065989],[-59.825704,-32.065874],[-59.82586,-32.065783],[-59.825916,-32.065627],[-59.826092,-32.065496],[-59.82632,-32.065425],[-59.82653,-32.06539],[-59.826753,-32.065368],[-59.827051,-32.065331],[-59.82737,-32.065262],[-59.827527,-32.065171],[-59.827621,-32.06498],[-59.827623,-32.064777],[-59.827598,-32.064506],[-59.827592,-32.064371],[-59.827598,-32.064186],[-59.827595,-32.063826],[-59.827198,-32.063514],[-59.827049,-32.063379],[-59.826806,-32.063062],[-59.826763,-32.062922],[-59.82676,-32.062728],[-59.826614,-32.062346],[-59.826539,-32.062222],[-59.826421,-32.062125],[-59.826238,-32.062061],[-59.826018,-32.062056],[-59.825665,-32.062011],[-59.825484,-32.061961],[-59.825298,-32.061831],[-59.825129,-32.061443],[-59.825105,-32.061231],[-59.825093,-32.060803],[-59.825133,-32.060173],[-59.8251,-32.059987],[-59.825032,-32.059742],[-59.825043,-32.059508],[-59.825151,-32.05929],[-59.825459,-32.058865],[-59.82553,-32.058718],[-59.825581,-32.058562],[-59.825584,-32.058386],[-59.825569,-32.058142],[-59.825609,-32.057909],[-59.825698,-32.057767],[-59.825852,-32.057595],[-59.826199,-32.05727],[-59.826351,-32.057099],[-59.826595,-32.056776],[-59.826707,-32.056603],[-59.826787,-32.056429],[-59.826839,-32.056214],[-59.826829,-32.055975],[-59.826737,-32.055482],[-59.826714,-32.055319],[-59.82672,-32.055139],[-59.826757,-32.054928],[-59.826837,-32.054515],[-59.826855,-32.054313],[-59.826822,-32.054118],[-59.82672,-32.053913],[-59.826606,-32.053761],[-59.826427,-32.053671],[-59.826198,-32.05363],[-59.826034,-32.053549],[-59.825857,-32.053261],[-59.825662,-32.052855],[-59.825538,-32.052667],[-59.82539,-32.05251],[-59.8252,-32.052429],[-59.825015,-32.052415],[-59.824607,-32.052436],[-59.82442,-32.052418],[-59.824271,-32.052356],[-59.82412,-32.05214],[-59.824058,-32.051958],[-59.824036,-32.051809],[-59.824006,-32.051466],[-59.824001,-32.051294],[-59.824,-32.05102],[-59.824001,-32.050528],[-59.823669,-32.050344],[-59.823001,-32.049616],[-59.822575,-32.049096],[-59.822506,-32.048954],[-59.822507,-32.048756],[-59.822544,-32.048617],[-59.822598,-32.048488],[-59.822721,-32.048239],[-59.822845,-32.048102],[-59.822993,-32.048007],[-59.82332,-32.04783],[-59.823452,-32.047739],[-59.823543,-32.04757],[-59.823509,-32.047411],[-59.823442,-32.047279],[-59.823162,-32.046871],[-59.823098,-32.04673],[-59.823069,-32.046576],[-59.823075,-32.0464],[-59.823089,-32.046157],[-59.823063,-32.045927],[-59.82294,-32.045712],[-59.822788,-32.045604],[-59.822627,-32.045515],[-59.822498,-32.045412],[-59.82244,-32.045262],[-59.822522,-32.045026],[-59.822644,-32.044866],[-59.822811,-32.04465],[-59.822913,-32.044445],[-59.822727,-32.043859],[-59.822624,-32.043627],[-59.822445,-32.043289],[-59.822339,-32.043133],[-59.82219,-32.042935],[-59.822078,-32.042734],[-59.822101,-32.042528],[-59.822267,-32.042478],[-59.82262,-32.042275],[-59.822772,-32.042166],[-59.82299,-32.041996],[-59.823205,-32.041807],[-59.823373,-32.041622],[-59.823315,-32.041468],[-59.823162,-32.041365],[-59.82282,-32.041167],[-59.822667,-32.041068],[-59.822521,-32.041006],[-59.822312,-32.040636],[-59.82219,-32.04048],[-59.821984,-32.04024],[-59.821774,-32.040064],[-59.821479,-32.039781],[-59.821363,-32.03963],[-59.821286,-32.039488],[-59.821283,-32.039344],[-59.821391,-32.039198],[-59.821583,-32.039063],[-59.821885,-32.038895],[-59.82202,-32.038813],[-59.822171,-32.038744],[-59.822684,-32.038658],[-59.822845,-32.038599],[-59.822942,-32.038484],[-59.822984,-32.038256],[-59.822917,-32.038047],[-59.82231,-32.037928],[-59.822097,-32.037895],[-59.821811,-32.037897],[-59.821644,-32.037843],[-59.821484,-32.03774],[-59.821385,-32.037621],[-59.82118,-32.037273],[-59.821095,-32.037037],[-59.821053,-32.036882],[-59.82099,-32.036556],[-59.820949,-32.036222],[-59.820934,-32.036055],[-59.820937,-32.035798],[-59.820964,-32.035551],[-59.821027,-32.035345],[-59.821109,-32.035185],[-59.821313,-32.034879],[-59.821385,-32.034714],[-59.821546,-32.034182],[-59.821597,-32.033922],[-59.821609,-32.033656],[-59.821553,-32.033277],[-59.821465,-32.032936],[-59.821426,-32.032764],[-59.821359,-32.032398],[-59.821331,-32.032217],[-59.821316,-32.031946],[-59.821354,-32.031767],[-59.821498,-32.031428],[-59.82158,-32.031272],[-59.821771,-32.030966],[-59.822055,-32.030558],[-59.82218,-32.030359],[-59.822285,-32.030154],[-59.82233,-32.030002],[-59.822243,-32.029784],[-59.822036,-32.029567],[-59.821836,-32.029544],[-59.821592,-32.029646],[-59.821434,-32.029624],[-59.821369,-32.029491],[-59.821326,-32.029292],[-59.821064,-32.02883],[-59.82093,-32.028656],[-59.820722,-32.028407],[-59.820514,-32.028452],[-59.820382,-32.0283],[-59.820347,-32.028019],[-59.820394,-32.027885],[-59.821724,-32.026414],[-59.822472,-32.025594],[-59.822792,-32.025219],[-59.822933,-32.025029],[-59.82312,-32.024741],[-59.823131,-32.024583],[-59.823051,-32.024455],[-59.822928,-32.024331],[-59.822736,-32.024163],[-59.822545,-32.023951],[-59.822497,-32.023797],[-59.822499,-32.023599],[-59.822537,-32.023185],[-59.822514,-32.023004],[-59.8224,-32.022866],[-59.822228,-32.022781],[-59.82203,-32.022708],[-59.821771,-32.022621],[-59.82159,-32.022508],[-59.821578,-32.022314],[-59.821755,-32.022093],[-59.822099,-32.021786],[-59.822247,-32.021623],[-59.82233,-32.021445],[-59.822308,-32.020534],[-59.822273,-32.020015],[-59.82222,-32.019874],[-59.821786,-32.019503],[-59.821662,-32.019342],[-59.821595,-32.019142],[-59.821564,-32.018966],[-59.82155,-32.018695],[-59.821564,-32.01852],[-59.821628,-32.018188],[-59.82174,-32.017997],[-59.82188,-32.017856],[-59.822043,-32.017725],[-59.822253,-32.017546],[-59.822429,-32.017352],[-59.822486,-32.017222],[-59.822506,-32.017038],[-59.822452,-32.016825],[-59.822374,-32.016656],[-59.822072,-32.016122],[-59.821999,-32.015949],[-59.821944,-32.015695],[-59.821994,-32.015489],[-59.822148,-32.015222],[-59.822276,-32.01505],[-59.822567,-32.014724],[-59.822731,-32.014588],[-59.823128,-32.01435],[-59.823507,-32.01417],[-59.823684,-32.014076],[-59.823849,-32.013976],[-59.82404,-32.013801],[-59.824141,-32.013632],[-59.824153,-32.013443],[-59.824113,-32.013311],[-59.824,-32.013052],[-59.823727,-32.012603],[-59.823704,-32.011904],[-59.823852,-32.011516],[-59.82412,-32.011099],[-59.824393,-32.010786],[-59.824719,-32.010542],[-59.825026,-32.01036],[-59.825301,-32.010214],[-59.825616,-32.009992],[-59.826148,-32.00951],[-59.828229,-32.008206],[-59.82838,-32.008101],[-59.828671,-32.007879],[-59.829227,-32.007397],[-59.829513,-32.00717],[-59.829854,-32.006939],[-59.830254,-32.006959],[-59.830657,-32.007048],[-59.831239,-32.007227],[-59.831866,-32.006735],[-59.832359,-32.005839],[-59.832851,-32.005436],[-59.833389,-32.005122],[-59.83424,-32.004809],[-59.834956,-32.004226],[-59.835628,-32.003599],[-59.835807,-32.002928],[-59.835897,-32.001987],[-59.836031,-32.000464],[-59.836618,-32.000063],[-59.836882,-31.999389],[-59.836972,-31.998046],[-59.837599,-31.997777],[-59.838065,-31.997191],[-59.839492,-31.996532],[-59.840657,-31.995872],[-59.840896,-31.995206],[-59.840789,-31.994879],[-59.841048,-31.994548],[-59.841054,-31.993223],[-59.841315,-31.992009],[-59.842346,-31.991016],[-59.842479,-31.990907],[-59.843773,-31.990024],[-59.84481,-31.989252],[-59.845463,-31.988151],[-59.845592,-31.987929],[-59.846629,-31.986828],[-59.846989,-31.986522],[-59.847534,-31.986053],[-59.848056,-31.98484],[-59.848577,-31.983849],[-59.849098,-31.982744],[-59.849186,-31.982579],[-59.849484,-31.981753],[-59.849747,-31.980539],[-59.850131,-31.979985],[-59.851171,-31.979105],[-59.851819,-31.977999],[-59.851952,-31.977669],[-59.852857,-31.976569],[-59.853768,-31.975578],[-59.853771,-31.975348],[-59.854157,-31.97447],[-59.854156,-31.974137],[-59.855063,-31.973253],[-59.85574,-31.972635],[-59.856103,-31.971603],[-59.85675,-31.97061],[-59.857663,-31.969952],[-59.858414,-31.969317],[-59.858563,-31.969145],[-59.859322,-31.968664],[-59.860229,-31.96778],[-59.861268,-31.966783],[-59.862041,-31.966897],[-59.863469,-31.966784],[-59.863851,-31.966532],[-59.864632,-31.966015],[-59.865281,-31.965026],[-59.865482,-31.964332],[-59.865674,-31.96436],[-59.866836,-31.963699],[-59.868001,-31.962926],[-59.868907,-31.961934],[-59.8693,-31.961164],[-59.869945,-31.960171],[-59.870468,-31.958845],[-59.870987,-31.958516],[-59.871892,-31.958074],[-59.873447,-31.957193],[-59.874478,-31.956313],[-59.87474,-31.95576],[-59.87526,-31.954989],[-59.876172,-31.953993],[-59.876172,-31.953664],[-59.876038,-31.953327],[-59.876277,-31.952274],[-59.876277,-31.952054],[-59.877315,-31.951277],[-59.877833,-31.951281],[-59.878739,-31.950289],[-59.880081,-31.94998],[-59.880296,-31.949963],[-59.881718,-31.949628],[-59.882756,-31.94886],[-59.882686,-31.948291],[-59.882885,-31.947863],[-59.883918,-31.947091],[-59.88534,-31.946986],[-59.88625,-31.946653],[-59.886898,-31.946101],[-59.888321,-31.945329],[-59.88871,-31.945329],[-59.890134,-31.945328],[-59.891427,-31.945],[-59.89265,-31.944759],[-59.893108,-31.944671],[-59.893752,-31.944448],[-59.895184,-31.944452],[-59.896606,-31.944676],[-59.897121,-31.945008],[-59.89841,-31.945337],[-59.899966,-31.945339],[-59.900746,-31.94534],[-59.902034,-31.944899],[-59.902813,-31.943908],[-59.903332,-31.943245],[-59.904238,-31.942361],[-59.905407,-31.9417],[-59.906571,-31.941035],[-59.907474,-31.940818],[-59.909031,-31.940815],[-59.909675,-31.940817],[-59.909962,-31.940541],[-59.910579,-31.939938],[-59.911618,-31.939058],[-59.912656,-31.938281],[-59.914203,-31.938174],[-59.915501,-31.937512],[-59.916663,-31.936743],[-59.917184,-31.936408],[-59.918347,-31.935526],[-59.918903,-31.935003],[-59.918998,-31.934866],[-59.919902,-31.933987],[-59.921198,-31.933212],[-59.924172,-31.932549],[-59.924823,-31.932443],[-59.925988,-31.931557],[-59.92689,-31.930565],[-59.927152,-31.930567],[-59.928833,-31.930454],[-59.930251,-31.930569],[-59.933444,-31.928961],[-59.937874,-31.926336],[-59.941357,-31.925695]]]}},{"type":"Feature","properties":{"departamento":"Nogoyá","distrito":"Montoya","techo_ha":0.7,"total_ha":42.26,"ep":93,"potencia_kwp":21129,"inversion_musd":14.8,"generacion_gwh":24.1,"co2_tn":10586},"geometry":{"type":"Polygon","coordinates":[[[-59.774792,-32.546996],[-59.773663,-32.546444],[-59.773904,-32.545797],[-59.773941,-32.545654],[-59.773978,-32.545434],[-59.774001,-32.545101],[-59.773986,-32.544763],[-59.77396,-32.544596],[-59.773877,-32.544265],[-59.773818,-32.544105],[-59.773707,-32.543864],[-59.773576,-32.543667],[-59.773469,-32.543547],[-59.773227,-32.543324],[-59.772983,-32.543147],[-59.772751,-32.543001],[-59.77248,-32.542773],[-59.772278,-32.542484],[-59.772189,-32.542284],[-59.772152,-32.542143],[-59.772111,-32.541872],[-59.772111,-32.541728],[-59.772145,-32.541436],[-59.772228,-32.54114],[-59.772296,-32.540948],[-59.772485,-32.540561],[-59.772636,-32.540362],[-59.77276,-32.540248],[-59.773057,-32.54004],[-59.773269,-32.539914],[-59.773551,-32.539751],[-59.773685,-32.539659],[-59.773857,-32.539529],[-59.774007,-32.539357],[-59.774071,-32.53921],[-59.774089,-32.539075],[-59.774093,-32.537764],[-59.7741,-32.535408],[-59.774074,-32.535249],[-59.773995,-32.535085],[-59.773888,-32.534956],[-59.773757,-32.534827],[-59.773475,-32.534603],[-59.77317,-32.534433],[-59.772961,-32.534338],[-59.772811,-32.534284],[-59.772503,-32.534182],[-59.772342,-32.53415],[-59.77201,-32.534151],[-59.771791,-32.534181],[-59.771484,-32.534218],[-59.771186,-32.53422],[-59.771012,-32.534179],[-59.770741,-32.534082],[-59.770436,-32.533903],[-59.770282,-32.533764],[-59.770149,-32.533598],[-59.770076,-32.53343],[-59.77005,-32.533253],[-59.770065,-32.53306],[-59.770102,-32.532908],[-59.770328,-32.532319],[-59.770459,-32.532011],[-59.770677,-32.531575],[-59.770847,-32.531287],[-59.770942,-32.531145],[-59.771096,-32.530942],[-59.771323,-32.530682],[-59.771447,-32.530554],[-59.771645,-32.530375],[-59.771861,-32.530209],[-59.772076,-32.53007],[-59.772279,-32.529977],[-59.772689,-32.529816],[-59.772884,-32.529726],[-59.77357,-32.529352],[-59.773904,-32.529153],[-59.774228,-32.528936],[-59.774384,-32.528819],[-59.774563,-32.528652],[-59.774661,-32.528519],[-59.774888,-32.527732],[-59.774761,-32.526832],[-59.774639,-32.52668],[-59.774467,-32.526577],[-59.774266,-32.526482],[-59.773994,-32.526353],[-59.773778,-32.526208],[-59.773636,-32.525934],[-59.773579,-32.525531],[-59.773582,-32.525234],[-59.773646,-32.524839],[-59.773698,-32.52466],[-59.7738,-32.524406],[-59.77391,-32.524233],[-59.774044,-32.524133],[-59.774222,-32.524043],[-59.774682,-32.523915],[-59.775025,-32.523847],[-59.775472,-32.523755],[-59.775676,-32.523706],[-59.77594,-32.523618],[-59.776157,-32.52348],[-59.776223,-32.523355],[-59.776212,-32.523215],[-59.776149,-32.523033],[-59.77599,-32.522664],[-59.775631,-32.521921],[-59.775471,-32.521543],[-59.775382,-32.521284],[-59.775269,-32.520938],[-59.775206,-32.52077],[-59.775071,-32.520537],[-59.774957,-32.52039],[-59.77469,-32.520121],[-59.77438,-32.519875],[-59.773952,-32.519548],[-59.773759,-32.519377],[-59.77358,-32.519187],[-59.773395,-32.51893],[-59.773198,-32.518565],[-59.773109,-32.518378],[-59.773007,-32.5181],[-59.772938,-32.51781],[-59.772914,-32.517661],[-59.772869,-32.516903],[-59.772862,-32.516519],[-59.772866,-32.515947],[-59.772888,-32.515628],[-59.772922,-32.515205],[-59.772921,-32.514994],[-59.772927,-32.513863],[-59.772929,-32.512101],[-59.772892,-32.511888],[-59.772628,-32.511539],[-59.772358,-32.511339],[-59.771945,-32.511076],[-59.771751,-32.510935],[-59.771572,-32.5108],[-59.77139,-32.510606],[-59.770855,-32.509876],[-59.770595,-32.509504],[-59.770226,-32.50895],[-59.770077,-32.508662],[-59.769913,-32.508275],[-59.769795,-32.508087],[-59.7696,-32.507893],[-59.769439,-32.507781],[-59.769105,-32.507587],[-59.768924,-32.507515],[-59.768769,-32.50748],[-59.768441,-32.507422],[-59.768283,-32.507386],[-59.76809,-32.507273],[-59.768005,-32.50714],[-59.767978,-32.50663],[-59.767574,-32.506039],[-59.767514,-32.505167],[-59.767471,-32.504973],[-59.767349,-32.5046],[-59.767272,-32.504427],[-59.767436,-32.504161],[-59.767602,-32.50398],[-59.767837,-32.503725],[-59.767945,-32.503597],[-59.768027,-32.503464],[-59.7681,-32.503299],[-59.768154,-32.503039],[-59.768168,-32.502864],[-59.768181,-32.502508],[-59.768177,-32.502035],[-59.768188,-32.501792],[-59.768213,-32.501558],[-59.768297,-32.501218],[-59.768662,-32.500601],[-59.769318,-32.499866],[-59.76968,-32.499555],[-59.769871,-32.499411],[-59.770408,-32.499055],[-59.77109,-32.498546],[-59.772438,-32.497517],[-59.772746,-32.497295],[-59.773052,-32.497078],[-59.773196,-32.496969],[-59.773372,-32.496807],[-59.77349,-32.496652],[-59.773518,-32.496513],[-59.773387,-32.496388],[-59.773219,-32.496343],[-59.772538,-32.496276],[-59.772319,-32.496234],[-59.77208,-32.496152],[-59.771724,-32.495926],[-59.771356,-32.49566],[-59.771164,-32.495524],[-59.771023,-32.495444],[-59.770725,-32.495306],[-59.770453,-32.495182],[-59.770149,-32.494989],[-59.77,-32.494841],[-59.769905,-32.494677],[-59.769879,-32.494514],[-59.769928,-32.494195],[-59.769936,-32.494033],[-59.769928,-32.493803],[-59.769859,-32.493351],[-59.769799,-32.492953],[-59.769774,-32.492754],[-59.769764,-32.492452],[-59.769782,-32.492245],[-59.769836,-32.491994],[-59.769943,-32.491843],[-59.77014,-32.491812],[-59.770348,-32.491867],[-59.770718,-32.492026],[-59.771258,-32.492292],[-59.771534,-32.492393],[-59.77171,-32.492443],[-59.771908,-32.492471],[-59.772079,-32.492452],[-59.772517,-32.492324],[-59.772735,-32.492249],[-59.772941,-32.49215],[-59.77324,-32.491969],[-59.773464,-32.491776],[-59.773606,-32.491595],[-59.773662,-32.491461],[-59.773712,-32.491183],[-59.773706,-32.491048],[-59.773647,-32.490758],[-59.773538,-32.490471],[-59.773448,-32.490293],[-59.773258,-32.489969],[-59.773128,-32.489808],[-59.772784,-32.489537],[-59.77226,-32.48919],[-59.772107,-32.489065],[-59.771913,-32.488853],[-59.771819,-32.488652],[-59.771755,-32.488294],[-59.771745,-32.488051],[-59.771743,-32.487889],[-59.771768,-32.487565],[-59.771813,-32.48726],[-59.77184,-32.487107],[-59.771896,-32.486883],[-59.771983,-32.486656],[-59.772069,-32.486491],[-59.77225,-32.486338],[-59.772495,-32.486245],[-59.772776,-32.486185],[-59.773167,-32.486105],[-59.773342,-32.486051],[-59.773491,-32.485969],[-59.77364,-32.485824],[-59.773804,-32.485553],[-59.773875,-32.485411],[-59.773957,-32.485201],[-59.773971,-32.484454],[-59.774224,-32.483595],[-59.774001,-32.48286],[-59.773738,-32.482551],[-59.773525,-32.482352],[-59.773378,-32.482226],[-59.773065,-32.481975],[-59.772912,-32.481881],[-59.772571,-32.481746],[-59.772331,-32.481681],[-59.77201,-32.481601],[-59.771659,-32.481452],[-59.77151,-32.481318],[-59.771412,-32.481162],[-59.771209,-32.481035],[-59.770901,-32.480883],[-59.770669,-32.480665],[-59.770462,-32.480146],[-59.770343,-32.479986],[-59.770125,-32.47989],[-59.769891,-32.479839],[-59.769687,-32.479748],[-59.769498,-32.479455],[-59.769431,-32.479322],[-59.769359,-32.479113],[-59.769299,-32.478909],[-59.769234,-32.478218],[-59.769196,-32.478014],[-59.769093,-32.477611],[-59.768921,-32.477074],[-59.768859,-32.476807],[-59.768818,-32.47654],[-59.76881,-32.476405],[-59.768841,-32.476203],[-59.768897,-32.476042],[-59.769046,-32.475821],[-59.769168,-32.475671],[-59.769452,-32.475389],[-59.769603,-32.475245],[-59.769915,-32.474991],[-59.770247,-32.47477],[-59.77047,-32.474641],[-59.770946,-32.474396],[-59.771183,-32.474308],[-59.771384,-32.474263],[-59.771588,-32.474228],[-59.771858,-32.474176],[-59.772191,-32.474081],[-59.772408,-32.473965],[-59.772644,-32.473813],[-59.772858,-32.473639],[-59.77299,-32.473511],[-59.773247,-32.473221],[-59.773502,-32.472876],[-59.773614,-32.472703],[-59.7737,-32.472525],[-59.773773,-32.472265],[-59.773781,-32.472049],[-59.77369,-32.471777],[-59.773574,-32.471602],[-59.773479,-32.471487],[-59.77325,-32.471279],[-59.77259,-32.47169],[-59.772457,-32.471767],[-59.772011,-32.471742],[-59.771808,-32.471715],[-59.771599,-32.471664],[-59.771312,-32.471531],[-59.771119,-32.471364],[-59.771033,-32.471226],[-59.77101,-32.471054],[-59.771072,-32.470817],[-59.771173,-32.470595],[-59.771608,-32.46965],[-59.77185,-32.469188],[-59.772034,-32.468886],[-59.772132,-32.46874],[-59.772294,-32.468524],[-59.772594,-32.468162],[-59.773204,-32.467443],[-59.773533,-32.467087],[-59.773967,-32.466611],[-59.774165,-32.466355],[-59.774501,-32.465868],[-59.775132,-32.464866],[-59.775283,-32.464662],[-59.775505,-32.464393],[-59.775603,-32.464252],[-59.775677,-32.464109],[-59.775719,-32.463917],[-59.775714,-32.463529],[-59.775685,-32.463006],[-59.77567,-32.462744],[-59.77562,-32.461476],[-59.775589,-32.4613],[-59.775535,-32.461163],[-59.775414,-32.460976],[-59.775307,-32.460856],[-59.775131,-32.46072],[-59.774899,-32.460597],[-59.774611,-32.460545],[-59.77403,-32.460534],[-59.773842,-32.460503],[-59.773436,-32.460339],[-59.772898,-32.460068],[-59.772476,-32.459837],[-59.772312,-32.459679],[-59.772235,-32.459515],[-59.772216,-32.459226],[-59.772245,-32.459024],[-59.772372,-32.458663],[-59.772657,-32.458134],[-59.772804,-32.457867],[-59.773055,-32.457477],[-59.773326,-32.457101],[-59.773479,-32.456911],[-59.773792,-32.456541],[-59.773968,-32.45637],[-59.774246,-32.456111],[-59.774449,-32.455936],[-59.774864,-32.455618],[-59.775292,-32.455313],[-59.776168,-32.454759],[-59.776387,-32.454634],[-59.776546,-32.454566],[-59.776869,-32.454448],[-59.777547,-32.454227],[-59.777865,-32.454095],[-59.778068,-32.453983],[-59.778306,-32.453813],[-59.778358,-32.452634],[-59.778244,-32.452424],[-59.778155,-32.452287],[-59.777961,-32.452011],[-59.777752,-32.45174],[-59.777463,-32.451377],[-59.777334,-32.451193],[-59.777157,-32.450918],[-59.77708,-32.450781],[-59.776993,-32.450094],[-59.776459,-32.449567],[-59.775784,-32.449347],[-59.775583,-32.449251],[-59.7752,-32.448967],[-59.775079,-32.44886],[-59.77485,-32.448638],[-59.774689,-32.448467],[-59.774593,-32.448329],[-59.774489,-32.44802],[-59.774455,-32.447794],[-59.77442,-32.447496],[-59.774391,-32.447355],[-59.774348,-32.447215],[-59.774269,-32.447064],[-59.77406,-32.447023],[-59.773857,-32.446995],[-59.773754,-32.446749],[-59.773738,-32.446505],[-59.773786,-32.446295],[-59.774006,-32.445787],[-59.774129,-32.445537],[-59.774276,-32.445289],[-59.774365,-32.44517],[-59.774554,-32.444931],[-59.774665,-32.444808],[-59.77486,-32.444633],[-59.775054,-32.44448],[-59.775311,-32.444347],[-59.77547,-32.444292],[-59.775723,-32.444272],[-59.775913,-32.444322],[-59.776061,-32.444393],[-59.776296,-32.444534],[-59.776597,-32.444731],[-59.776753,-32.444812],[-59.776905,-32.444879],[-59.777095,-32.444906],[-59.777549,-32.444909],[-59.777794,-32.444892],[-59.778035,-32.444849],[-59.778293,-32.444761],[-59.778459,-32.444666],[-59.778591,-32.444548],[-59.779713,-32.442333],[-59.779828,-32.442106],[-59.780033,-32.441634],[-59.780228,-32.441161],[-59.780575,-32.44021],[-59.7806,-32.440035],[-59.78059,-32.439886],[-59.780505,-32.439429],[-59.78051,-32.439289],[-59.780544,-32.439146],[-59.78061,-32.439012],[-59.780702,-32.438893],[-59.780944,-32.438665],[-59.781236,-32.438456],[-59.781628,-32.438191],[-59.781803,-32.438047],[-59.781949,-32.437898],[-59.78207,-32.437689],[-59.782151,-32.437448],[-59.782177,-32.437313],[-59.7822,-32.437107],[-59.782199,-32.436899],[-59.782136,-32.436605],[-59.782021,-32.436377],[-59.781848,-32.436165],[-59.781723,-32.436036],[-59.781437,-32.435789],[-59.781258,-32.435659],[-59.780873,-32.435437],[-59.780088,-32.435025],[-59.779844,-32.43487],[-59.77964,-32.434698],[-59.779526,-32.434474],[-59.779415,-32.434143],[-59.779339,-32.433983],[-59.779224,-32.433849],[-59.779052,-32.433737],[-59.778859,-32.43366],[-59.778656,-32.433592],[-59.778239,-32.433522],[-59.777902,-32.433518],[-59.777598,-32.433537],[-59.777301,-32.43353],[-59.777135,-32.433499],[-59.776959,-32.433435],[-59.776611,-32.433305],[-59.776429,-32.433246],[-59.776199,-32.433213],[-59.77589,-32.433183],[-59.77535,-32.433047],[-59.775158,-32.432979],[-59.774983,-32.432898],[-59.774776,-32.43274],[-59.774668,-32.432566],[-59.774624,-32.432407],[-59.774558,-32.432085],[-59.77453,-32.431765],[-59.774529,-32.431548],[-59.774563,-32.431117],[-59.774612,-32.430785],[-59.774654,-32.430574],[-59.77476,-32.430135],[-59.775155,-32.428834],[-59.775326,-32.428194],[-59.775383,-32.427957],[-59.775535,-32.427483],[-59.775741,-32.426853],[-59.775829,-32.426535],[-59.775893,-32.426226],[-59.775917,-32.426069],[-59.775922,-32.425862],[-59.775908,-32.425722],[-59.775841,-32.42545],[-59.775795,-32.425318],[-59.775661,-32.425049],[-59.775506,-32.424783],[-59.775382,-32.424604],[-59.775124,-32.424255],[-59.774841,-32.423924],[-59.774692,-32.423776],[-59.77446,-32.423571],[-59.774201,-32.423394],[-59.774055,-32.423304],[-59.773705,-32.423151],[-59.773225,-32.422995],[-59.772994,-32.422894],[-59.772865,-32.42281],[-59.772702,-32.422679],[-59.772525,-32.422571],[-59.772324,-32.422485],[-59.772105,-32.422421],[-59.771641,-32.422337],[-59.770659,-32.42223],[-59.770343,-32.422173],[-59.769779,-32.421956],[-59.76952,-32.421399],[-59.769627,-32.421172],[-59.769794,-32.420875],[-59.769794,-32.42028],[-59.770871,-32.420456],[-59.771161,-32.420459],[-59.77135,-32.42045],[-59.771729,-32.420383],[-59.771914,-32.420334],[-59.77229,-32.420213],[-59.772652,-32.420047],[-59.772888,-32.419927],[-59.773373,-32.419646],[-59.773561,-32.41952],[-59.773891,-32.419263],[-59.774167,-32.418982],[-59.774323,-32.418787],[-59.774407,-32.41865],[-59.774552,-32.418383],[-59.774586,-32.418177],[-59.774525,-32.41795],[-59.774422,-32.417799],[-59.774287,-32.417701],[-59.77409,-32.417637],[-59.773698,-32.417609],[-59.77306,-32.417611],[-59.772819,-32.417672],[-59.772625,-32.417608],[-59.772503,-32.417375],[-59.772475,-32.417113],[-59.772475,-32.416974],[-59.7725,-32.416794],[-59.772339,-32.416452],[-59.772236,-32.416292],[-59.771995,-32.415979],[-59.771556,-32.415477],[-59.77095,-32.414826],[-59.770673,-32.414485],[-59.770533,-32.414297],[-59.770448,-32.414164],[-59.770295,-32.413894],[-59.770241,-32.413717],[-59.770138,-32.413552],[-59.769867,-32.413248],[-59.769664,-32.413058],[-59.769391,-32.412808],[-59.769261,-32.412674],[-59.769093,-32.412467],[-59.768947,-32.41222],[-59.768817,-32.411937],[-59.768574,-32.411368],[-59.768435,-32.411089],[-59.7683,-32.410856],[-59.768192,-32.4107],[-59.76796,-32.41041],[-59.767471,-32.409821],[-59.767251,-32.409518],[-59.767129,-32.409307],[-59.767006,-32.409025],[-59.766952,-32.408753],[-59.766956,-32.408569],[-59.76703,-32.408201],[-59.767162,-32.407835],[-59.767361,-32.40734],[-59.767441,-32.407094],[-59.76749,-32.406843],[-59.76749,-32.406541],[-59.767284,-32.40509],[-59.767278,-32.404684],[-59.767285,-32.404315],[-59.767265,-32.404138],[-59.767216,-32.403957],[-59.767145,-32.403797],[-59.767059,-32.403673],[-59.766954,-32.403567],[-59.766697,-32.403385],[-59.766548,-32.403313],[-59.766223,-32.403192],[-59.76554,-32.402986],[-59.76521,-32.402869],[-59.764678,-32.402671],[-59.764329,-32.402554],[-59.763612,-32.402341],[-59.763351,-32.402348],[-59.763107,-32.402405],[-59.762866,-32.402403],[-59.762729,-32.402278],[-59.762691,-32.402101],[-59.762597,-32.401968],[-59.762433,-32.401883],[-59.762195,-32.401769],[-59.762036,-32.40162],[-59.76199,-32.401344],[-59.761967,-32.400889],[-59.761963,-32.400258],[-59.761971,-32.399943],[-59.762025,-32.39962],[-59.762147,-32.399195],[-59.762183,-32.398988],[-59.76218,-32.39884],[-59.762084,-32.398553],[-59.761905,-32.398161],[-59.761837,-32.39797],[-59.76181,-32.397776],[-59.761883,-32.397435],[-59.762017,-32.396943],[-59.762178,-32.396461],[-59.762536,-32.395492],[-59.762638,-32.395247],[-59.762857,-32.394775],[-59.76316,-32.394152],[-59.763307,-32.393845],[-59.763496,-32.393367],[-59.763573,-32.393072],[-59.763599,-32.39287],[-59.763612,-32.392735],[-59.763611,-32.39246],[-59.763591,-32.392045],[-59.76355,-32.39149],[-59.763539,-32.391215],[-59.763556,-32.390945],[-59.763569,-32.39081],[-59.763611,-32.390613],[-59.763662,-32.390452],[-59.763797,-32.390145],[-59.764014,-32.389731],[-59.764114,-32.389526],[-59.764186,-32.389312],[-59.764278,-32.38872],[-59.764298,-32.388477],[-59.764295,-32.388112],[-59.764239,-32.387655],[-59.764157,-32.387054],[-59.764136,-32.386751],[-59.764136,-32.385936],[-59.764144,-32.385729],[-59.764193,-32.385298],[-59.764264,-32.385097],[-59.764356,-32.384982],[-59.764603,-32.384767],[-59.764912,-32.384582],[-59.765338,-32.384336],[-59.765525,-32.384205],[-59.765674,-32.38406],[-59.765795,-32.383856],[-59.765813,-32.383654],[-59.765773,-32.383518],[-59.765618,-32.383234],[-59.765185,-32.382656],[-59.765075,-32.382464],[-59.765003,-32.38225],[-59.765003,-32.382101],[-59.765053,-32.381967],[-59.76516,-32.38179],[-59.765297,-32.381582],[-59.770183,-32.382257],[-59.782208,-32.384452],[-59.796961,-32.385721],[-59.805004,-32.386838],[-59.806183,-32.387002],[-59.821289,-32.384635],[-59.828853,-32.383608],[-59.83436,-32.382628],[-59.842752,-32.381395],[-59.846117,-32.380204],[-59.851448,-32.375999],[-59.853347,-32.374703],[-59.856165,-32.373768],[-59.858529,-32.373974],[-59.862442,-32.375331],[-59.866113,-32.375907],[-59.871866,-32.376536],[-59.876068,-32.376955],[-59.879803,-32.377427],[-59.881025,-32.377374],[-59.883045,-32.376803],[-59.885788,-32.375462],[-59.892034,-32.372659],[-59.894485,-32.371777],[-59.89797,-32.372042],[-59.910438,-32.373088],[-59.919316,-32.373721],[-59.930127,-32.374345],[-59.937288,-32.375855],[-59.946203,-32.37695],[-59.951707,-32.377471],[-59.95685,-32.37763],[-59.964438,-32.37706],[-59.970293,-32.376597],[-59.979841,-32.375715],[-59.988104,-32.375248],[-59.992025,-32.375406],[-60.0,-32.374639],[-60.006967,-32.375293],[-60.011393,-32.374488],[-60.012936,-32.372746],[-60.047882,-32.372505],[-60.045999,-32.375015],[-60.0118,-32.402312],[-60.018887,-32.426242],[-60.025637,-32.449819],[-60.010043,-32.477983],[-60.012603,-32.482638],[-60.016327,-32.486362],[-60.00981,-32.487061],[-60.006086,-32.484966],[-59.974757,-32.490328],[-59.978916,-32.492962],[-59.965586,-32.508009],[-59.964708,-32.508777],[-59.964573,-32.508986],[-59.96434,-32.509196],[-59.964152,-32.509323],[-59.963567,-32.509651],[-59.963325,-32.50974],[-59.963119,-32.509771],[-59.962898,-32.509779],[-59.962442,-32.50975],[-59.962096,-32.509742],[-59.96188,-32.509754],[-59.961636,-32.509821],[-59.961444,-32.509924],[-59.961337,-32.510102],[-59.961316,-32.510245],[-59.961322,-32.510547],[-59.961304,-32.510691],[-59.961224,-32.510847],[-59.960869,-32.511217],[-59.960682,-32.511402],[-59.96038,-32.51166],[-59.960048,-32.5119],[-59.959869,-32.511999],[-59.959709,-32.512081],[-59.959377,-32.512226],[-59.959157,-32.512311],[-59.958702,-32.512476],[-59.958365,-32.512598],[-59.958039,-32.512726],[-59.957877,-32.512798],[-59.957639,-32.512919],[-59.957413,-32.513066],[-59.957232,-32.513233],[-59.957077,-32.513414],[-59.956681,-32.513963],[-59.956462,-32.514224],[-59.956333,-32.514347],[-59.95552,-32.515039],[-59.954688,-32.515749],[-59.95439,-32.515972],[-59.954181,-32.516111],[-59.953949,-32.516132],[-59.953698,-32.51609],[-59.953416,-32.516083],[-59.952942,-32.516171],[-59.952586,-32.516252],[-59.952346,-32.516346],[-59.952187,-32.516414],[-59.951866,-32.516564],[-59.951631,-32.516657],[-59.95147,-32.516703],[-59.951267,-32.51673],[-59.951081,-32.51673],[-59.950809,-32.516678],[-59.949506,-32.516443],[-59.948627,-32.516319],[-59.948456,-32.516418],[-59.948307,-32.516568],[-59.9482,-32.516678],[-59.947973,-32.516879],[-59.947551,-32.517302],[-59.947159,-32.517648],[-59.947019,-32.517721],[-59.946555,-32.517908],[-59.946338,-32.518029],[-59.946193,-32.518152],[-59.946055,-32.518374],[-59.945968,-32.518606],[-59.945962,-32.518764],[-59.946018,-32.519076],[-59.945968,-32.519305],[-59.945832,-32.519468],[-59.945706,-32.519578],[-59.945481,-32.519716],[-59.945324,-32.519798],[-59.944991,-32.519948],[-59.944793,-32.519988],[-59.944365,-32.519987],[-59.944123,-32.520084],[-59.94397,-32.520265],[-59.943686,-32.520637],[-59.943097,-32.521461],[-59.943008,-32.521738],[-59.942903,-32.52187],[-59.942708,-32.521974],[-59.942445,-32.522035],[-59.942155,-32.522033],[-59.941891,-32.521972],[-59.941729,-32.521887],[-59.941425,-32.52169],[-59.941185,-32.521558],[-59.940988,-32.52149],[-59.940563,-32.521394],[-59.940261,-32.521284],[-59.940126,-32.52119],[-59.939879,-32.520995],[-59.939663,-32.520787],[-59.93953,-32.520635],[-59.939228,-32.520222],[-59.939122,-32.520035],[-59.939057,-32.519848],[-59.938988,-32.519455],[-59.938944,-32.519318],[-59.938851,-32.519163],[-59.938595,-32.518882],[-59.938411,-32.518733],[-59.938271,-32.518635],[-59.937932,-32.518451],[-59.937568,-32.518348],[-59.937385,-32.51833],[-59.937111,-32.518345],[-59.936881,-32.51838],[-59.93654,-32.51848],[-59.936316,-32.51856],[-59.935879,-32.518744],[-59.935676,-32.518856],[-59.935305,-32.519126],[-59.935112,-32.519248],[-59.934956,-32.519307],[-59.934736,-32.519297],[-59.93453,-32.519418],[-59.934379,-32.519541],[-59.934247,-32.519677],[-59.933994,-32.519986],[-59.933803,-32.520216],[-59.933665,-32.520361],[-59.933476,-32.520519],[-59.933273,-32.520636],[-59.932847,-32.520796],[-59.932632,-32.520872],[-59.932305,-32.520959],[-59.931973,-32.521023],[-59.931693,-32.521043],[-59.931473,-32.521002],[-59.931241,-32.521023],[-59.930987,-32.521138],[-59.93065,-32.52122],[-59.929953,-32.521366],[-59.929557,-32.521437],[-59.929349,-32.521463],[-59.929047,-32.521497],[-59.928598,-32.521504],[-59.928449,-32.521423],[-59.928349,-32.521317],[-59.928216,-32.521228],[-59.928039,-32.521197],[-59.927673,-32.521166],[-59.927403,-32.521132],[-59.926477,-32.521551],[-59.926262,-32.521613],[-59.926075,-32.521631],[-59.925788,-32.521624],[-59.9252,-32.521551],[-59.924769,-32.521554],[-59.924447,-32.521654],[-59.924213,-32.521811],[-59.924031,-32.521915],[-59.92388,-32.52197],[-59.923572,-32.522052],[-59.92259,-32.522226],[-59.922265,-32.522309],[-59.922112,-32.522363],[-59.921882,-32.522461],[-59.921559,-32.522661],[-59.921414,-32.52277],[-59.921222,-32.522959],[-59.921071,-32.523176],[-59.920994,-32.523336],[-59.920955,-32.52352],[-59.920849,-32.523837],[-59.920785,-32.523994],[-59.920689,-32.524144],[-59.920453,-32.524355],[-59.920216,-32.524466],[-59.919993,-32.524519],[-59.919708,-32.524535],[-59.919353,-32.524508],[-59.918967,-32.524422],[-59.918694,-32.524312],[-59.918512,-32.524213],[-59.917804,-32.523745],[-59.917211,-32.523379],[-59.916996,-32.523274],[-59.916553,-32.523101],[-59.916122,-32.522933],[-59.915893,-32.52286],[-59.915555,-32.522788],[-59.91534,-32.522797],[-59.915095,-32.522867],[-59.914826,-32.52305],[-59.914631,-32.523212],[-59.914372,-32.523498],[-59.913888,-32.524108],[-59.913644,-32.524413],[-59.913514,-32.524554],[-59.9133,-32.524752],[-59.912118,-32.525723],[-59.911954,-32.525922],[-59.911861,-32.526064],[-59.911686,-32.526361],[-59.911541,-32.526574],[-59.911259,-32.526878],[-59.911068,-32.527013],[-59.910768,-32.527159],[-59.910392,-32.527271],[-59.91014,-32.527314],[-59.909892,-32.527331],[-59.909722,-32.52734],[-59.909384,-32.527332],[-59.909074,-32.527315],[-59.908913,-32.527289],[-59.90868,-32.527243],[-59.908428,-32.52716],[-59.907956,-32.526954],[-59.907593,-32.526824],[-59.907372,-32.526778],[-59.906903,-32.52673],[-59.906474,-32.526661],[-59.906315,-32.526585],[-59.905857,-32.526267],[-59.905708,-32.526201],[-59.905528,-32.526178],[-59.905395,-32.526256],[-59.905263,-32.526464],[-59.905263,-32.526622],[-59.905313,-32.52679],[-59.905358,-32.527039],[-59.905312,-32.527191],[-59.90501,-32.527648],[-59.904744,-32.527948],[-59.904603,-32.528021],[-59.904419,-32.527971],[-59.904309,-32.527838],[-59.904065,-32.527498],[-59.90385,-32.527263],[-59.903623,-32.527145],[-59.903468,-32.527069],[-59.903165,-32.526913],[-59.902921,-32.526821],[-59.902741,-32.52679],[-59.902375,-32.526776],[-59.901828,-32.526731],[-59.901511,-32.526827],[-59.901557,-32.526981],[-59.901559,-32.527144],[-59.901402,-32.527392],[-59.901315,-32.527521],[-59.901157,-32.527688],[-59.900967,-32.527823],[-59.900783,-32.5279],[-59.900519,-32.527916],[-59.900255,-32.527878],[-59.900062,-32.527841],[-59.899673,-32.52771],[-59.899483,-32.52766],[-59.899246,-32.527654],[-59.899033,-32.527739],[-59.898824,-32.527874],[-59.898664,-32.527969],[-59.898494,-32.528032],[-59.898299,-32.528059],[-59.89803,-32.528007],[-59.897845,-32.527958],[-59.89748,-32.527832],[-59.897308,-32.527733],[-59.896895,-32.527425],[-59.896725,-32.527434],[-59.896546,-32.527601],[-59.896389,-32.527845],[-59.896175,-32.528106],[-59.896016,-32.528246],[-59.895676,-32.52854],[-59.895412,-32.528727],[-59.895244,-32.528813],[-59.895036,-32.528844],[-59.894867,-32.52879],[-59.894734,-32.52871],[-59.894536,-32.528525],[-59.894101,-32.528023],[-59.893982,-32.527858],[-59.893894,-32.527698],[-59.893718,-32.527266],[-59.893718,-32.526941],[-59.893581,-32.526839],[-59.893372,-32.526721],[-59.893155,-32.526625],[-59.892705,-32.526483],[-59.892371,-32.526372],[-59.892125,-32.526262],[-59.891818,-32.526061],[-59.891576,-32.525897],[-59.891399,-32.525784],[-59.89114,-32.525679],[-59.890929,-32.525683],[-59.890804,-32.525837],[-59.890683,-32.526114],[-59.890511,-32.526398],[-59.890336,-32.526547],[-59.889951,-32.526839],[-59.889695,-32.527085],[-59.889503,-32.527323],[-59.889154,-32.527819],[-59.889077,-32.527953],[-59.888953,-32.528229],[-59.888822,-32.52842],[-59.888622,-32.528514],[-59.888444,-32.528509],[-59.888272,-32.528469],[-59.888096,-32.528415],[-59.887703,-32.528234],[-59.887409,-32.528051],[-59.887214,-32.52801],[-59.886794,-32.527995],[-59.886487,-32.527956],[-59.886177,-32.527831],[-59.88602,-32.527692],[-59.885964,-32.527529],[-59.885944,-32.527352],[-59.885892,-32.527171],[-59.885777,-32.527028],[-59.885518,-32.526747],[-59.885395,-32.526604],[-59.885316,-32.526449],[-59.885235,-32.526163],[-59.885106,-32.526043],[-59.884965,-32.525976],[-59.884667,-32.525892],[-59.884343,-32.525889],[-59.884183,-32.525916],[-59.883921,-32.526014],[-59.883655,-32.526174],[-59.883624,-32.526308],[-59.883654,-32.526579],[-59.883618,-32.526714],[-59.883453,-32.526786],[-59.883252,-32.526831],[-59.882901,-32.526835],[-59.882628,-32.526802],[-59.882085,-32.526667],[-59.881921,-32.526644],[-59.881573,-32.52664],[-59.881326,-32.526621],[-59.881168,-32.526509],[-59.881046,-32.526325],[-59.880891,-32.526204],[-59.880703,-32.526177],[-59.880307,-32.526181],[-59.879963,-32.526136],[-59.87975,-32.526063],[-59.879569,-32.526059],[-59.879207,-32.526063],[-59.878936,-32.526061],[-59.878426,-32.526048],[-59.878174,-32.526015],[-59.877578,-32.525874],[-59.876924,-32.525736],[-59.876538,-32.525664],[-59.876339,-32.525645],[-59.876056,-32.525688],[-59.875923,-32.525765],[-59.875819,-32.525903],[-59.87575,-32.526131],[-59.87571,-32.526382],[-59.875634,-32.526646],[-59.875484,-32.526831],[-59.875306,-32.526985],[-59.874703,-32.527434],[-59.874423,-32.527675],[-59.874273,-32.527869],[-59.874207,-32.527998],[-59.874088,-32.528432],[-59.873996,-32.528637],[-59.873843,-32.528823],[-59.873656,-32.528998],[-59.873454,-32.529169],[-59.873317,-32.529269],[-59.87301,-32.529464],[-59.872635,-32.529685],[-59.872312,-32.529817],[-59.872136,-32.52983],[-59.871266,-32.529831],[-59.87083,-32.529829],[-59.870525,-32.529876],[-59.870286,-32.529942],[-59.870015,-32.530016],[-59.869598,-32.530078],[-59.869323,-32.530112],[-59.868527,-32.530141],[-59.868263,-32.530067],[-59.868023,-32.52994],[-59.86798,-32.529794],[-59.868005,-32.529619],[-59.867949,-32.529456],[-59.867637,-32.529263],[-59.867354,-32.529139],[-59.866939,-32.528984],[-59.866595,-32.528931],[-59.866427,-32.528954],[-59.866225,-32.529034],[-59.86601,-32.529177],[-59.865875,-32.529305],[-59.865689,-32.529534],[-59.865537,-32.529783],[-59.865498,-32.529967],[-59.865497,-32.530165],[-59.865447,-32.53038],[-59.865259,-32.530745],[-59.865143,-32.530922],[-59.864941,-32.53116],[-59.864681,-32.531357],[-59.864484,-32.531451],[-59.864311,-32.53146],[-59.864144,-32.531438],[-59.863822,-32.531371],[-59.863669,-32.531331],[-59.863372,-32.53122],[-59.863172,-32.531031],[-59.863004,-32.530801],[-59.862865,-32.530658],[-59.862698,-32.530573],[-59.862477,-32.530522],[-59.862296,-32.530504],[-59.862037,-32.530529],[-59.861881,-32.530584],[-59.861755,-32.530698],[-59.860885,-32.532077],[-59.860725,-32.532164],[-59.86032,-32.532275],[-59.860134,-32.532347],[-59.860003,-32.53251],[-59.860054,-32.532742],[-59.860175,-32.533006],[-59.860261,-32.533202],[-59.860287,-32.533378],[-59.860177,-32.533556],[-59.859776,-32.533762],[-59.859566,-32.533851],[-59.859254,-32.533943],[-59.858922,-32.533997],[-59.858757,-32.534011],[-59.858491,-32.534],[-59.857959,-32.533937],[-59.857566,-32.533918],[-59.857262,-32.533951],[-59.856942,-32.534033],[-59.856723,-32.534204],[-59.856574,-32.534371],[-59.856464,-32.534486],[-59.856335,-32.534586],[-59.856147,-32.534653],[-59.855907,-32.53467],[-59.855423,-32.534649],[-59.855064,-32.534653],[-59.854808,-32.534674],[-59.85457,-32.534727],[-59.854352,-32.534802],[-59.854141,-32.534905],[-59.853936,-32.535044],[-59.853741,-32.535238],[-59.853672,-32.535457],[-59.853443,-32.535694],[-59.853324,-32.535808],[-59.85313,-32.535966],[-59.852803,-32.536192],[-59.852519,-32.536333],[-59.852275,-32.536386],[-59.852097,-32.536377],[-59.851441,-32.536284],[-59.851041,-32.536238],[-59.850796,-32.536245],[-59.850643,-32.536354],[-59.850521,-32.536513],[-59.85027,-32.536845],[-59.850173,-32.537023],[-59.850081,-32.537291],[-59.850082,-32.53757],[-59.850028,-32.537893],[-59.849937,-32.538229],[-59.849862,-32.53838],[-59.849735,-32.538517],[-59.84958,-32.538616],[-59.84932,-32.538677],[-59.849049,-32.538675],[-59.848714,-32.538671],[-59.848541,-32.538662],[-59.848195,-32.538609],[-59.848016,-32.538554],[-59.847735,-32.53843],[-59.847473,-32.538248],[-59.847365,-32.537984],[-59.847028,-32.537755],[-59.846852,-32.537687],[-59.846607,-32.537704],[-59.846005,-32.538031],[-59.845512,-32.53828],[-59.84528,-32.538301],[-59.845028,-32.538272],[-59.844752,-32.538252],[-59.844552,-32.538274],[-59.844138,-32.538322],[-59.843831,-32.538346],[-59.843503,-32.538311],[-59.843343,-32.538252],[-59.84317,-32.538162],[-59.842855,-32.537979],[-59.842357,-32.537619],[-59.842332,-32.53742],[-59.842259,-32.537283],[-59.842082,-32.53718],[-59.841802,-32.537146],[-59.841636,-32.537173],[-59.841443,-32.537281],[-59.841333,-32.537467],[-59.841176,-32.537554],[-59.840809,-32.537702],[-59.840567,-32.537836],[-59.840442,-32.537999],[-59.840289,-32.538401],[-59.840221,-32.53853],[-59.840075,-32.538666],[-59.839737,-32.538847],[-59.839523,-32.538931],[-59.839362,-32.538977],[-59.838993,-32.539031],[-59.838799,-32.539026],[-59.838554,-32.538979],[-59.838243,-32.538827],[-59.838009,-32.538596],[-59.837823,-32.538515],[-59.837525,-32.538417],[-59.837307,-32.538339],[-59.837132,-32.538249],[-59.83693,-32.538105],[-59.836815,-32.537976],[-59.836624,-32.537583],[-59.836606,-32.537349],[-59.836494,-32.537184],[-59.836319,-32.537098],[-59.836109,-32.537084],[-59.83595,-32.537089],[-59.835591,-32.537143],[-59.835406,-32.537188],[-59.835137,-32.537275],[-59.834773,-32.537424],[-59.834697,-32.537553],[-59.834699,-32.537873],[-59.834697,-32.538382],[-59.83475,-32.538541],[-59.834984,-32.538849],[-59.835042,-32.538999],[-59.834981,-32.539159],[-59.834855,-32.539328],[-59.834701,-32.539481],[-59.834458,-32.53966],[-59.834325,-32.539738],[-59.833993,-32.539865],[-59.833739,-32.539908],[-59.833572,-32.539903],[-59.833399,-32.539881],[-59.832977,-32.539789],[-59.832661,-32.539714],[-59.83247,-32.539619],[-59.832351,-32.539512],[-59.832279,-32.539371],[-59.83225,-32.539149],[-59.832251,-32.538946],[-59.832251,-32.538793],[-59.832249,-32.538572],[-59.832166,-32.538435],[-59.831982,-32.538354],[-59.831771,-32.538326],[-59.831546,-32.538284],[-59.831318,-32.538175],[-59.830859,-32.537916],[-59.830632,-32.537806],[-59.830471,-32.537771],[-59.830297,-32.537807],[-59.830131,-32.537911],[-59.829917,-32.538171],[-59.829795,-32.538375],[-59.829646,-32.538606],[-59.82933,-32.538972],[-59.829159,-32.539148],[-59.828981,-32.539306],[-59.828809,-32.539432],[-59.828649,-32.539522],[-59.828471,-32.539586],[-59.828121,-32.539703],[-59.827862,-32.539795],[-59.827633,-32.539902],[-59.827431,-32.540032],[-59.826836,-32.540481],[-59.826533,-32.540686],[-59.826252,-32.5408],[-59.826035,-32.540786],[-59.825835,-32.540709],[-59.825703,-32.540606],[-59.825578,-32.540472],[-59.825463,-32.540334],[-59.825272,-32.540027],[-59.825067,-32.539657],[-59.824985,-32.539475],[-59.824952,-32.539289],[-59.824963,-32.539123],[-59.824998,-32.538966],[-59.825062,-32.538815],[-59.82529,-32.538388],[-59.825444,-32.538166],[-59.825603,-32.537932],[-59.825779,-32.537639],[-59.825715,-32.537493],[-59.825549,-32.537426],[-59.825271,-32.537396],[-59.824997,-32.537398],[-59.824787,-32.537397],[-59.824463,-32.537398],[-59.824313,-32.537489],[-59.824191,-32.53763],[-59.824008,-32.537855],[-59.823886,-32.538064],[-59.82378,-32.538273],[-59.823581,-32.53871],[-59.823421,-32.539025],[-59.823241,-32.5393],[-59.823128,-32.539419],[-59.822937,-32.539567],[-59.82272,-32.539593],[-59.822434,-32.539492],[-59.822231,-32.539378],[-59.822034,-32.539234],[-59.821656,-32.53894],[-59.821362,-32.538735],[-59.821167,-32.53863],[-59.820625,-32.538387],[-59.820496,-32.538271],[-59.820287,-32.538009],[-59.819912,-32.537468],[-59.819626,-32.537073],[-59.81941,-32.536793],[-59.818881,-32.536158],[-59.818694,-32.53604],[-59.818479,-32.535958],[-59.818271,-32.535827],[-59.818001,-32.535549],[-59.817524,-32.535055],[-59.817311,-32.534991],[-59.817074,-32.534994],[-59.816667,-32.535079],[-59.816353,-32.535237],[-59.816207,-32.535364],[-59.816113,-32.535538],[-59.816092,-32.535681],[-59.816094,-32.536236],[-59.816092,-32.536745],[-59.81606,-32.536987],[-59.815989,-32.537175],[-59.815895,-32.537352],[-59.815667,-32.537716],[-59.815452,-32.538071],[-59.815293,-32.53836],[-59.815118,-32.538491],[-59.814459,-32.538542],[-59.814252,-32.538545],[-59.813842,-32.53854],[-59.813534,-32.538536],[-59.813045,-32.538537],[-59.81285,-32.538559],[-59.812669,-32.53864],[-59.812527,-32.538736],[-59.81234,-32.538916],[-59.812003,-32.53934],[-59.811737,-32.53964],[-59.811481,-32.539881],[-59.81136,-32.540008],[-59.811254,-32.540141],[-59.811197,-32.540329],[-59.811193,-32.540743],[-59.811192,-32.541527],[-59.811184,-32.541743],[-59.81112,-32.542264],[-59.811061,-32.542443],[-59.810912,-32.542732],[-59.810681,-32.543033],[-59.810464,-32.543158],[-59.810188,-32.543196],[-59.810073,-32.543076],[-59.810052,-32.54285],[-59.810077,-32.542643],[-59.810008,-32.542421],[-59.809896,-32.542292],[-59.809759,-32.542185],[-59.809379,-32.541932],[-59.809219,-32.54181],[-59.808963,-32.541754],[-59.808788,-32.541953],[-59.808474,-32.5424],[-59.807872,-32.543272],[-59.807694,-32.543561],[-59.80738,-32.544147],[-59.807331,-32.544277],[-59.807281,-32.544546],[-59.807221,-32.544747],[-59.807114,-32.544902],[-59.807007,-32.545016],[-59.80682,-32.545169],[-59.806404,-32.545434],[-59.806019,-32.545627],[-59.805793,-32.545707],[-59.80548,-32.545766],[-59.805311,-32.545739],[-59.805179,-32.545614],[-59.805036,-32.545237],[-59.804797,-32.544465],[-59.804661,-32.54402],[-59.80457,-32.543882],[-59.804429,-32.543743],[-59.804299,-32.543654],[-59.804057,-32.54359],[-59.803878,-32.543684],[-59.803744,-32.543785],[-59.803517,-32.544036],[-59.803399,-32.544145],[-59.80325,-32.544218],[-59.803046,-32.544271],[-59.802875,-32.544285],[-59.802703,-32.544272],[-59.802482,-32.544203],[-59.802358,-32.544096],[-59.802304,-32.543955],[-59.802189,-32.543772],[-59.801997,-32.543542],[-59.801823,-32.543425],[-59.80166,-32.543389],[-59.801484,-32.543398],[-59.801076,-32.543487],[-59.800889,-32.543581],[-59.80064,-32.543782],[-59.800179,-32.54418],[-59.799992,-32.544356],[-59.799615,-32.544711],[-59.799232,-32.545012],[-59.799064,-32.545089],[-59.798877,-32.545134],[-59.798489,-32.545196],[-59.798058,-32.54528],[-59.797737,-32.545389],[-59.797581,-32.545448],[-59.797348,-32.545559],[-59.7972,-32.545695],[-59.797134,-32.545833],[-59.797107,-32.545976],[-59.797134,-32.546266],[-59.797135,-32.546477],[-59.797058,-32.546831],[-59.797004,-32.547001],[-59.79691,-32.54726],[-59.796771,-32.547509],[-59.796692,-32.547628],[-59.79655,-32.547747],[-59.796391,-32.547801],[-59.796188,-32.547823],[-59.796029,-32.547801],[-59.795858,-32.547756],[-59.795663,-32.547625],[-59.795475,-32.547359],[-59.795444,-32.547209],[-59.795444,-32.547033],[-59.795453,-32.54611],[-59.795479,-32.545921],[-59.795502,-32.545787],[-59.795566,-32.545176],[-59.795556,-32.544955],[-59.79554,-32.544801],[-59.795486,-32.544606],[-59.795325,-32.544408],[-59.795165,-32.544485],[-59.794949,-32.544723],[-59.794689,-32.544955],[-59.794488,-32.545058],[-59.794038,-32.545303],[-59.793811,-32.545397],[-59.793405,-32.545458],[-59.793227,-32.545368],[-59.79311,-32.54514],[-59.792656,-32.544669],[-59.792403,-32.544442],[-59.792088,-32.54419],[-59.791916,-32.544073],[-59.791713,-32.54396],[-59.791298,-32.543738],[-59.790996,-32.543563],[-59.790581,-32.543336],[-59.790397,-32.543196],[-59.789968,-32.542784],[-59.789533,-32.542368],[-59.789435,-32.542199],[-59.78943,-32.541978],[-59.789504,-32.541768],[-59.789654,-32.54165],[-59.789936,-32.541499],[-59.790132,-32.541311],[-59.7902,-32.541033],[-59.790184,-32.540893],[-59.790093,-32.540526],[-59.790039,-32.540344],[-59.789937,-32.540071],[-59.789791,-32.53982],[-59.789703,-32.539696],[-59.789373,-32.539327],[-59.789043,-32.53894],[-59.788917,-32.538824],[-59.788665,-32.538655],[-59.788395,-32.538545],[-59.788018,-32.53867],[-59.787694,-32.538955],[-59.78769,-32.539144],[-59.787716,-32.539321],[-59.78778,-32.539692],[-59.787797,-32.539967],[-59.787784,-32.540183],[-59.787739,-32.54061],[-59.78768,-32.541135],[-59.787604,-32.541476],[-59.787524,-32.541632],[-59.787418,-32.541773],[-59.787175,-32.542046],[-59.786921,-32.542364],[-59.786779,-32.542635],[-59.786695,-32.542818],[-59.786523,-32.543251],[-59.786503,-32.543498],[-59.786537,-32.543751],[-59.786546,-32.543936],[-59.786491,-32.544142],[-59.786399,-32.544261],[-59.78621,-32.544418],[-59.786003,-32.544544],[-59.78577,-32.54466],[-59.785308,-32.544864],[-59.784904,-32.54507],[-59.784816,-32.545225],[-59.785053,-32.545299],[-59.785394,-32.545375],[-59.785633,-32.545436],[-59.785772,-32.545588],[-59.785172,-32.545906],[-59.784646,-32.546199],[-59.784469,-32.546235],[-59.784283,-32.546244],[-59.784085,-32.546275],[-59.783946,-32.546352],[-59.783772,-32.54655],[-59.783627,-32.54679],[-59.783515,-32.546963],[-59.783382,-32.547099],[-59.783158,-32.547192],[-59.782955,-32.547214],[-59.78254,-32.547217],[-59.782239,-32.547237],[-59.780547,-32.547468],[-59.779735,-32.547555],[-59.779441,-32.547597],[-59.778774,-32.547729],[-59.778641,-32.547888],[-59.778523,-32.548124],[-59.778317,-32.548231],[-59.778125,-32.548095],[-59.777969,-32.547934],[-59.777848,-32.547809],[-59.777725,-32.547693],[-59.777558,-32.547594],[-59.777321,-32.547529],[-59.77679,-32.547426],[-59.776416,-32.547317],[-59.776242,-32.547222],[-59.775924,-32.546962],[-59.77575,-32.546849],[-59.775557,-32.546799],[-59.775383,-32.546844],[-59.775067,-32.54698],[-59.774792,-32.546996]]]}},{"type":"Feature","properties":{"departamento":"Colón","distrito":"Distrito 3°","techo_ha":36.2,"total_ha":168.61,"ep":395,"potencia_kwp":84302,"inversion_musd":59.0,"generacion_gwh":96.3,"co2_tn":42235},"geometry":{"type":"Polygon","coordinates":[[[-58.607782,-31.90317],[-58.716354,-31.886835],[-58.714973,-31.873483],[-58.70991,-31.859307],[-58.729228,-31.856589],[-58.745401,-31.917256],[-58.737871,-31.931316],[-58.739198,-31.95597],[-58.733284,-31.966615],[-58.720274,-31.952422],[-58.719065,-31.950421],[-58.718783,-31.951835],[-58.717369,-31.9524],[-58.716803,-31.953673],[-58.714977,-31.956133],[-58.715016,-31.956535],[-58.715055,-31.957064],[-58.714896,-31.957293],[-58.713791,-31.957778],[-58.713527,-31.958106],[-58.712947,-31.958154],[-58.712498,-31.958148],[-58.711888,-31.958141],[-58.711587,-31.958198],[-58.711551,-31.958413],[-58.711925,-31.958872],[-58.711963,-31.959085],[-58.711717,-31.959495],[-58.711502,-31.959632],[-58.711093,-31.959686],[-58.710277,-31.959618],[-58.710023,-31.959564],[-58.709699,-31.959504],[-58.709366,-31.959722],[-58.70909,-31.960712],[-58.70922,-31.960933],[-58.710248,-31.961715],[-58.710372,-31.961828],[-58.710623,-31.962214],[-58.709394,-31.9627],[-58.708678,-31.962635],[-58.708321,-31.962938],[-58.707951,-31.963678],[-58.707946,-31.964069],[-58.708134,-31.964508],[-58.708252,-31.965669],[-58.70882,-31.966391],[-58.708843,-31.966644],[-58.70893,-31.967552],[-58.708142,-31.968485],[-58.707227,-31.969242],[-58.706565,-31.970287],[-58.706233,-31.971055],[-58.706084,-31.972212],[-58.706402,-31.972713],[-58.706707,-31.973818],[-58.706744,-31.974603],[-58.706502,-31.974978],[-58.706084,-31.975211],[-58.705201,-31.975352],[-58.704295,-31.975452],[-58.704095,-31.975837],[-58.704146,-31.976613],[-58.7042,-31.977331],[-58.70381,-31.977579],[-58.702904,-31.977643],[-58.701222,-31.977793],[-58.700634,-31.978228],[-58.699914,-31.978933],[-58.699967,-31.979214],[-58.70119,-31.979891],[-58.702152,-31.980396],[-58.702794,-31.981067],[-58.70282,-31.981423],[-58.70245,-31.982167],[-58.701793,-31.982821],[-58.700435,-31.982757],[-58.699334,-31.983431],[-58.698413,-31.984246],[-58.698414,-31.984467],[-58.698612,-31.984865],[-58.699566,-31.985141],[-58.700733,-31.985374],[-58.701375,-31.985653],[-58.701535,-31.986018],[-58.701286,-31.986613],[-58.701033,-31.986753],[-58.700584,-31.986756],[-58.699681,-31.986523],[-58.699242,-31.98676],[-58.699097,-31.987318],[-58.699146,-31.987568],[-58.699403,-31.987896],[-58.700489,-31.988685],[-58.701126,-31.989463],[-58.701173,-31.989821],[-58.700787,-31.990564],[-58.700264,-31.990889],[-58.699932,-31.99149],[-58.699532,-31.992593],[-58.699004,-31.993138],[-58.699063,-31.993473],[-58.700283,-31.993979],[-58.70119,-31.994266],[-58.702354,-31.994801],[-58.702625,-31.995265],[-58.702579,-31.995804],[-58.702454,-31.996043],[-58.701732,-31.997027],[-58.70147,-31.99736],[-58.701162,-31.997929],[-58.700726,-31.998471],[-58.700583,-31.998848],[-58.700708,-31.99969],[-58.70078,-32.000766],[-58.700794,-32.001188],[-58.700619,-32.001393],[-58.700224,-32.001321],[-58.699579,-32.001071],[-58.698952,-32.001053],[-58.69836,-32.000981],[-58.698088,-32.001254],[-58.697881,-32.001454],[-58.697762,-32.001612],[-58.69775,-32.001828],[-58.697842,-32.002115],[-58.697991,-32.002385],[-58.698083,-32.002506],[-58.698205,-32.002604],[-58.698415,-32.002683],[-58.698684,-32.002747],[-58.698863,-32.002766],[-58.699226,-32.002797],[-58.6995,-32.002819],[-58.699661,-32.002834],[-58.699983,-32.002845],[-58.700367,-32.00293],[-58.700519,-32.003061],[-58.700656,-32.00325],[-58.70074,-32.003546],[-58.700721,-32.003721],[-58.7006,-32.003875],[-58.700283,-32.004053],[-58.6995,-32.004468],[-58.69926,-32.004568],[-58.698766,-32.004731],[-58.698529,-32.004831],[-58.698186,-32.005049],[-58.697972,-32.005262],[-58.697926,-32.005396],[-58.697956,-32.005618],[-58.698024,-32.0058],[-58.69807,-32.005937],[-58.698089,-32.006104],[-58.698043,-32.006562],[-58.697998,-32.006795],[-58.697908,-32.007152],[-58.697818,-32.007315],[-58.69769,-32.007451],[-58.697547,-32.007518],[-58.697328,-32.00751],[-58.697104,-32.007435],[-58.696851,-32.007368],[-58.696678,-32.007344],[-58.696327,-32.007278],[-58.696069,-32.007256],[-58.695809,-32.007274],[-58.695607,-32.007353],[-58.695527,-32.00749],[-58.695523,-32.00767],[-58.69558,-32.007879],[-58.695644,-32.008021],[-58.69577,-32.008218],[-58.695941,-32.008409],[-58.696087,-32.008495],[-58.696373,-32.00855],[-58.696698,-32.008547],[-58.696888,-32.008882],[-58.697005,-32.008985],[-58.697221,-32.009065],[-58.697417,-32.009054],[-58.697673,-32.009058],[-58.697862,-32.00915],[-58.697986,-32.009258],[-58.69811,-32.009433],[-58.698146,-32.009569],[-58.698151,-32.009795],[-58.698093,-32.009968],[-58.69794,-32.010251],[-58.697846,-32.010383],[-58.697579,-32.010662],[-58.697374,-32.010822],[-58.697171,-32.010968],[-58.696666,-32.011266],[-58.696377,-32.011328],[-58.696128,-32.011352],[-58.695817,-32.011445],[-58.695705,-32.011576],[-58.695679,-32.011733],[-58.695675,-32.012048],[-58.69567,-32.012331],[-58.69567,-32.01289],[-58.695635,-32.013406],[-58.695556,-32.013579],[-58.695432,-32.013746],[-58.695137,-32.014065],[-58.694966,-32.01432],[-58.694915,-32.014463],[-58.694839,-32.014888],[-58.694808,-32.015108],[-58.69479,-32.015422],[-58.694779,-32.016066],[-58.694737,-32.017249],[-58.694775,-32.017556],[-58.694819,-32.017801],[-58.69484,-32.017982],[-58.694816,-32.018256],[-58.694735,-32.01846],[-58.694577,-32.018572],[-58.694347,-32.018627],[-58.694089,-32.018654],[-58.693805,-32.018694],[-58.693565,-32.018785],[-58.693333,-32.018885],[-58.69316,-32.01897],[-58.692932,-32.019146],[-58.692778,-32.01933],[-58.692687,-32.01948],[-58.692596,-32.01972],[-58.692552,-32.019881],[-58.692497,-32.020212],[-58.692462,-32.020545],[-58.692424,-32.021205],[-58.692434,-32.021611],[-58.69245,-32.021814],[-58.692497,-32.022108],[-58.692551,-32.022254],[-58.692668,-32.022416],[-58.692918,-32.022506],[-58.693086,-32.02252],[-58.69361,-32.022502],[-58.69378,-32.02249],[-58.69413,-32.022466],[-58.694446,-32.022558],[-58.69484,-32.022774],[-58.69505,-32.022862],[-58.695381,-32.022945],[-58.69561,-32.022975],[-58.696053,-32.023004],[-58.697009,-32.02301],[-58.697159,-32.023078],[-58.69729,-32.023177],[-58.697398,-32.023288],[-58.697574,-32.023542],[-58.697667,-32.023743],[-58.697703,-32.024046],[-58.697666,-32.02423],[-58.69759,-32.024371],[-58.697482,-32.024485],[-58.697327,-32.024588],[-58.697181,-32.02465],[-58.696937,-32.024732],[-58.696403,-32.024844],[-58.696002,-32.024939],[-58.69566,-32.025076],[-58.695516,-32.025161],[-58.695346,-32.025344],[-58.694809,-32.026299],[-58.694107,-32.027473],[-58.694087,-32.027607],[-58.694123,-32.027802],[-58.694197,-32.027967],[-58.694314,-32.028128],[-58.69448,-32.028301],[-58.694726,-32.028476],[-58.694917,-32.028464],[-58.69514,-32.028391],[-58.695343,-32.028326],[-58.695737,-32.028168],[-58.696032,-32.028065],[-58.696289,-32.028002],[-58.696553,-32.027961],[-58.69675,-32.027991],[-58.696902,-32.028054],[-58.697114,-32.028219],[-58.697289,-32.028437],[-58.697379,-32.028602],[-58.697448,-32.028775],[-58.697553,-32.02913],[-58.697606,-32.029465],[-58.697598,-32.029636],[-58.697544,-32.029886],[-58.697399,-32.03021],[-58.697255,-32.030453],[-58.697109,-32.030646],[-58.69695,-32.03083],[-58.696822,-32.030947],[-58.696435,-32.031267],[-58.696172,-32.031403],[-58.695957,-32.031481],[-58.695645,-32.031538],[-58.695342,-32.031523],[-58.69515,-32.031449],[-58.694963,-32.031321],[-58.69484,-32.031182],[-58.694747,-32.031021],[-58.694735,-32.030813],[-58.694771,-32.030607],[-58.694771,-32.030454],[-58.694702,-32.030272],[-58.69458,-32.030056],[-58.694442,-32.029858],[-58.694332,-32.029723],[-58.694092,-32.029472],[-58.693841,-32.029261],[-58.693684,-32.029161],[-58.693437,-32.029026],[-58.693268,-32.028957],[-58.693069,-32.02891],[-58.692863,-32.028917],[-58.692708,-32.02901],[-58.692627,-32.029165],[-58.692543,-32.029379],[-58.692486,-32.029615],[-58.692463,-32.029768],[-58.692444,-32.030073],[-58.692445,-32.030447],[-58.69247,-32.031214],[-58.692463,-32.031592],[-58.692443,-32.03178],[-58.692418,-32.031973],[-58.692348,-32.032349],[-58.692295,-32.032635],[-58.692263,-32.032909],[-58.692258,-32.033476],[-58.692242,-32.03375],[-58.69222,-32.033894],[-58.692124,-32.034025],[-58.691907,-32.034086],[-58.691565,-32.034097],[-58.691308,-32.03411],[-58.691081,-32.034157],[-58.690905,-32.034304],[-58.690845,-32.034522],[-58.69085,-32.034703],[-58.690885,-32.034857],[-58.690994,-32.035162],[-58.69103,-32.035317],[-58.691021,-32.035506],[-58.690975,-32.035738],[-58.690899,-32.035965],[-58.690826,-32.036116],[-58.690506,-32.036447],[-58.690403,-32.036322],[-58.690171,-32.035923],[-58.69004,-32.035738],[-58.68986,-32.035619],[-58.689495,-32.035566],[-58.689298,-32.035551],[-58.688988,-32.035553],[-58.688786,-32.035587],[-58.688552,-32.035674],[-58.688378,-32.035776],[-58.688193,-32.035936],[-58.688041,-32.036192],[-58.688094,-32.036352],[-58.688198,-32.036517],[-58.688316,-32.036765],[-58.688283,-32.036903],[-58.688075,-32.037153],[-58.687794,-32.037409],[-58.687583,-32.037559],[-58.68736,-32.0377],[-58.687208,-32.037785],[-58.686784,-32.037969],[-58.68659,-32.037998],[-58.686383,-32.037996],[-58.686166,-32.037957],[-58.685956,-32.037873],[-58.685783,-32.037669],[-58.685649,-32.037421],[-58.685535,-32.03726],[-58.685386,-32.037165],[-58.685181,-32.037081],[-58.685004,-32.03703],[-58.684708,-32.036966],[-58.684516,-32.036941],[-58.684292,-32.036938],[-58.68407,-32.036994],[-58.683932,-32.037169],[-58.683902,-32.037416],[-58.683894,-32.037578],[-58.683895,-32.037902],[-58.68391,-32.038591],[-58.683926,-32.038808],[-58.683949,-32.039237],[-58.683957,-32.039557],[-58.683926,-32.03988],[-58.683892,-32.040041],[-58.683758,-32.040198],[-58.683479,-32.040292],[-58.683094,-32.040315],[-58.682769,-32.040309],[-58.682448,-32.040284],[-58.681804,-32.040213],[-58.681319,-32.040178],[-58.681084,-32.04017],[-58.680645,-32.040182],[-58.680432,-32.040198],[-58.680103,-32.040285],[-58.679872,-32.040377],[-58.679725,-32.040457],[-58.67945,-32.040632],[-58.679329,-32.040732],[-58.679107,-32.040945],[-58.678921,-32.041186],[-58.678744,-32.041468],[-58.678592,-32.041832],[-58.678528,-32.042069],[-58.678483,-32.042302],[-58.678424,-32.042777],[-58.678406,-32.04315],[-58.678411,-32.043335],[-58.678483,-32.043707],[-58.678617,-32.043896],[-58.678689,-32.044042],[-58.678767,-32.044414],[-58.678906,-32.045275],[-58.678889,-32.045472],[-58.678994,-32.045661],[-58.6792,-32.045722],[-58.679427,-32.04572],[-58.680511,-32.04573],[-58.681309,-32.045785],[-58.681573,-32.04574],[-58.681774,-32.045674],[-58.681922,-32.045625],[-58.682266,-32.045561],[-58.682462,-32.045563],[-58.682854,-32.045594],[-58.683239,-32.045621],[-58.68343,-32.04565],[-58.683621,-32.045706],[-58.683808,-32.04582],[-58.683866,-32.045948],[-58.683862,-32.046142],[-58.683793,-32.046311],[-58.683563,-32.046605],[-58.683434,-32.046744],[-58.683234,-32.046954],[-58.682913,-32.047254],[-58.682689,-32.047412],[-58.68221,-32.047702],[-58.681997,-32.047862],[-58.681838,-32.048027],[-58.681736,-32.048182],[-58.681657,-32.048345],[-58.681511,-32.048683],[-58.681397,-32.048922],[-58.681274,-32.049116],[-58.681041,-32.049351],[-58.68084,-32.049525],[-58.680695,-32.049668],[-58.680578,-32.049813],[-58.680481,-32.050017],[-58.680455,-32.05016],[-58.680413,-32.050438],[-58.680405,-32.050717],[-58.680406,-32.051275],[-58.680446,-32.052393],[-58.680461,-32.05256],[-58.680493,-32.052904],[-58.680485,-32.053066],[-58.680431,-32.053262],[-58.680348,-32.05339],[-58.680237,-32.053503],[-58.680035,-32.05364],[-58.67978,-32.053726],[-58.679604,-32.053747],[-58.679427,-32.053746],[-58.679072,-32.053711],[-58.678674,-32.053688],[-58.678483,-32.053704],[-58.678265,-32.053719],[-58.677766,-32.05372],[-58.677433,-32.053754],[-58.677272,-32.053816],[-58.677188,-32.053975],[-58.677181,-32.054732],[-58.677171,-32.055515],[-58.677136,-32.055685],[-58.677017,-32.055861],[-58.676898,-32.055965],[-58.676759,-32.056059],[-58.67646,-32.056243],[-58.676129,-32.056461],[-58.675986,-32.056582],[-58.675472,-32.057123],[-58.675225,-32.057407],[-58.674992,-32.057706],[-58.674885,-32.057851],[-58.67483,-32.057993],[-58.674833,-32.058169],[-58.674877,-32.058301],[-58.67496,-32.058434],[-58.675179,-32.058676],[-58.675279,-32.058805],[-58.675365,-32.058988],[-58.675452,-32.059275],[-58.67545,-32.059424],[-58.675605,-32.059569],[-58.675744,-32.059645],[-58.676046,-32.059755],[-58.676358,-32.059909],[-58.676689,-32.060173],[-58.676834,-32.060309],[-58.676964,-32.060457],[-58.677048,-32.060586],[-58.677086,-32.06079],[-58.677051,-32.060973],[-58.676995,-32.061102],[-58.676846,-32.061277],[-58.676637,-32.061401],[-58.676397,-32.061505],[-58.676144,-32.061586],[-58.675979,-32.061626],[-58.675639,-32.061704],[-58.675345,-32.061762],[-58.674759,-32.061863],[-58.674324,-32.061952],[-58.674016,-32.062032],[-58.673263,-32.062245],[-58.672988,-32.062357],[-58.672177,-32.062739],[-58.671768,-32.062882],[-58.671555,-32.062916],[-58.671338,-32.062913],[-58.671157,-32.062884],[-58.670894,-32.062807],[-58.670714,-32.062738],[-58.670362,-32.062591],[-58.669959,-32.062433],[-58.669753,-32.062372],[-58.668864,-32.062157],[-58.668411,-32.062078],[-58.667968,-32.062054],[-58.667726,-32.062082],[-58.66757,-32.062198],[-58.667306,-32.062288],[-58.667076,-32.062339],[-58.666905,-32.062387],[-58.666677,-32.06251],[-58.666519,-32.062671],[-58.666443,-32.062817],[-58.666381,-32.063063],[-58.666374,-32.063265],[-58.666356,-32.063764],[-58.666381,-32.064008],[-58.666427,-32.064168],[-58.666524,-32.064356],[-58.666682,-32.064586],[-58.667008,-32.065016],[-58.667664,-32.065849],[-58.667836,-32.066013],[-58.66842,-32.06647],[-58.668667,-32.066721],[-58.668766,-32.066869],[-58.668915,-32.06714],[-58.669174,-32.067698],[-58.669331,-32.068059],[-58.669628,-32.068776],[-58.66974,-32.069154],[-58.669711,-32.069477],[-58.669646,-32.069628],[-58.669515,-32.069777],[-58.6693,-32.069891],[-58.669136,-32.069948],[-58.668586,-32.070074],[-58.668194,-32.0702],[-58.668022,-32.070302],[-58.667848,-32.070418],[-58.667449,-32.070688],[-58.667217,-32.070887],[-58.667134,-32.071078],[-58.667235,-32.07123],[-58.667404,-32.071362],[-58.667601,-32.07149],[-58.668029,-32.071739],[-58.668209,-32.071839],[-58.668419,-32.071928],[-58.668643,-32.071994],[-58.668889,-32.072043],[-58.669372,-32.072118],[-58.66974,-32.072185],[-58.669917,-32.072236],[-58.670555,-32.072438],[-58.670875,-32.072548],[-58.671176,-32.07268],[-58.671315,-32.072756],[-58.671558,-32.07294],[-58.671666,-32.073048],[-58.671848,-32.073338],[-58.671925,-32.073561],[-58.671981,-32.073725],[-58.672084,-32.073945],[-58.672302,-32.07438],[-58.672381,-32.074594],[-58.672421,-32.074825],[-58.672377,-32.074959],[-58.672253,-32.075126],[-58.672093,-32.075273],[-58.67191,-32.075402],[-58.671536,-32.075646],[-58.671195,-32.075851],[-58.670955,-32.075968],[-58.670487,-32.076191],[-58.67014,-32.076364],[-58.669969,-32.076462],[-58.669571,-32.076705],[-58.669385,-32.076833],[-58.669114,-32.077036],[-58.668849,-32.077256],[-58.668725,-32.077369],[-58.668592,-32.077563],[-58.668531,-32.077736],[-58.668498,-32.077924],[-58.668493,-32.078316],[-58.668484,-32.078608],[-58.668457,-32.078792],[-58.668383,-32.079006],[-58.668254,-32.079168],[-58.667833,-32.079523],[-58.667256,-32.080075],[-58.666973,-32.080358],[-58.666784,-32.080568],[-58.666374,-32.081072],[-58.666283,-32.081253],[-58.666103,-32.081823],[-58.665962,-32.082111],[-58.665794,-32.082304],[-58.665662,-32.082416],[-58.665353,-32.082586],[-58.665032,-32.082651],[-58.664848,-32.082636],[-58.664589,-32.082524],[-58.664395,-32.082373],[-58.664272,-32.082233],[-58.664178,-32.082091],[-58.664097,-32.081854],[-58.664084,-32.08161],[-58.664086,-32.081466],[-58.664115,-32.081179],[-58.664152,-32.081027],[-58.664245,-32.080724],[-58.664296,-32.080496],[-58.664299,-32.08032],[-58.664261,-32.080116],[-58.664166,-32.079929],[-58.664016,-32.079748],[-58.663833,-32.079602],[-58.663667,-32.079529],[-58.663367,-32.079496],[-58.663139,-32.079511],[-58.662799,-32.079544],[-58.662631,-32.079574],[-58.662387,-32.079642],[-58.662167,-32.07977],[-58.661991,-32.079953],[-58.661853,-32.080146],[-58.66175,-32.08035],[-58.661586,-32.080754],[-58.66146,-32.081056],[-58.661385,-32.081198],[-58.661222,-32.081467],[-58.660874,-32.082],[-58.660712,-32.082278],[-58.660614,-32.082509],[-58.660572,-32.082669],[-58.660556,-32.082836],[-58.660549,-32.08316],[-58.660554,-32.083452],[-58.66056,-32.083588],[-58.660595,-32.083805],[-58.660704,-32.084178],[-58.660984,-32.085025],[-58.661079,-32.085258],[-58.661141,-32.085517],[-58.661149,-32.085689],[-58.661122,-32.086196],[-58.661106,-32.086763],[-58.661092,-32.087051],[-58.661036,-32.087504],[-58.660906,-32.087621],[-58.660718,-32.087642],[-58.660518,-32.087621],[-58.660191,-32.087547],[-58.659898,-32.087415],[-58.659733,-32.087275],[-58.659629,-32.087163],[-58.659435,-32.086918],[-58.659287,-32.086737],[-58.659047,-32.086499],[-58.658914,-32.086409],[-58.658535,-32.086252],[-58.658313,-32.08619],[-58.657982,-32.086156],[-58.657703,-32.086232],[-58.657569,-32.086381],[-58.657485,-32.086594],[-58.657456,-32.086823],[-58.65744,-32.087376],[-58.657443,-32.087655],[-58.657491,-32.088477],[-58.65754,-32.088888],[-58.657773,-32.090238],[-58.657898,-32.091044],[-58.65795,-32.091451],[-58.657921,-32.091621],[-58.657799,-32.091806],[-58.657669,-32.091923],[-58.657215,-32.092245],[-58.657074,-32.092358],[-58.65694,-32.092515],[-58.656872,-32.092671],[-58.656811,-32.092952],[-58.656791,-32.093096],[-58.65678,-32.093316],[-58.656784,-32.09469],[-58.656795,-32.095969],[-58.656803,-32.096131],[-58.65683,-32.096456],[-58.656883,-32.096782],[-58.656934,-32.096991],[-58.657088,-32.097528],[-58.657177,-32.097729],[-58.657281,-32.097927],[-58.657501,-32.098317],[-58.657653,-32.09861],[-58.657725,-32.098766],[-58.657917,-32.099254],[-58.657997,-32.099505],[-58.658094,-32.099873],[-58.658158,-32.100244],[-58.658181,-32.10043],[-58.658169,-32.100677],[-58.658092,-32.100976],[-58.658006,-32.101167],[-58.657891,-32.101361],[-58.657803,-32.101484],[-58.657529,-32.101803],[-58.657375,-32.101924],[-58.657203,-32.102026],[-58.656848,-32.102199],[-58.656685,-32.102297],[-58.656502,-32.10243],[-58.656364,-32.102592],[-58.656112,-32.102953],[-58.655876,-32.103183],[-58.655658,-32.10332],[-58.655204,-32.103574],[-58.65487,-32.103766],[-58.654395,-32.104069],[-58.654168,-32.104228],[-58.653825,-32.104491],[-58.653575,-32.104725],[-58.65343,-32.104891],[-58.653199,-32.105248],[-58.653072,-32.105519],[-58.653023,-32.105715],[-58.653103,-32.105934],[-58.653327,-32.106275],[-58.653357,-32.10642],[-58.653321,-32.106788],[-58.653288,-32.106981],[-58.653227,-32.107262],[-58.653138,-32.107538],[-58.653042,-32.107778],[-58.652919,-32.107972],[-58.652512,-32.108517],[-58.652324,-32.108798],[-58.652258,-32.108949],[-58.652162,-32.109261],[-58.65213,-32.109418],[-58.652111,-32.10966],[-58.65216,-32.110013],[-58.65226,-32.110309],[-58.652344,-32.110497],[-58.652577,-32.110933],[-58.652732,-32.111127],[-58.652873,-32.111276],[-58.653039,-32.111502],[-58.653085,-32.111662],[-58.653081,-32.111851],[-58.653024,-32.112227],[-58.652984,-32.112509],[-58.652951,-32.113197],[-58.652882,-32.113933],[-58.65284,-32.114085],[-58.652699,-32.114328],[-58.652511,-32.114551],[-58.652381,-32.114722],[-58.652255,-32.114979],[-58.652264,-32.115178],[-58.652305,-32.115314],[-58.65236,-32.115447],[-58.652501,-32.115717],[-58.652627,-32.116019],[-58.652667,-32.116173],[-58.652717,-32.116499],[-58.652786,-32.116736],[-58.653022,-32.116946],[-58.653412,-32.117144],[-58.65361,-32.117381],[-58.653744,-32.117624],[-58.653862,-32.117867],[-58.653928,-32.118036],[-58.654036,-32.118368],[-58.654054,-32.118554],[-58.654004,-32.119052],[-58.654052,-32.119206],[-58.654183,-32.119355],[-58.654332,-32.119441],[-58.654715,-32.119612],[-58.654998,-32.11973],[-58.655213,-32.119782],[-58.655509,-32.119833],[-58.655691,-32.119916],[-58.655854,-32.120093],[-58.655903,-32.120283],[-58.655907,-32.120477],[-58.655903,-32.120621],[-58.655904,-32.121049],[-58.655868,-32.121908],[-58.655877,-32.122332],[-58.655902,-32.122548],[-58.655983,-32.123015],[-58.656061,-32.123324],[-58.656243,-32.123943],[-58.65635,-32.124244],[-58.656415,-32.12439],[-58.656616,-32.124717],[-58.656789,-32.124925],[-58.656976,-32.125116],[-58.657365,-32.125494],[-58.657513,-32.125621],[-58.657856,-32.125854],[-58.658053,-32.126049],[-58.658103,-32.126222],[-58.658068,-32.126455],[-58.657997,-32.126619],[-58.657731,-32.127092],[-58.657472,-32.127597],[-58.65731,-32.127839],[-58.657111,-32.128057],[-58.656933,-32.128191],[-58.656667,-32.128281],[-58.656386,-32.128334],[-58.656091,-32.128427],[-58.655404,-32.128746],[-58.655059,-32.128919],[-58.654735,-32.12911],[-58.65458,-32.129213],[-58.654286,-32.129433],[-58.653644,-32.129969],[-58.653491,-32.130135],[-58.6534,-32.130253],[-58.653207,-32.130485],[-58.653053,-32.130651],[-58.652776,-32.130867],[-58.652602,-32.130951],[-58.652381,-32.130993],[-58.651942,-32.130987],[-58.651156,-32.130987],[-58.650723,-32.130963],[-58.650583,-32.130859],[-58.650466,-32.130702],[-58.650326,-32.130584],[-58.650028,-32.130556],[-58.649856,-32.130564],[-58.649685,-32.130594],[-58.649472,-32.130685],[-58.649381,-32.130813],[-58.649321,-32.131059],[-58.649311,-32.131216],[-58.649298,-32.131544],[-58.649281,-32.131904],[-58.649087,-32.133104],[-58.648971,-32.133703],[-58.64891,-32.133868],[-58.648838,-32.133996],[-58.648747,-32.134119],[-58.648533,-32.134341],[-58.648376,-32.134516],[-58.648194,-32.134785],[-58.648136,-32.135008],[-58.648129,-32.135156],[-58.648148,-32.135305],[-58.648215,-32.135618],[-58.648303,-32.135892],[-58.648365,-32.136029],[-58.648491,-32.136213],[-58.648644,-32.136282],[-58.648891,-32.136317],[-58.649011,-32.136425],[-58.649138,-32.136632],[-58.649261,-32.136771],[-58.649514,-32.13696],[-58.649646,-32.137041],[-58.649867,-32.137107],[-58.650257,-32.137152],[-58.651035,-32.137206],[-58.651616,-32.137235],[-58.65194,-32.137264],[-58.652095,-32.137297],[-58.652327,-32.137354],[-58.652673,-32.137488],[-58.65281,-32.13756],[-58.652955,-32.137682],[-58.653052,-32.137807],[-58.653114,-32.138012],[-58.653103,-32.138844],[-58.653096,-32.139448],[-58.653188,-32.139685],[-58.65332,-32.139906],[-58.653397,-32.140066],[-58.653413,-32.140238],[-58.653352,-32.140407],[-58.653233,-32.140578],[-58.652928,-32.140919],[-58.65276,-32.141174],[-58.652734,-32.141381],[-58.652782,-32.141531],[-58.653057,-32.141995],[-58.653108,-32.142146],[-58.653075,-32.142329],[-58.652855,-32.14274],[-58.652393,-32.143553],[-58.65186,-32.14457],[-58.651956,-32.144781],[-58.65191,-32.145072],[-58.651871,-32.145224],[-58.651771,-32.145437],[-58.651608,-32.145634],[-58.651427,-32.145762],[-58.651158,-32.145857],[-58.650879,-32.145883],[-58.65057,-32.145927],[-58.65023,-32.146009],[-58.650067,-32.146089],[-58.64991,-32.146224],[-58.649779,-32.146417],[-58.649728,-32.146555],[-58.649692,-32.146693],[-58.64967,-32.146981],[-58.649648,-32.148619],[-58.649635,-32.149447],[-58.649712,-32.149612],[-58.650075,-32.149881],[-58.65099,-32.150778],[-58.651006,-32.150949],[-58.650841,-32.151074],[-58.650601,-32.151165],[-58.650403,-32.151217],[-58.649972,-32.151323],[-58.649642,-32.151407],[-58.649209,-32.151549],[-58.649049,-32.151638],[-58.648899,-32.151791],[-58.648824,-32.15209],[-58.648864,-32.15224],[-58.648907,-32.152396],[-58.64895,-32.152554],[-58.649068,-32.152693],[-58.649498,-32.153095],[-58.649772,-32.153411],[-58.649877,-32.153599],[-58.650054,-32.153988],[-58.650283,-32.154347],[-58.650509,-32.154499],[-58.650613,-32.15471],[-58.650485,-32.154881],[-58.650245,-32.155102],[-58.650139,-32.155216],[-58.65007,-32.155371],[-58.650044,-32.155595],[-58.649985,-32.15616],[-58.649937,-32.156398],[-58.649918,-32.156572],[-58.649965,-32.156759],[-58.650059,-32.156888],[-58.650245,-32.156989],[-58.650454,-32.157032],[-58.650687,-32.15709],[-58.651336,-32.157373],[-58.651574,-32.157485],[-58.651931,-32.157664],[-58.652062,-32.157745],[-58.652241,-32.157873],[-58.652373,-32.158035],[-58.652463,-32.158209],[-58.652524,-32.158495],[-58.652547,-32.158721],[-58.652558,-32.158888],[-58.652634,-32.15962],[-58.652654,-32.159986],[-58.652653,-32.160346],[-58.652629,-32.160624],[-58.652546,-32.160815],[-58.652416,-32.160986],[-58.652114,-32.161327],[-58.651931,-32.1616],[-58.651847,-32.161872],[-58.651809,-32.162222],[-58.651818,-32.162425],[-58.651811,-32.162573],[-58.651638,-32.162869],[-58.651416,-32.163082],[-58.651263,-32.163239],[-58.651189,-32.163407],[-58.651119,-32.163707],[-58.650863,-32.1639],[-58.650527,-32.164073],[-58.650287,-32.16416],[-58.649552,-32.164373],[-58.649333,-32.164411],[-58.649143,-32.164404],[-58.648948,-32.164388],[-58.648553,-32.164339],[-58.648278,-32.16432],[-58.648105,-32.164341],[-58.647919,-32.16442],[-58.647789,-32.164547],[-58.6477,-32.164728],[-58.647678,-32.164871],[-58.647682,-32.165011],[-58.647737,-32.165301],[-58.647777,-32.165519],[-58.64793,-32.166569],[-58.647998,-32.166986],[-58.64806,-32.167186],[-58.648197,-32.167429],[-58.648338,-32.167619],[-58.648495,-32.167831],[-58.648711,-32.168181],[-58.648811,-32.16836],[-58.648929,-32.168621],[-58.648952,-32.168788],[-58.648893,-32.168989],[-58.648815,-32.169121],[-58.648716,-32.169253],[-58.648494,-32.16952],[-58.648281,-32.169823],[-58.648208,-32.169974],[-58.64814,-32.170233],[-58.648125,-32.170372],[-58.648162,-32.170603],[-58.648265,-32.170706],[-58.648404,-32.170805],[-58.648533,-32.170931],[-58.648733,-32.171294],[-58.648808,-32.171481],[-58.648844,-32.171671],[-58.648851,-32.17187],[-58.648819,-32.172085],[-58.648751,-32.172303],[-58.648644,-32.172542],[-58.648532,-32.172732],[-58.648379,-32.172934],[-58.64806,-32.173301],[-58.64779,-32.173625],[-58.647712,-32.173816],[-58.647655,-32.173967],[-58.647538,-32.174189],[-58.647395,-32.17431],[-58.647099,-32.174453],[-58.646741,-32.174535],[-58.646497,-32.174549],[-58.646259,-32.174541],[-58.645771,-32.174506],[-58.644635,-32.174399],[-58.644456,-32.17437],[-58.6441,-32.174286],[-58.643829,-32.17425],[-58.643654,-32.174248],[-58.643431,-32.174317],[-58.643295,-32.174457],[-58.643288,-32.174663],[-58.643375,-32.174946],[-58.643421,-32.175145],[-58.643473,-32.175381],[-58.643621,-32.175846],[-58.643662,-32.176077],[-58.643642,-32.176279],[-58.643557,-32.176452],[-58.643428,-32.176614],[-58.643124,-32.176927],[-58.642929,-32.177182],[-58.642867,-32.177315],[-58.642749,-32.177685],[-58.642701,-32.177868],[-58.64264,-32.178145],[-58.642567,-32.17857],[-58.64256,-32.178813],[-58.642566,-32.17898],[-58.642633,-32.179351],[-58.642766,-32.179495],[-58.643028,-32.179667],[-58.643075,-32.179848],[-58.64289,-32.179941],[-58.642697,-32.180006],[-58.642403,-32.180113],[-58.642261,-32.180203],[-58.642073,-32.180417],[-58.641724,-32.180905],[-58.641497,-32.181124],[-58.641383,-32.181235],[-58.641067,-32.18154],[-58.640802,-32.181657],[-58.640629,-32.18166],[-58.640449,-32.181618],[-58.64026,-32.18153],[-58.640046,-32.181351],[-58.639875,-32.181053],[-58.639732,-32.180935],[-58.63953,-32.180789],[-58.639313,-32.180664],[-58.639169,-32.180587],[-58.638863,-32.18045],[-58.638561,-32.180345],[-58.638394,-32.180299],[-58.638126,-32.180245],[-58.637876,-32.180227],[-58.637596,-32.180258],[-58.637436,-32.180329],[-58.637328,-32.180433],[-58.63725,-32.18057],[-58.637126,-32.180845],[-58.636996,-32.181125],[-58.636885,-32.181278],[-58.636646,-32.181581],[-58.636546,-32.18173],[-58.636464,-32.181957],[-58.636535,-32.18218],[-58.636768,-32.1824],[-58.637206,-32.18283],[-58.637319,-32.183009],[-58.637362,-32.183209],[-58.637344,-32.183429],[-58.63726,-32.183624],[-58.637101,-32.183803],[-58.636894,-32.183981],[-58.63667,-32.184126],[-58.636517,-32.184229],[-58.636085,-32.184452],[-58.635704,-32.184556],[-58.635384,-32.184613],[-58.635151,-32.184668],[-58.635003,-32.184721],[-58.634818,-32.184809],[-58.634675,-32.184931],[-58.634517,-32.185123],[-58.6344,-32.185367],[-58.63435,-32.185532],[-58.634315,-32.185702],[-58.634275,-32.186043],[-58.634281,-32.186236],[-58.634391,-32.186758],[-58.634368,-32.186919],[-58.634301,-32.187093],[-58.634186,-32.187296],[-58.634056,-32.187458],[-58.633812,-32.187688],[-58.633517,-32.187876],[-58.633266,-32.187985],[-58.633105,-32.18802],[-58.632943,-32.188032],[-58.632626,-32.188017],[-58.632408,-32.187986],[-58.631977,-32.187868],[-58.631758,-32.187833],[-58.631543,-32.187857],[-58.631341,-32.187927],[-58.631021,-32.188087],[-58.630774,-32.188259],[-58.630519,-32.188498],[-58.63041,-32.188633],[-58.630249,-32.188898],[-58.630173,-32.18903],[-58.630073,-32.189239],[-58.629952,-32.189554],[-58.629857,-32.189938],[-58.629803,-32.190193],[-58.629738,-32.190713],[-58.629726,-32.191028],[-58.629772,-32.191664],[-58.629783,-32.19198],[-58.629776,-32.192137],[-58.629738,-32.1926],[-58.629692,-32.192837],[-58.62957,-32.193171],[-58.629487,-32.193307],[-58.629352,-32.193465],[-58.629197,-32.193599],[-58.628987,-32.193736],[-58.628848,-32.193817],[-58.628558,-32.193951],[-58.628272,-32.194062],[-58.627682,-32.194231],[-58.627236,-32.19436],[-58.625575,-32.194874],[-58.62474,-32.19512],[-58.624279,-32.195225],[-58.623966,-32.195287],[-58.623344,-32.195387],[-58.622993,-32.195433],[-58.62281,-32.195431],[-58.622642,-32.195394],[-58.622477,-32.195307],[-58.62228,-32.195111],[-58.622159,-32.194936],[-58.622062,-32.194806],[-58.621971,-32.19465],[-58.621812,-32.194334],[-58.621629,-32.194111],[-58.621449,-32.194001],[-58.621227,-32.193935],[-58.621048,-32.193911],[-58.620693,-32.193917],[-58.620519,-32.193956],[-58.620114,-32.194117],[-58.619923,-32.194228],[-58.619645,-32.194452],[-58.619479,-32.194604],[-58.619121,-32.194992],[-58.619052,-32.195116],[-58.618894,-32.195538],[-58.618827,-32.195671],[-58.618713,-32.195829],[-58.618417,-32.196098],[-58.618255,-32.196214],[-58.617991,-32.196363],[-58.617558,-32.196501],[-58.617244,-32.196535],[-58.617001,-32.196522],[-58.616447,-32.196489],[-58.616181,-32.196448],[-58.615909,-32.196371],[-58.615697,-32.196279],[-58.615551,-32.19617],[-58.615443,-32.196049],[-58.615357,-32.195902],[-58.615296,-32.195684],[-58.615291,-32.195517],[-58.615269,-32.195309],[-58.615177,-32.195031],[-58.615249,-32.194899],[-58.615421,-32.194738],[-58.615456,-32.194572],[-58.615438,-32.194396],[-58.61536,-32.194249],[-58.615219,-32.1941],[-58.61502,-32.193949],[-58.614808,-32.193888],[-58.614437,-32.193839],[-58.613701,-32.193773],[-58.612866,-32.193685],[-58.612441,-32.193666],[-58.612268,-32.193683],[-58.61209,-32.193744],[-58.611949,-32.193811],[-58.611762,-32.193958],[-58.611646,-32.194071],[-58.611412,-32.194301],[-58.611172,-32.19455],[-58.611004,-32.194742],[-58.6109,-32.194927],[-58.610814,-32.195127],[-58.610656,-32.19554],[-58.610539,-32.195829],[-58.610436,-32.195988],[-58.61028,-32.196149],[-58.610093,-32.196232],[-58.609902,-32.196248],[-58.609669,-32.196195],[-58.609505,-32.196122],[-58.609005,-32.195834],[-58.60862,-32.195645],[-58.608421,-32.195589],[-58.608074,-32.195545],[-58.607373,-32.195476],[-58.607021,-32.195427],[-58.606703,-32.195358],[-58.60643,-32.195267],[-58.606173,-32.19515],[-58.606011,-32.195059],[-58.6058,-32.194921],[-58.605619,-32.194735],[-58.605624,-32.19451],[-58.605723,-32.194266],[-58.605829,-32.193949],[-58.605801,-32.1938],[-58.605717,-32.193684],[-58.605442,-32.193459],[-58.605306,-32.193373],[-58.605091,-32.19332],[-58.60482,-32.193347],[-58.604493,-32.193475],[-58.604267,-32.193602],[-58.604045,-32.193757],[-58.60354,-32.194189],[-58.603481,-32.194368],[-58.603518,-32.194585],[-58.603592,-32.194759],[-58.603688,-32.195082],[-58.603675,-32.195234],[-58.603587,-32.195357],[-58.603261,-32.19563],[-58.603078,-32.195749],[-58.602802,-32.195875],[-58.602538,-32.195906],[-58.602353,-32.19585],[-58.602204,-32.195755],[-58.602062,-32.195624],[-58.601761,-32.195276],[-58.601687,-32.195048],[-58.60167,-32.194858],[-58.60165,-32.194723],[-58.601612,-32.194586],[-58.601502,-32.194443],[-58.601341,-32.194329],[-58.601136,-32.194236],[-58.600811,-32.194166],[-58.600521,-32.194147],[-58.600234,-32.194151],[-58.600048,-32.194176],[-58.599641,-32.194274],[-58.599482,-32.194372],[-58.59905,-32.194781],[-58.598888,-32.194883],[-58.59866,-32.194947],[-58.59839,-32.194956],[-58.598205,-32.194945],[-58.597843,-32.194919],[-58.597481,-32.194865],[-58.596759,-32.194732],[-58.596216,-32.194632],[-58.595669,-32.19455],[-58.595397,-32.194532],[-58.59499,-32.194517],[-58.594429,-32.194552],[-58.594148,-32.194578],[-58.593726,-32.194635],[-58.593307,-32.194715],[-58.593095,-32.194771],[-58.592855,-32.194862],[-58.592681,-32.194959],[-58.592452,-32.19514],[-58.592022,-32.195544],[-58.591689,-32.195812],[-58.591504,-32.195913],[-58.591297,-32.195978],[-58.591052,-32.19601],[-58.590848,-32.196016],[-58.590523,-32.196],[-58.589849,-32.195918],[-58.589519,-32.195889],[-58.589358,-32.195879],[-58.589154,-32.195885],[-58.588909,-32.195917],[-58.588588,-32.196045],[-58.588447,-32.196149],[-58.588283,-32.196314],[-58.587976,-32.196654],[-58.587693,-32.197014],[-58.587163,-32.197747],[-58.586891,-32.198107],[-58.586748,-32.198282],[-58.586521,-32.19854],[-58.585824,-32.199259],[-58.585468,-32.199611],[-58.584918,-32.200132],[-58.584737,-32.20027],[-58.584508,-32.200397],[-58.584305,-32.200484],[-58.583972,-32.20059],[-58.583293,-32.200773],[-58.582958,-32.200865],[-58.582799,-32.200922],[-58.582504,-32.201052],[-58.582362,-32.201128],[-58.582189,-32.201266],[-58.582035,-32.201427],[-58.581952,-32.201573],[-58.581896,-32.201783],[-58.581891,-32.201994],[-58.581859,-32.202236],[-58.581815,-32.202433],[-58.581748,-32.202831],[-58.581618,-32.204083],[-58.581551,-32.204486],[-58.581496,-32.204687],[-58.581398,-32.204962],[-58.581212,-32.205312],[-58.581093,-32.205474],[-58.580873,-32.205696],[-58.580593,-32.205889],[-58.580433,-32.205973],[-58.580295,-32.20604],[-58.580017,-32.206148],[-58.579738,-32.206224],[-58.579555,-32.206267],[-58.579182,-32.206326],[-58.578996,-32.206342],[-58.578621,-32.206365],[-58.578242,-32.206365],[-58.577491,-32.206356],[-58.576926,-32.206364],[-58.576645,-32.206381],[-58.57543,-32.206464],[-58.572995,-32.206604],[-58.571778,-32.206701],[-58.571067,-32.206784],[-58.570865,-32.206854],[-58.57068,-32.206955],[-58.570323,-32.207204],[-58.570075,-32.207402],[-58.569928,-32.207537],[-58.569641,-32.207837],[-58.569382,-32.208152],[-58.569218,-32.208372],[-58.56891,-32.20882],[-58.568563,-32.209317],[-58.568317,-32.209633],[-58.568196,-32.209786],[-58.567989,-32.210008],[-58.567768,-32.210203],[-58.56758,-32.210354],[-58.567433,-32.210444],[-58.567165,-32.210556],[-58.566926,-32.210619],[-58.566547,-32.210696],[-58.56575,-32.210794],[-58.56535,-32.210848],[-58.565158,-32.210886],[-58.564785,-32.210977],[-58.564618,-32.211038],[-58.564369,-32.211151],[-58.564224,-32.211245],[-58.56406,-32.211397],[-58.56389,-32.211577],[-58.563739,-32.211746],[-58.563534,-32.211986],[-58.56316,-32.212473],[-58.562992,-32.212728],[-58.56267,-32.213235],[-58.56239,-32.213765],[-58.562214,-32.214124],[-58.562107,-32.214368],[-58.561906,-32.214856],[-58.561587,-32.215678],[-58.561461,-32.216097],[-58.561397,-32.216374],[-58.561374,-32.216517],[-58.561351,-32.216728],[-58.561322,-32.217105],[-58.56128,-32.217856],[-58.561267,-32.218616],[-58.561264,-32.219116],[-58.5613,-32.220121],[-58.561312,-32.220401],[-58.561359,-32.220961],[-58.561381,-32.221381],[-58.561383,-32.222209],[-58.561344,-32.223878],[-58.561303,-32.224791],[-58.561267,-32.225254],[-58.561207,-32.225936],[-58.561152,-32.226191],[-58.561054,-32.226471],[-58.560943,-32.226688],[-58.560845,-32.226846],[-58.560631,-32.227154],[-58.560471,-32.227351],[-58.560139,-32.227754],[-58.559888,-32.228056],[-58.559654,-32.228358],[-58.55955,-32.228517],[-58.559409,-32.228755],[-58.559261,-32.229132],[-58.55912,-32.229681],[-58.559067,-32.229963],[-58.559045,-32.230246],[-58.559035,-32.23039],[-58.559051,-32.230665],[-58.559073,-32.230805],[-58.559125,-32.231005],[-58.559486,-32.232117],[-58.560231,-32.234331],[-58.561138,-32.23693],[-58.561245,-32.237177],[-58.561413,-32.237426],[-58.561573,-32.237616],[-58.561854,-32.237887],[-58.562052,-32.238061],[-58.562476,-32.238396],[-58.56295,-32.238773],[-58.563231,-32.239035],[-58.563363,-32.23917],[-58.563535,-32.239383],[-58.563722,-32.239736],[-58.563785,-32.239914],[-58.563896,-32.240292],[-58.563935,-32.240464],[-58.563995,-32.240813],[-58.564022,-32.24108],[-58.564029,-32.241485],[-58.564011,-32.241895],[-58.563983,-32.242096],[-58.563932,-32.242392],[-58.563836,-32.242784],[-58.56377,-32.24298],[-58.563659,-32.24326],[-58.563524,-32.243534],[-58.563446,-32.243662],[-58.561683,-32.246622],[-58.561171,-32.24614],[-58.561005,-32.245963],[-58.560683,-32.245609],[-58.560463,-32.245341],[-58.560398,-32.245154],[-58.560377,-32.244887],[-58.560289,-32.244731],[-58.560089,-32.244598],[-58.55982,-32.244521],[-58.559566,-32.244494],[-58.559352,-32.2445],[-58.55904,-32.244538],[-58.558796,-32.244593],[-58.558563,-32.244693],[-58.558511,-32.244849],[-58.558509,-32.245042],[-58.558444,-32.245179],[-58.558223,-32.245212],[-58.55785,-32.245244],[-58.557469,-32.245244],[-58.557128,-32.245223],[-58.556964,-32.245208],[-58.556323,-32.2451],[-58.555678,-32.244906],[-58.555374,-32.244743],[-58.55482,-32.244367],[-58.554531,-32.244208],[-58.554286,-32.244123],[-58.554076,-32.244084],[-58.55386,-32.24405],[-58.553573,-32.244013],[-58.553231,-32.243919],[-58.553041,-32.243796],[-58.552974,-32.243546],[-58.552989,-32.243344],[-58.55301,-32.243074],[-58.55296,-32.242847],[-58.552709,-32.242681],[-58.552377,-32.242579],[-58.552138,-32.24253],[-58.551816,-32.242465],[-58.551661,-32.242423],[-58.551435,-32.242348],[-58.551052,-32.242163],[-58.550682,-32.241979],[-58.550504,-32.241882],[-58.550252,-32.241725],[-58.549987,-32.241513],[-58.549839,-32.241332],[-58.549729,-32.241153],[-58.549648,-32.240898],[-58.549641,-32.240731],[-58.549705,-32.240395],[-58.549832,-32.240058],[-58.55004,-32.239606],[-58.550128,-32.239379],[-58.550197,-32.239156],[-58.550214,-32.238873],[-58.550134,-32.237952],[-58.550077,-32.237495],[-58.549954,-32.236806],[-58.549917,-32.236544],[-58.549885,-32.236317],[-58.549804,-32.23604],[-58.549713,-32.235879],[-58.54953,-32.235674],[-58.549394,-32.235584],[-58.549237,-32.235538],[-58.549019,-32.235562],[-58.548794,-32.235666],[-58.548467,-32.235916],[-58.548024,-32.236301],[-58.547807,-32.236456],[-58.547657,-32.236536],[-58.547475,-32.236593],[-58.547311,-32.236587],[-58.547051,-32.236533],[-58.546731,-32.236418],[-58.546597,-32.236336],[-58.546437,-32.236205],[-58.546329,-32.23607],[-58.546275,-32.235924],[-58.546295,-32.235628],[-58.546418,-32.235281],[-58.546451,-32.235102],[-58.546371,-32.234244],[-58.546238,-32.233217],[-58.5462,-32.232702],[-58.546201,-32.232414],[-58.546218,-32.232225],[-58.546276,-32.231849],[-58.546541,-32.230715],[-58.546594,-32.230329],[-58.546603,-32.230145],[-58.546611,-32.229826],[-58.546598,-32.229658],[-58.546558,-32.229495],[-58.546471,-32.22933],[-58.546257,-32.229142],[-58.546109,-32.229078],[-58.545818,-32.229027],[-58.54552,-32.229044],[-58.545128,-32.229107],[-58.544936,-32.229127],[-58.543906,-32.229176],[-58.543611,-32.229197],[-58.543218,-32.229224],[-58.543019,-32.22923],[-58.54285,-32.229211],[-58.542527,-32.229096],[-58.542329,-32.228976],[-58.541935,-32.228701],[-58.541739,-32.228577],[-58.541529,-32.228484],[-58.54131,-32.228427],[-58.541103,-32.228379],[-58.540864,-32.22829],[-58.540483,-32.228006],[-58.540484,-32.227434],[-58.54055,-32.227121],[-58.540684,-32.226698],[-58.540745,-32.226484],[-58.540787,-32.226279],[-58.540795,-32.226018],[-58.540603,-32.223768],[-58.54048,-32.222638],[-58.540413,-32.222114],[-58.540356,-32.221769],[-58.54021,-32.221075],[-58.540143,-32.220821],[-58.540082,-32.220652],[-58.539923,-32.220331],[-58.539379,-32.21938],[-58.539215,-32.219059],[-58.539146,-32.218899],[-58.538948,-32.218387],[-58.538853,-32.218118],[-58.538738,-32.217704],[-58.538688,-32.217432],[-58.538673,-32.217297],[-58.538673,-32.217094],[-58.538701,-32.216834],[-58.538803,-32.216531],[-58.538902,-32.216355],[-58.539053,-32.216185],[-58.539256,-32.216043],[-58.539718,-32.215803],[-58.539863,-32.215709],[-58.540563,-32.215166],[-58.540853,-32.21492],[-58.541101,-32.214672],[-58.541202,-32.214549],[-58.541201,-32.214396],[-58.541083,-32.21427],[-58.540893,-32.214151],[-58.540599,-32.213988],[-58.540462,-32.213911],[-58.540307,-32.213788],[-58.540219,-32.213636],[-58.540179,-32.213419],[-58.540158,-32.213089],[-58.540134,-32.212931],[-58.540088,-32.21279],[-58.540004,-32.212665],[-58.539876,-32.21258],[-58.539707,-32.21252],[-58.539283,-32.212473],[-58.538345,-32.21248],[-58.538068,-32.212462],[-58.537815,-32.212372],[-58.537696,-32.212268],[-58.537639,-32.212131],[-58.537605,-32.211909],[-58.537555,-32.211462],[-58.537529,-32.21102],[-58.537522,-32.210132],[-58.537491,-32.209803],[-58.537415,-32.209354],[-58.537407,-32.209133],[-58.537433,-32.208985],[-58.537505,-32.208803],[-58.537619,-32.208632],[-58.537799,-32.208485],[-58.537951,-32.2084],[-58.538217,-32.208329],[-58.53839,-32.208303],[-58.538731,-32.20827],[-58.538996,-32.208311],[-58.539177,-32.208399],[-58.539538,-32.208659],[-58.539787,-32.208875],[-58.540099,-32.209152],[-58.540257,-32.209279],[-58.540409,-32.209374],[-58.540593,-32.209448],[-58.54081,-32.209452],[-58.541011,-32.209346],[-58.541126,-32.20922],[-58.541229,-32.209066],[-58.541298,-32.208901],[-58.541332,-32.208578],[-58.54129,-32.208253],[-58.541176,-32.207812],[-58.541124,-32.207594],[-58.541092,-32.207377],[-58.541097,-32.207111],[-58.541154,-32.206816],[-58.541298,-32.206236],[-58.541504,-32.20545],[-58.541592,-32.205057],[-58.541648,-32.204672],[-58.541665,-32.204474],[-58.541665,-32.204159],[-58.541654,-32.203952],[-58.541595,-32.203535],[-58.541555,-32.203322],[-58.541451,-32.202904],[-58.541325,-32.20249],[-58.540843,-32.201415],[-58.540449,-32.200818],[-58.540222,-32.200474],[-58.540096,-32.20029],[-58.539958,-32.20001],[-58.539907,-32.199765],[-58.539905,-32.199486],[-58.539932,-32.199298],[-58.540027,-32.198923],[-58.540162,-32.198549],[-58.540351,-32.198043],[-58.540427,-32.197789],[-58.540492,-32.197534],[-58.540527,-32.197211],[-58.540551,-32.195902],[-58.5406,-32.195341],[-58.540692,-32.194583],[-58.540726,-32.194219],[-58.540703,-32.194029],[-58.540605,-32.193828],[-58.540488,-32.193671],[-58.540287,-32.193438],[-58.540019,-32.193136],[-58.539928,-32.192984],[-58.539867,-32.192834],[-58.539871,-32.19264],[-58.53992,-32.192511],[-58.540078,-32.192251],[-58.540474,-32.191734],[-58.540581,-32.191553],[-58.540948,-32.19071],[-58.541081,-32.190319],[-58.541139,-32.190055],[-58.541153,-32.189921],[-58.541166,-32.189718],[-58.541143,-32.189051],[-58.541114,-32.188613],[-58.541051,-32.187724],[-58.540863,-32.185659],[-58.540839,-32.185339],[-58.540826,-32.184699],[-58.540806,-32.183419],[-58.54076,-32.182783],[-58.540704,-32.18243],[-58.540641,-32.182202],[-58.540486,-32.181742],[-58.539895,-32.180397],[-58.539734,-32.179941],[-58.539669,-32.179714],[-58.539608,-32.179392],[-58.539547,-32.178953],[-58.53951,-32.178735],[-58.539378,-32.178181],[-58.539296,-32.177904],[-58.539187,-32.177643],[-58.53912,-32.177515],[-58.538974,-32.177253],[-58.538887,-32.177133],[-58.538737,-32.176943],[-58.538598,-32.176821],[-58.538417,-32.176725],[-58.538259,-32.17666],[-58.537486,-32.176484],[-58.53732,-32.17642],[-58.537123,-32.176323],[-58.53661,-32.175994],[-58.536393,-32.175824],[-58.536277,-32.175708],[-58.536181,-32.175565],[-58.53616,-32.175402],[-58.536232,-32.175224],[-58.536338,-32.17507],[-58.536446,-32.174962],[-58.536719,-32.174737],[-58.537038,-32.174505],[-58.537473,-32.174219],[-58.537675,-32.174082],[-58.537816,-32.174006],[-58.537996,-32.173967],[-58.538372,-32.173967],[-58.53867,-32.173973],[-58.538932,-32.173928],[-58.539074,-32.173848],[-58.53923,-32.173678],[-58.539311,-32.173541],[-58.539425,-32.173257],[-58.539478,-32.172939],[-58.539482,-32.1728],[-58.539463,-32.172605],[-58.539395,-32.17231],[-58.53926,-32.172031],[-58.539176,-32.171911],[-58.539013,-32.17172],[-58.538778,-32.171509],[-58.538611,-32.171395],[-58.538273,-32.171221],[-58.537953,-32.171097],[-58.53765,-32.171015],[-58.537472,-32.170981],[-58.537109,-32.170941],[-58.536392,-32.170867],[-58.536037,-32.170814],[-58.535587,-32.170721],[-58.535367,-32.170664],[-58.535046,-32.170562],[-58.53473,-32.170434],[-58.534577,-32.170361],[-58.534385,-32.170228],[-58.534267,-32.170093],[-58.533963,-32.169664],[-58.533847,-32.169534],[-58.533709,-32.169434],[-58.533563,-32.169348],[-58.533439,-32.169177],[-58.533348,-32.168976],[-58.533296,-32.168794],[-58.533248,-32.168517],[-58.533179,-32.16815],[-58.533135,-32.167964],[-58.533061,-32.167799],[-58.532933,-32.167606],[-58.532729,-32.167387],[-58.532585,-32.167247],[-58.532281,-32.166975],[-58.532161,-32.166876],[-58.531906,-32.166691],[-58.531367,-32.166334],[-58.531125,-32.16615],[-58.530982,-32.165979],[-58.530926,-32.165837],[-58.530896,-32.165521],[-58.530911,-32.164841],[-58.530887,-32.164629],[-58.530807,-32.164419],[-58.530705,-32.164294],[-58.530566,-32.164208],[-58.530372,-32.16412],[-58.529973,-32.163989],[-58.529568,-32.163893],[-58.528741,-32.163756],[-58.528572,-32.163736],[-58.528226,-32.163733],[-58.527759,-32.163739],[-58.52753,-32.163713],[-58.527308,-32.16366],[-58.526928,-32.163466],[-58.526751,-32.163357],[-58.52644,-32.163111],[-58.526296,-32.162985],[-58.526021,-32.162709],[-58.525512,-32.162128],[-58.52525,-32.161844],[-58.52512,-32.1617],[-58.524883,-32.161399],[-58.524423,-32.160802],[-58.524169,-32.160518],[-58.523885,-32.160432],[-58.523698,-32.160303],[-58.523503,-32.160116],[-58.523328,-32.159917],[-58.523216,-32.159773],[-58.523024,-32.159469],[-58.522906,-32.159235],[-58.522832,-32.159075],[-58.522705,-32.158751],[-58.522556,-32.158286],[-58.522485,-32.157995],[-58.522385,-32.157501],[-58.522434,-32.157354],[-58.522643,-32.157204],[-58.522895,-32.157091],[-58.523326,-32.156922],[-58.523712,-32.156774],[-58.523877,-32.156698],[-58.524076,-32.156588],[-58.524189,-32.156484],[-58.524095,-32.15631],[-58.523811,-32.15616],[-58.523449,-32.156035],[-58.523186,-32.155953],[-58.522816,-32.155841],[-58.522636,-32.155781],[-58.522376,-32.155677],[-58.522031,-32.155485],[-58.521814,-32.155279],[-58.521099,-32.154366],[-58.521137,-32.153701],[-58.521281,-32.153508],[-58.521401,-32.153265],[-58.521414,-32.153108],[-58.521392,-32.152918],[-58.521347,-32.152763],[-58.521176,-32.15241],[-58.520698,-32.151691],[-58.520553,-32.151452],[-58.52042,-32.151159],[-58.520368,-32.150972],[-58.520259,-32.150599],[-58.520127,-32.150099],[-58.520047,-32.149849],[-58.519948,-32.149606],[-58.519852,-32.149409],[-58.519753,-32.149271],[-58.519642,-32.149154],[-58.519371,-32.148947],[-58.519212,-32.14886],[-58.518875,-32.148713],[-58.518513,-32.148592],[-58.518265,-32.148525],[-58.517773,-32.148408],[-58.51736,-32.148312],[-58.516526,-32.148148],[-58.516208,-32.148096],[-58.515575,-32.14801],[-58.515332,-32.148096],[-58.515113,-32.148251],[-58.514946,-32.148303],[-58.514681,-32.14815],[-58.514375,-32.147869],[-58.514136,-32.147558],[-58.514007,-32.147333],[-58.513935,-32.147187],[-58.513818,-32.146876],[-58.513804,-32.146718],[-58.513877,-32.146536],[-58.513968,-32.146391],[-58.514331,-32.145958],[-58.514431,-32.145817],[-58.514489,-32.145653],[-58.514447,-32.145435],[-58.513359,-32.143766],[-58.512435,-32.142378],[-58.512471,-32.142222],[-58.512688,-32.142022],[-58.512719,-32.1416],[-58.512688,-32.141432],[-58.512635,-32.141264],[-58.512493,-32.141025],[-58.512316,-32.140852],[-58.512158,-32.140743],[-58.511846,-32.140579],[-58.511521,-32.140459],[-58.511077,-32.14034],[-58.510852,-32.140273],[-58.510402,-32.140131],[-58.510177,-32.140069],[-58.509949,-32.14002],[-58.509675,-32.140006],[-58.50935,-32.14004],[-58.508701,-32.140165],[-58.508483,-32.140189],[-58.507855,-32.140207],[-58.507596,-32.140198],[-58.507202,-32.140188],[-58.506559,-32.140143],[-58.50624,-32.140109],[-58.505917,-32.140062],[-58.505452,-32.139941],[-58.505306,-32.139887],[-58.505081,-32.139784],[-58.504804,-32.139612],[-58.504312,-32.139239],[-58.504089,-32.139078],[-58.503795,-32.138869],[-58.503663,-32.138766],[-58.503483,-32.138602],[-58.503396,-32.138486],[-58.503399,-32.138324],[-58.503502,-32.13817],[-58.503635,-32.13804],[-58.503952,-32.137776],[-58.504086,-32.137646],[-58.504391,-32.1374],[-58.504682,-32.137203],[-58.504814,-32.137095],[-58.504928,-32.136973],[-58.505077,-32.13674],[-58.505143,-32.136535],[-58.505172,-32.13637],[-58.505173,-32.135987],[-58.505135,-32.135724],[-58.505101,-32.135552],[-58.505012,-32.135225],[-58.50494,-32.135019],[-58.504795,-32.13478],[-58.504611,-32.134607],[-58.504481,-32.134499],[-58.504205,-32.134304],[-58.503923,-32.134123],[-58.50354,-32.133889],[-58.503358,-32.133765],[-58.503098,-32.133558],[-58.502982,-32.13345],[-58.502776,-32.133231],[-58.502678,-32.13312],[-58.501373,-32.132821],[-58.50122,-32.132753],[-58.501061,-32.132544],[-58.500938,-32.132292],[-58.500825,-32.132122],[-58.500708,-32.13196],[-58.500561,-32.13173],[-58.500377,-32.131543],[-58.500225,-32.131465],[-58.500003,-32.131399],[-58.499999,-32.131401],[-58.497808,-32.132514],[-58.497642,-32.132553],[-58.497477,-32.132507],[-58.49736,-32.132408],[-58.497224,-32.132232],[-58.497129,-32.132067],[-58.497011,-32.131774],[-58.496949,-32.131583],[-58.496868,-32.131238],[-58.496838,-32.130989],[-58.49684,-32.130823],[-58.496867,-32.13049],[-58.496921,-32.130154],[-58.496991,-32.129707],[-58.49702,-32.129487],[-58.497031,-32.129154],[-58.497018,-32.128987],[-58.496975,-32.128679],[-58.496907,-32.128281],[-58.496888,-32.128077],[-58.496883,-32.127906],[-58.496932,-32.127624],[-58.49697,-32.127432],[-58.497065,-32.127062],[-58.497243,-32.126253],[-58.496959,-32.125788],[-58.496878,-32.125537],[-58.496853,-32.125361],[-58.496803,-32.125017],[-58.496769,-32.124754],[-58.496681,-32.124378],[-58.496616,-32.1242],[-58.496459,-32.123951],[-58.496113,-32.12352],[-58.49593,-32.123311],[-58.495613,-32.12302],[-58.494796,-32.122379],[-58.494564,-32.121817],[-58.49453,-32.121649],[-58.494613,-32.121309],[-58.494686,-32.121172],[-58.494866,-32.1209],[-58.495027,-32.120802],[-58.495201,-32.120596],[-58.4954,-32.12032],[-58.495491,-32.120138],[-58.495548,-32.119893],[-58.495522,-32.119716],[-58.495376,-32.119558],[-58.495194,-32.119452],[-58.494976,-32.119364],[-58.494675,-32.11924],[-58.49453,-32.119168],[-58.494354,-32.119049],[-58.494182,-32.118826],[-58.494099,-32.118679],[-58.493965,-32.118517],[-58.493093,-32.117847],[-58.492356,-32.11728],[-58.4921,-32.117113],[-58.491735,-32.116902],[-58.491555,-32.116788],[-58.491426,-32.116675],[-58.491238,-32.116411],[-58.491206,-32.11619],[-58.491263,-32.116057],[-58.491401,-32.115877],[-58.49158,-32.115685],[-58.491982,-32.11542],[-58.492763,-32.115349],[-58.492947,-32.115329],[-58.493108,-32.115289],[-58.493289,-32.115206],[-58.493416,-32.115102],[-58.493579,-32.114851],[-58.493794,-32.114292],[-58.493892,-32.114129],[-58.49405,-32.113981],[-58.494247,-32.113853],[-58.494664,-32.113607],[-58.494793,-32.113508],[-58.495002,-32.113286],[-58.495088,-32.113167],[-58.495224,-32.112924],[-58.495257,-32.112786],[-58.49522,-32.112627],[-58.495034,-32.11249],[-58.494744,-32.112349],[-58.494625,-32.11225],[-58.494273,-32.111873],[-58.494146,-32.11172],[-58.494029,-32.111459],[-58.493912,-32.111085],[-58.493766,-32.11067],[-58.493739,-32.110525],[-58.493734,-32.110363],[-58.493724,-32.110074],[-58.49367,-32.109933],[-58.493499,-32.109751],[-58.493305,-32.109609],[-58.493039,-32.109424],[-58.492909,-32.109334],[-58.492798,-32.109226],[-58.492569,-32.108921],[-58.492496,-32.108792],[-58.492211,-32.108147],[-58.491925,-32.107502],[-58.491925,-32.107336],[-58.492076,-32.107075],[-58.492161,-32.106943],[-58.492435,-32.106656],[-58.492505,-32.106523],[-58.492442,-32.106296],[-58.492268,-32.106132],[-58.492015,-32.105947],[-58.491508,-32.105605],[-58.491268,-32.105421],[-58.490823,-32.105013],[-58.4906,-32.104812],[-58.490422,-32.104553],[-58.490292,-32.104454],[-58.489873,-32.104317],[-58.489228,-32.104038],[-58.488988,-32.103921],[-58.488646,-32.10372],[-58.488552,-32.10359],[-58.488556,-32.103392],[-58.488606,-32.103246],[-58.488682,-32.1031],[-58.488879,-32.10285],[-58.489024,-32.102752],[-58.489178,-32.102694],[-58.489497,-32.102606],[-58.489704,-32.102488],[-58.489794,-32.10232],[-58.489831,-32.102164],[-58.489879,-32.101828],[-58.48989,-32.101657],[-58.489886,-32.101423],[-58.489819,-32.101127],[-58.489732,-32.100953],[-58.489635,-32.100819],[-58.489345,-32.100597],[-58.488995,-32.100279],[-58.488877,-32.100153],[-58.48877,-32.100014],[-58.488705,-32.099885],[-58.48867,-32.099528],[-58.488537,-32.099118],[-58.488384,-32.09873],[-58.488323,-32.09853],[-58.488292,-32.098349],[-58.488244,-32.097973],[-58.488229,-32.09764],[-58.488234,-32.097473],[-58.488316,-32.097215],[-58.488419,-32.097056],[-58.488711,-32.096765],[-58.488842,-32.096675],[-58.489017,-32.096627],[-58.489388,-32.096605],[-58.4897,-32.096598],[-58.489989,-32.096536],[-58.490157,-32.096452],[-58.490391,-32.096267],[-58.490502,-32.096163],[-58.490631,-32.096014],[-58.490716,-32.095851],[-58.490733,-32.095716],[-58.490662,-32.095502],[-58.490513,-32.095298],[-58.490269,-32.095051],[-58.490102,-32.094897],[-58.489746,-32.0946],[-58.489518,-32.094443],[-58.4892,-32.094252],[-58.489044,-32.094138],[-58.488895,-32.093998],[-58.488731,-32.09378],[-58.488666,-32.093643],[-58.488637,-32.093489],[-58.488725,-32.093321],[-58.489539,-32.092616],[-58.489536,-32.092409],[-58.489494,-32.092146],[-58.489388,-32.091769],[-58.489208,-32.091568],[-58.48899,-32.091421],[-58.488862,-32.091272],[-58.48898,-32.091097],[-58.489258,-32.090917],[-58.489371,-32.090822],[-58.489531,-32.090634],[-58.489619,-32.090453],[-58.489479,-32.090236],[-58.48925,-32.090107],[-58.489048,-32.090036],[-58.488808,-32.090005],[-58.488641,-32.090031],[-58.488311,-32.090109],[-58.487659,-32.090302],[-58.487328,-32.090376],[-58.487149,-32.090396],[-58.486912,-32.090379],[-58.486691,-32.090303],[-58.486455,-32.090155],[-58.486363,-32.089985],[-58.486384,-32.089824],[-58.486526,-32.089514],[-58.486729,-32.089098],[-58.486818,-32.088975],[-58.486968,-32.088818],[-58.487122,-32.088599],[-58.487182,-32.088403],[-58.487126,-32.088239],[-58.487012,-32.088144],[-58.48671,-32.088035],[-58.48648,-32.087995],[-58.486272,-32.088019],[-58.486083,-32.088147],[-58.485816,-32.088372],[-58.485661,-32.088515],[-58.48545,-32.088444],[-58.485061,-32.088228],[-58.484883,-32.088145],[-58.484723,-32.088112],[-58.484497,-32.088091],[-58.483944,-32.087832],[-58.483627,-32.087663],[-58.483484,-32.087559],[-58.483247,-32.087317],[-58.483085,-32.087113],[-58.482788,-32.086706],[-58.482684,-32.086562],[-58.482547,-32.086382],[-58.482419,-32.086143],[-58.482376,-32.085993],[-58.482367,-32.085849],[-58.482379,-32.085565],[-58.482383,-32.085417],[-58.482337,-32.084952],[-58.482385,-32.084796],[-58.482497,-32.084606],[-58.48254,-32.084445],[-58.482673,-32.084203],[-58.482925,-32.083914],[-58.483082,-32.083789],[-58.48332,-32.083645],[-58.483637,-32.083472],[-58.483804,-32.083374],[-58.483988,-32.083272],[-58.484254,-32.083138],[-58.484458,-32.082969],[-58.48452,-32.082837],[-58.484542,-32.082603],[-58.484565,-32.08214],[-58.484554,-32.081672],[-58.484529,-32.081054],[-58.484515,-32.080747],[-58.484504,-32.080008],[-58.484502,-32.079715],[-58.484401,-32.079572],[-58.484065,-32.079416],[-58.48349,-32.079053],[-58.483287,-32.078983],[-58.4831,-32.078981],[-58.482814,-32.079034],[-58.482433,-32.07916],[-58.482248,-32.079212],[-58.481494,-32.079428],[-58.480981,-32.079536],[-58.480717,-32.079585],[-58.480374,-32.079617],[-58.480038,-32.079565],[-58.47992,-32.07939],[-58.479855,-32.079153],[-58.479497,-32.078798],[-58.479286,-32.07857],[-58.479112,-32.078397],[-58.478921,-32.078134],[-58.478827,-32.077946],[-58.478683,-32.077549],[-58.478641,-32.077322],[-58.478627,-32.07702],[-58.478603,-32.076875],[-58.478467,-32.076667],[-58.478307,-32.076491],[-58.478215,-32.076307],[-58.478368,-32.075205],[-58.478425,-32.074676],[-58.478507,-32.074462],[-58.478685,-32.074194],[-58.47876,-32.074053],[-58.478784,-32.073846],[-58.478767,-32.073652],[-58.47882,-32.073474],[-58.478929,-32.07337],[-58.479095,-32.073268],[-58.47947,-32.07311],[-58.479636,-32.073017],[-58.479984,-32.072777],[-58.480174,-32.072617],[-58.480386,-32.0724],[-58.480483,-32.072259],[-58.480545,-32.072131],[-58.480529,-32.071905],[-58.480445,-32.071681],[-58.480365,-32.071489],[-58.480244,-32.07131],[-58.480075,-32.071195],[-58.479817,-32.071074],[-58.479534,-32.070955],[-58.47938,-32.070914],[-58.479165,-32.070893],[-58.478974,-32.070904],[-58.478791,-32.070956],[-58.478641,-32.071059],[-58.478379,-32.071211],[-58.478023,-32.071424],[-58.477856,-32.071535],[-58.477698,-32.071723],[-58.477392,-32.071996],[-58.477247,-32.072094],[-58.47709,-32.072165],[-58.476887,-32.072203],[-58.476657,-32.072199],[-58.476105,-32.072292],[-58.475899,-32.072293],[-58.475751,-32.07218],[-58.47559,-32.071954],[-58.47541,-32.071695],[-58.475356,-32.071508],[-58.475357,-32.071319],[-58.475393,-32.071136],[-58.475495,-32.07077],[-58.475625,-32.070383],[-58.47562,-32.070235],[-58.475506,-32.069965],[-58.475487,-32.069811],[-58.475513,-32.069654],[-58.475399,-32.069506],[-58.475054,-32.069309],[-58.474891,-32.069245],[-58.474668,-32.069219],[-58.474506,-32.069281],[-58.47436,-32.069447],[-58.47425,-32.06965],[-58.474202,-32.069815],[-58.474076,-32.070499],[-58.474014,-32.070776],[-58.473786,-32.071006],[-58.47311,-32.070356],[-58.472981,-32.070221],[-58.472835,-32.070126],[-58.472202,-32.070054],[-58.471881,-32.06975],[-58.471057,-32.069675],[-58.47047,-32.069627],[-58.470127,-32.069601],[-58.469303,-32.069531],[-58.469101,-32.069497],[-58.468856,-32.06943],[-58.468644,-32.069327],[-58.468494,-32.069214],[-58.468402,-32.069098],[-58.468262,-32.068872],[-58.46815,-32.068571],[-58.46812,-32.068336],[-58.468117,-32.068178],[-58.46814,-32.067868],[-58.468181,-32.067735],[-58.46824,-32.067566],[-58.468018,-32.066923],[-58.46766,-32.065928],[-58.46764,-32.065739],[-58.467686,-32.065547],[-58.467788,-32.06537],[-58.468133,-32.064964],[-58.468499,-32.064518],[-58.468742,-32.064409],[-58.469051,-32.064366],[-58.469247,-32.064306],[-58.46936,-32.064161],[-58.469395,-32.063987],[-58.469353,-32.063819],[-58.468757,-32.063361],[-58.468514,-32.06319],[-58.468304,-32.063155],[-58.468143,-32.063199],[-58.46793,-32.063281],[-58.467381,-32.063437],[-58.467205,-32.063472],[-58.466952,-32.063494],[-58.466613,-32.063518],[-58.466445,-32.063539],[-58.466294,-32.063597],[-58.466103,-32.063711],[-58.46594,-32.063764],[-58.465702,-32.06376],[-58.465374,-32.063663],[-58.465167,-32.063552],[-58.464885,-32.063339],[-58.464709,-32.063193],[-58.464069,-32.062567],[-58.464143,-32.061921],[-58.464257,-32.061817],[-58.46439,-32.061736],[-58.464662,-32.061584],[-58.464776,-32.061466],[-58.464671,-32.061341],[-58.464442,-32.061211],[-58.46413,-32.061105],[-58.463971,-32.061064],[-58.463782,-32.06098],[-58.463653,-32.060877],[-58.463469,-32.060631],[-58.463372,-32.060358],[-58.463336,-32.060172],[-58.463315,-32.059793],[-58.463306,-32.059234],[-58.463298,-32.058703],[-58.463314,-32.058474],[-58.463369,-32.058174],[-58.463394,-32.058026],[-58.463391,-32.057877],[-58.463286,-32.057703],[-58.463172,-32.057604],[-58.462895,-32.057441],[-58.462678,-32.057393],[-58.462376,-32.057391],[-58.462207,-32.05734],[-58.462077,-32.057182],[-58.461787,-32.057063],[-58.461438,-32.057019],[-58.460958,-32.056998],[-58.460781,-32.056937],[-58.46061,-32.05681],[-58.460462,-32.056647],[-58.460361,-32.056499],[-58.460219,-32.05621],[-58.460134,-32.056013],[-58.460101,-32.055175],[-58.460098,-32.054823],[-58.460019,-32.054645],[-58.459756,-32.054415],[-58.459445,-32.054116],[-58.459225,-32.053919],[-58.458979,-32.053649],[-58.458877,-32.053415],[-58.458766,-32.053092],[-58.458676,-32.052949],[-58.458397,-32.052709],[-58.458001,-32.052483],[-58.457725,-32.052442],[-58.457458,-32.052455],[-58.457222,-32.05241],[-58.457042,-32.052251],[-58.456937,-32.052076],[-58.456887,-32.051907],[-58.456848,-32.051622],[-58.456802,-32.051058],[-58.456795,-32.05067],[-58.456751,-32.050538],[-58.45644,-32.050153],[-58.456337,-32.050001],[-58.456256,-32.049809],[-58.456226,-32.04956],[-58.456273,-32.049427],[-58.456607,-32.049029],[-58.456699,-32.048879],[-58.45679,-32.048639],[-58.456856,-32.048322],[-58.456828,-32.048136],[-58.456733,-32.04798],[-58.45658,-32.047853],[-58.456283,-32.047666],[-58.456128,-32.047593],[-58.455871,-32.04749],[-58.45536,-32.047305],[-58.455086,-32.047223],[-58.454711,-32.047115],[-58.454532,-32.04705],[-58.454349,-32.046958],[-58.454042,-32.046703],[-58.453622,-32.04627],[-58.453198,-32.045804],[-58.453092,-32.045656],[-58.453014,-32.045464],[-58.452996,-32.045297],[-58.453025,-32.045122],[-58.453117,-32.044932],[-58.453267,-32.044685],[-58.453323,-32.044557],[-58.453424,-32.044232],[-58.453506,-32.044073],[-58.45364,-32.043866],[-58.453711,-32.043711],[-58.453719,-32.043499],[-58.45365,-32.043285],[-58.453547,-32.043178],[-58.453061,-32.042962],[-58.452918,-32.042858],[-58.452881,-32.042708],[-58.452604,-32.042595],[-58.452395,-32.042479],[-58.452174,-32.042345],[-58.452039,-32.04225],[-58.451766,-32.042047],[-58.451632,-32.041875],[-58.451503,-32.04161],[-58.451413,-32.041489],[-58.451192,-32.041315],[-58.451031,-32.04121],[-58.450679,-32.041058],[-58.450516,-32.041029],[-58.450303,-32.041062],[-58.450035,-32.041197],[-58.449871,-32.041312],[-58.449586,-32.041568],[-58.449482,-32.041794],[-58.449444,-32.042017],[-58.449364,-32.042154],[-58.449158,-32.042205],[-58.448902,-32.042196],[-58.448716,-32.042198],[-58.448551,-32.04212],[-58.448456,-32.042009],[-58.448399,-32.041876],[-58.448342,-32.041586],[-58.448303,-32.041359],[-58.448314,-32.041139],[-58.44842,-32.040918],[-58.448668,-32.040612],[-58.448844,-32.040469],[-58.449086,-32.040298],[-58.449276,-32.04003],[-58.449383,-32.039687],[-58.449433,-32.039477],[-58.449409,-32.03922],[-58.449263,-32.039057],[-58.449098,-32.038988],[-58.448872,-32.038962],[-58.448441,-32.039018],[-58.448059,-32.039144],[-58.44788,-32.039178],[-58.447647,-32.039188],[-58.44744,-32.039149],[-58.447094,-32.038992],[-58.446903,-32.038846],[-58.44679,-32.038734],[-58.446598,-32.038484],[-58.446518,-32.038301],[-58.446438,-32.038046],[-58.446312,-32.037812],[-58.446147,-32.037621],[-58.445691,-32.037168],[-58.445129,-32.037148],[-58.444835,-32.037317],[-58.444701,-32.037416],[-58.444595,-32.037529],[-58.444492,-32.037733],[-58.444455,-32.03801],[-58.444457,-32.038335],[-58.444436,-32.038496],[-58.444358,-32.038687],[-58.444264,-32.038814],[-58.444119,-32.038962],[-58.443855,-32.03934],[-58.443794,-32.039495],[-58.443741,-32.039709],[-58.443565,-32.040018],[-58.443456,-32.04014],[-58.443188,-32.040374],[-58.442973,-32.040533],[-58.442683,-32.04068],[-58.4425,-32.040745],[-58.442306,-32.040783],[-58.442115,-32.040781],[-58.441726,-32.040735],[-58.441541,-32.040751],[-58.441169,-32.040832],[-58.440687,-32.040968],[-58.440438,-32.041022],[-58.440233,-32.041064],[-58.440033,-32.04103],[-58.439873,-32.040907],[-58.439666,-32.040652],[-58.439519,-32.040485],[-58.439369,-32.040403],[-58.439148,-32.040332],[-58.438835,-32.040248],[-58.438629,-32.040133],[-58.438503,-32.039903],[-58.438449,-32.039609],[-58.438416,-32.039472],[-58.438367,-32.039299],[-58.438351,-32.039083],[-58.438469,-32.038835],[-58.43874,-32.038484],[-58.439217,-32.037889],[-58.43932,-32.037726],[-58.439408,-32.0375],[-58.439426,-32.037356],[-58.439385,-32.037157],[-58.439274,-32.037004],[-58.439107,-32.036913],[-58.438751,-32.036837],[-58.438491,-32.036809],[-58.438168,-32.036807],[-58.437977,-32.036827],[-58.437782,-32.036923],[-58.437602,-32.036971],[-58.437404,-32.036982],[-58.437234,-32.036944],[-58.436915,-32.036708],[-58.436768,-32.036473],[-58.436612,-32.036381],[-58.436404,-32.036356],[-58.436176,-32.036379],[-58.435737,-32.036489],[-58.435603,-32.03657],[-58.435477,-32.036665],[-58.435234,-32.036665],[-58.435046,-32.036555],[-58.434877,-32.036404],[-58.43476,-32.036297],[-58.434563,-32.03606],[-58.434482,-32.03594],[-58.434395,-32.035784],[-58.434306,-32.035654],[-58.434001,-32.035355],[-58.433908,-32.035158],[-58.433964,-32.034994],[-58.434211,-32.034642],[-58.434273,-32.03446],[-58.434269,-32.034226],[-58.434228,-32.033931],[-58.434181,-32.033754],[-58.434086,-32.033593],[-58.433951,-32.033485],[-58.433708,-32.033431],[-58.433426,-32.033466],[-58.433269,-32.033555],[-58.43306,-32.033714],[-58.432689,-32.033831],[-58.432342,-32.03385],[-58.432148,-32.033811],[-58.431862,-32.033675],[-58.431687,-32.033534],[-58.431351,-32.033053],[-58.431203,-32.032634],[-58.431267,-32.032307],[-58.431388,-32.03214],[-58.431629,-32.031609],[-58.431706,-32.031386],[-58.431754,-32.031159],[-58.431753,-32.030879],[-58.431705,-32.030657],[-58.431682,-32.030224],[-58.431698,-32.029788],[-58.431672,-32.029575],[-58.431594,-32.029397],[-58.43143,-32.029224],[-58.431251,-32.02911],[-58.43106,-32.029031],[-58.430831,-32.029009],[-58.430663,-32.029025],[-58.430458,-32.029117],[-58.430328,-32.029225],[-58.430085,-32.029446],[-58.429794,-32.029714],[-58.429665,-32.029863],[-58.429549,-32.030016],[-58.429481,-32.030216],[-58.429481,-32.030374],[-58.429425,-32.03071],[-58.429245,-32.031018],[-58.429059,-32.031201],[-58.428836,-32.031332],[-58.428632,-32.031352],[-58.428444,-32.031345],[-58.4278,-32.031385],[-58.427493,-32.031387],[-58.427192,-32.03134],[-58.426971,-32.031256],[-58.426795,-32.031132],[-58.426667,-32.030952],[-58.426617,-32.030577],[-58.426602,-32.03018],[-58.426609,-32.029987],[-58.426644,-32.0297],[-58.426675,-32.029507],[-58.426765,-32.029132],[-58.426902,-32.028871],[-58.427143,-32.028551],[-58.42722,-32.028374],[-58.427232,-32.028145],[-58.427198,-32.027824],[-58.427208,-32.027671],[-58.42726,-32.027475],[-58.427366,-32.027209],[-58.427455,-32.026897],[-58.427451,-32.026716],[-58.427358,-32.026569],[-58.427132,-32.02643],[-58.426807,-32.026324],[-58.426643,-32.026282],[-58.426324,-32.026266],[-58.426118,-32.026313],[-58.425956,-32.026379],[-58.425637,-32.026529],[-58.425472,-32.026595],[-58.425309,-32.02663],[-58.425041,-32.026611],[-58.424792,-32.026562],[-58.424291,-32.026553],[-58.423948,-32.026594],[-58.423083,-32.026599],[-58.422634,-32.026605],[-58.421902,-32.026174],[-58.421893,-32.02561],[-58.4216,-32.025294],[-58.421435,-32.025144],[-58.420947,-32.024712],[-58.420676,-32.024522],[-58.420425,-32.02436],[-58.420192,-32.024162],[-58.420086,-32.02396],[-58.420097,-32.023726],[-58.420117,-32.023493],[-58.420167,-32.023279],[-58.420268,-32.02317],[-58.420562,-32.023099],[-58.420781,-32.023062],[-58.420956,-32.022996],[-58.421059,-32.022825],[-58.420925,-32.022185],[-58.420834,-32.021929],[-58.420706,-32.021686],[-58.420623,-32.021566],[-58.420306,-32.021185],[-58.420127,-32.020954],[-58.419979,-32.020809],[-58.419749,-32.020643],[-58.419502,-32.0204],[-58.419362,-32.020197],[-58.419292,-32.019955],[-58.4193,-32.019785],[-58.419381,-32.019445],[-58.419467,-32.019142],[-58.419522,-32.018996],[-58.419589,-32.018863],[-58.419739,-32.018675],[-58.419919,-32.018551],[-58.420151,-32.01851],[-58.420456,-32.018548],[-58.421127,-32.01845],[-58.421631,-32.018352],[-58.421792,-32.018308],[-58.422019,-32.018199],[-58.422193,-32.018057],[-58.422292,-32.01793],[-58.422357,-32.017783],[-58.422386,-32.017577],[-58.422366,-32.017392],[-58.422322,-32.01721],[-58.422203,-32.01685],[-58.422058,-32.016413],[-58.421998,-32.016127],[-58.421927,-32.015746],[-58.421876,-32.01556],[-58.421791,-32.015413],[-58.421568,-32.015206],[-58.421409,-32.015074],[-58.421241,-32.014893],[-58.421153,-32.014687],[-58.421097,-32.014388],[-58.42109,-32.014194],[-58.421103,-32.013938],[-58.421154,-32.013714],[-58.421295,-32.01353],[-58.421572,-32.013324],[-58.421666,-32.013206],[-58.421737,-32.013047],[-58.421798,-32.012819],[-58.421811,-32.012613],[-58.421786,-32.012477],[-58.421723,-32.012326],[-58.421611,-32.012178],[-58.421337,-32.011906],[-58.421118,-32.011723],[-58.420819,-32.011528],[-58.42065,-32.011472],[-58.420055,-32.011437],[-58.419848,-32.011389],[-58.419705,-32.011294],[-58.419528,-32.01113],[-58.419373,-32.011056],[-58.419057,-32.011049],[-58.418877,-32.010989],[-58.418595,-32.010668],[-58.418384,-32.010435],[-58.418256,-32.010314],[-58.417927,-32.009914],[-58.418124,-32.00903],[-58.418186,-32.008794],[-58.418448,-32.007673],[-58.418576,-32.007286],[-58.418786,-32.006785],[-58.418878,-32.006527],[-58.41907,-32.005791],[-58.419193,-32.005512],[-58.419189,-32.005367],[-58.419013,-32.005185],[-58.418873,-32.005095],[-58.418682,-32.004939],[-58.418485,-32.004707],[-58.418401,-32.004591],[-58.418322,-32.004417],[-58.41848,-32.004275],[-58.418948,-32.004156],[-58.419113,-32.004086],[-58.419174,-32.003926],[-58.419212,-32.003752],[-58.41954,-32.003782],[-58.420226,-32.003868],[-58.420885,-32.003868],[-58.421471,-32.003795],[-58.42213,-32.003795],[-58.422496,-32.003575],[-58.422643,-32.003135],[-58.422716,-32.00255],[-58.422496,-32.001817],[-58.422057,-32.001304],[-58.421837,-32.000718],[-58.421901,-31.999999],[-58.421834,-31.999937],[-58.421504,-31.999629],[-58.42131,-31.999491],[-58.421135,-31.999409],[-58.420838,-31.999321],[-58.420216,-31.999191],[-58.419782,-31.999044],[-58.419551,-31.998901],[-58.419453,-31.998744],[-58.419419,-31.998486],[-58.419514,-31.998274],[-58.419639,-31.998152],[-58.41993,-31.997933],[-58.420238,-31.997737],[-58.420452,-31.997623],[-58.420901,-31.997419],[-58.421105,-31.997363],[-58.421341,-31.997336],[-58.421542,-31.997329],[-58.42186,-31.997359],[-58.422498,-31.997445],[-58.422948,-31.997475],[-58.423221,-31.997458],[-58.423458,-31.997376],[-58.423611,-31.997269],[-58.423715,-31.997147],[-58.423806,-31.996961],[-58.42385,-31.996814],[-58.42387,-31.996576],[-58.423862,-31.996418],[-58.423833,-31.996111],[-58.423808,-31.995759],[-58.423827,-31.995588],[-58.423897,-31.995348],[-58.424087,-31.994864],[-58.424152,-31.994623],[-58.424151,-31.99438],[-58.424092,-31.994247],[-58.423947,-31.99408],[-58.423787,-31.993943],[-58.423194,-31.993553],[-58.422935,-31.993345],[-58.422832,-31.993238],[-58.422737,-31.993059],[-58.422672,-31.992782],[-58.422658,-31.992633],[-58.422653,-31.992412],[-58.422682,-31.992202],[-58.422769,-31.992007],[-58.422883,-31.991831],[-58.423302,-31.991314],[-58.42348,-31.991042],[-58.423551,-31.990891],[-58.42374,-31.990268],[-58.423814,-31.989955],[-58.423898,-31.98949],[-58.423932,-31.98918],[-58.42394,-31.989023],[-58.423928,-31.988676],[-58.423896,-31.988459],[-58.423852,-31.988232],[-58.423734,-31.987791],[-58.423653,-31.987459],[-58.423629,-31.987292],[-58.423618,-31.987053],[-58.423664,-31.986816],[-58.423753,-31.986675],[-58.423916,-31.986582],[-58.424126,-31.986553],[-58.424609,-31.986562],[-58.424768,-31.986549],[-58.424955,-31.986511],[-58.425096,-31.98644],[-58.425437,-31.986159],[-58.425595,-31.986012],[-58.425796,-31.985785],[-58.425899,-31.985627],[-58.425991,-31.985427],[-58.426023,-31.985271],[-58.426011,-31.98509],[-58.425926,-31.984822],[-58.4258,-31.984592],[-58.425643,-31.984366],[-58.425526,-31.984213],[-58.425227,-31.983905],[-58.425,-31.983789],[-58.424812,-31.98375],[-58.424559,-31.983732],[-58.424038,-31.983749],[-58.423668,-31.983758],[-58.423455,-31.983733],[-58.423251,-31.98364],[-58.423153,-31.983483],[-58.423008,-31.982906],[-58.422927,-31.982511],[-58.422794,-31.981728],[-58.422683,-31.981138],[-58.422624,-31.980852],[-58.422492,-31.98037],[-58.42222,-31.979419],[-58.422023,-31.978701],[-58.422008,-31.978516],[-58.422053,-31.978306],[-58.422207,-31.978028],[-58.422393,-31.977787],[-58.423054,-31.977095],[-58.423306,-31.976757],[-58.423401,-31.976486],[-58.423332,-31.976227],[-58.4232,-31.976118],[-58.42305,-31.97605],[-58.422774,-31.975972],[-58.422565,-31.975933],[-58.422122,-31.975859],[-58.421798,-31.975797],[-58.421643,-31.975765],[-58.421459,-31.975709],[-58.42126,-31.975616],[-58.421138,-31.975508],[-58.421059,-31.975298],[-58.421028,-31.973262],[-58.420994,-31.971243],[-58.420962,-31.971039],[-58.420914,-31.97084],[-58.420873,-31.970707],[-58.420753,-31.970406],[-58.420617,-31.970284],[-58.420421,-31.970227],[-58.420176,-31.970214],[-58.419999,-31.970226],[-58.419625,-31.970262],[-58.419211,-31.970292],[-58.418979,-31.970283],[-58.418797,-31.970223],[-58.418678,-31.970115],[-58.418632,-31.969933],[-58.41861,-31.969689],[-58.418606,-31.96945],[-58.418656,-31.968867],[-58.418705,-31.96867],[-58.418752,-31.968532],[-58.418834,-31.968265],[-58.418891,-31.968069],[-58.418922,-31.967769],[-58.4189,-31.967624],[-58.418799,-31.967372],[-58.418685,-31.967179],[-58.418471,-31.966906],[-58.417964,-31.966374],[-58.417647,-31.966052],[-58.41743,-31.965855],[-58.41697,-31.965487],[-58.416824,-31.965401],[-58.416637,-31.96534],[-58.41648,-31.965312],[-58.416222,-31.965298],[-58.415671,-31.965319],[-58.415264,-31.965331],[-58.414886,-31.965286],[-58.41472,-31.965235],[-58.414505,-31.965096],[-58.414384,-31.96493],[-58.414325,-31.964779],[-58.414307,-31.964612],[-58.414314,-31.964464],[-58.414363,-31.964285],[-58.414489,-31.964078],[-58.415595,-31.962925],[-58.416267,-31.96222],[-58.41647,-31.961966],[-58.416566,-31.961834],[-58.416645,-31.961675],[-58.416678,-31.961483],[-58.416673,-31.961325],[-58.416627,-31.96108],[-58.416577,-31.960916],[-58.416451,-31.960583],[-58.416329,-31.960218],[-58.41621,-31.959804],[-58.416149,-31.959599],[-58.416035,-31.959294],[-58.415896,-31.958996],[-58.415814,-31.958849],[-58.415707,-31.958714],[-58.415551,-31.958605],[-58.415401,-31.95855],[-58.415151,-31.958487],[-58.414967,-31.958467],[-58.414578,-31.958435],[-58.41413,-31.958401],[-58.413726,-31.958309],[-58.413451,-31.958151],[-58.413341,-31.958034],[-58.413074,-31.957669],[-58.412948,-31.957484],[-58.412774,-31.957208],[-58.412552,-31.956786],[-58.412429,-31.956502],[-58.412376,-31.95636],[-58.412307,-31.956146],[-58.412234,-31.95586],[-58.412212,-31.955715],[-58.412181,-31.955502],[-58.412182,-31.955048],[-58.412216,-31.954792],[-58.412269,-31.954533],[-58.412319,-31.954368],[-58.412441,-31.954035],[-58.412568,-31.953774],[-58.412696,-31.95358],[-58.412843,-31.953388],[-58.413165,-31.953021],[-58.413395,-31.952746],[-58.413586,-31.952464],[-58.413662,-31.952319],[-58.413742,-31.952101],[-58.413779,-31.951778],[-58.413766,-31.951507],[-58.413741,-31.951371],[-58.41367,-31.951099],[-58.413581,-31.950825],[-58.413369,-31.950304],[-58.413193,-31.950014],[-58.413016,-31.949801],[-58.412808,-31.949581],[-58.412361,-31.949169],[-58.41205,-31.948856],[-58.411807,-31.948537],[-58.41172,-31.948362],[-58.41166,-31.948194],[-58.41164,-31.948008],[-58.411663,-31.947811],[-58.411724,-31.947606],[-58.411781,-31.947468],[-58.411979,-31.947088],[-58.41214,-31.946878],[-58.412263,-31.946743],[-58.412506,-31.946468],[-58.412678,-31.946263],[-58.412884,-31.945937],[-58.412946,-31.945755],[-58.413135,-31.944928],[-58.413463,-31.943175],[-58.41348,-31.942987],[-58.413543,-31.942777],[-58.413621,-31.94265],[-58.413796,-31.942476],[-58.413975,-31.942374],[-58.414239,-31.942276],[-58.414471,-31.942221],[-58.414849,-31.942163],[-58.415656,-31.942079],[-58.416057,-31.942017],[-58.416247,-31.941975],[-58.416515,-31.941899],[-58.416869,-31.941731],[-58.418118,-31.940876],[-58.418423,-31.940698],[-58.419052,-31.940356],[-58.419361,-31.940151],[-58.419515,-31.940022],[-58.419694,-31.939816],[-58.419837,-31.939556],[-58.419896,-31.939373],[-58.419934,-31.93919],[-58.419987,-31.938818],[-58.419972,-31.938629],[-58.419924,-31.938478],[-58.419861,-31.938319],[-58.419689,-31.938015],[-58.419563,-31.937781],[-58.419499,-31.93763],[-58.419456,-31.937439],[-58.419472,-31.937269],[-58.419528,-31.937104],[-58.419613,-31.936986],[-58.419717,-31.936868],[-58.419949,-31.936651],[-58.420113,-31.936481],[-58.420312,-31.936209],[-58.420362,-31.936058],[-58.42052,-31.935154],[-58.420582,-31.934702],[-58.420613,-31.934244],[-58.420616,-31.934019],[-58.420581,-31.931861],[-58.420624,-31.930183],[-58.420666,-31.930044],[-58.420771,-31.929936],[-58.42099,-31.929845],[-58.421161,-31.929806],[-58.421352,-31.929781],[-58.421752,-31.929742],[-58.422162,-31.929689],[-58.422507,-31.929638],[-58.422795,-31.929631],[-58.42308,-31.929641],[-58.423659,-31.929675],[-58.424094,-31.929682],[-58.424519,-31.929639],[-58.424727,-31.929592],[-58.425037,-31.929473],[-58.425206,-31.929362],[-58.425343,-31.9292],[-58.42542,-31.929045],[-58.42548,-31.92884],[-58.425502,-31.928666],[-58.425507,-31.928409],[-58.425491,-31.928246],[-58.425433,-31.927974],[-58.425335,-31.927822],[-58.425198,-31.927709],[-58.425021,-31.927604],[-58.424609,-31.927395],[-58.424319,-31.927232],[-58.424103,-31.927057],[-58.424011,-31.926842],[-58.424039,-31.926659],[-58.424107,-31.926395],[-58.424177,-31.926218],[-58.424315,-31.925867],[-58.424427,-31.925596],[-58.424571,-31.925187],[-58.424613,-31.924982],[-58.424695,-31.924503],[-58.42472,-31.924261],[-58.42474,-31.923906],[-58.424694,-31.92367],[-58.4246,-31.923491],[-58.424468,-31.923315],[-58.424145,-31.922975],[-58.42392,-31.922719],[-58.423753,-31.922465],[-58.423705,-31.922211],[-58.423744,-31.922069],[-58.423833,-31.921914],[-58.424049,-31.921665],[-58.424267,-31.92148],[-58.424474,-31.921343],[-58.424653,-31.921255],[-58.424942,-31.921157],[-58.425523,-31.921003],[-58.425916,-31.92085],[-58.426121,-31.920705],[-58.426213,-31.92051],[-58.426255,-31.920291],[-58.426353,-31.920082],[-58.426552,-31.91995],[-58.426761,-31.919877],[-58.426999,-31.919831],[-58.427516,-31.919769],[-58.427892,-31.919706],[-58.428206,-31.919591],[-58.428414,-31.9194],[-58.428474,-31.919254],[-58.428514,-31.918976],[-58.428517,-31.918747],[-58.428513,-31.918575],[-58.428521,-31.9184],[-58.428571,-31.918199],[-58.428788,-31.917608],[-58.42891,-31.917311],[-58.429112,-31.916872],[-58.429347,-31.91644],[-58.429511,-31.916162],[-58.429934,-31.915506],[-58.430092,-31.915314],[-58.43061,-31.91477],[-58.430856,-31.914486],[-58.430969,-31.914337],[-58.431066,-31.914192],[-58.431226,-31.913887],[-58.431358,-31.913576],[-58.431579,-31.912949],[-58.431617,-31.912703],[-58.431598,-31.9125],[-58.431556,-31.912291],[-58.43144,-31.911868],[-58.431381,-31.911555],[-58.431401,-31.911254],[-58.431458,-31.911117],[-58.431619,-31.910911],[-58.43177,-31.910799],[-58.432033,-31.910696],[-58.432313,-31.910639],[-58.432529,-31.910602],[-58.43271,-31.910572],[-58.433071,-31.910527],[-58.433322,-31.910522],[-58.433821,-31.910513],[-58.434192,-31.91049],[-58.434551,-31.910431],[-58.434723,-31.910379],[-58.434982,-31.910271],[-58.43521,-31.910131],[-58.435367,-31.910001],[-58.435573,-31.909784],[-58.435948,-31.909306],[-58.4361,-31.9091],[-58.43638,-31.908687],[-58.43664,-31.908269],[-58.436802,-31.907995],[-58.437115,-31.907435],[-58.437183,-31.907221],[-58.43721,-31.907046],[-58.437211,-31.906866],[-58.43718,-31.906491],[-58.437167,-31.906212],[-58.437187,-31.906028],[-58.437253,-31.905814],[-58.437367,-31.905634],[-58.437508,-31.905517],[-58.43769,-31.905456],[-58.437859,-31.905453],[-58.438087,-31.905493],[-58.438279,-31.905554],[-58.438481,-31.905633],[-58.438897,-31.905815],[-58.439205,-31.905947],[-58.439644,-31.906076],[-58.439847,-31.906092],[-58.440025,-31.906058],[-58.440182,-31.905973],[-58.44033,-31.905866],[-58.440745,-31.905476],[-58.440963,-31.905299],[-58.441158,-31.905194],[-58.441471,-31.90511],[-58.441735,-31.905057],[-58.441932,-31.90501],[-58.44221,-31.904889],[-58.442336,-31.904795],[-58.442464,-31.904664],[-58.442581,-31.904493],[-58.442647,-31.904324],[-58.442673,-31.904073],[-58.44262,-31.903643],[-58.442563,-31.903362],[-58.442405,-31.902708],[-58.442268,-31.902437],[-58.442141,-31.902221],[-58.442067,-31.902065],[-58.442028,-31.901906],[-58.442063,-31.901718],[-58.44218,-31.901547],[-58.442322,-31.901439],[-58.442486,-31.901342],[-58.44284,-31.90117],[-58.443229,-31.900981],[-58.443493,-31.900883],[-58.443665,-31.900821],[-58.444016,-31.900708],[-58.444287,-31.90061],[-58.444667,-31.900398],[-58.444844,-31.900247],[-58.44505,-31.900029],[-58.445218,-31.899765],[-58.445291,-31.899583],[-58.445337,-31.899404],[-58.445342,-31.899243],[-58.445317,-31.899043],[-58.445255,-31.898816],[-58.445076,-31.898364],[-58.444953,-31.898026],[-58.444898,-31.897763],[-58.444824,-31.897225],[-58.444722,-31.896834],[-58.444594,-31.89669],[-58.444365,-31.896627],[-58.444015,-31.896619],[-58.44374,-31.896614],[-58.443573,-31.89659],[-58.443383,-31.896529],[-58.44324,-31.896429],[-58.442921,-31.896049],[-58.442773,-31.895845],[-58.442666,-31.895652],[-58.442596,-31.895416],[-58.442604,-31.895254],[-58.442661,-31.895121],[-58.442768,-31.894935],[-58.443002,-31.894575],[-58.443616,-31.893633],[-58.443844,-31.893331],[-58.444031,-31.893126],[-58.444312,-31.893001],[-58.444661,-31.89277],[-58.445317,-31.892258],[-58.445664,-31.892013],[-58.445914,-31.891865],[-58.446082,-31.89183],[-58.446384,-31.891819],[-58.446601,-31.891849],[-58.44677,-31.891909],[-58.4469,-31.891999],[-58.447021,-31.892112],[-58.447267,-31.892368],[-58.44744,-31.892546],[-58.447629,-31.892687],[-58.447827,-31.89274],[-58.447983,-31.892718],[-58.4482,-31.892667],[-58.448353,-31.892614],[-58.448647,-31.892485],[-58.448856,-31.892367],[-58.449363,-31.892038],[-58.449593,-31.891871],[-58.449895,-31.891571],[-58.450188,-31.89119],[-58.450723,-31.890407],[-58.450988,-31.890016],[-58.451129,-31.889819],[-58.451397,-31.889481],[-58.451534,-31.88932],[-58.451751,-31.889093],[-58.451892,-31.889013],[-58.45208,-31.889002],[-58.452244,-31.889039],[-58.452461,-31.889132],[-58.452641,-31.889233],[-58.452906,-31.889419],[-58.453382,-31.889791],[-58.453536,-31.889972],[-58.453626,-31.890142],[-58.453685,-31.890329],[-58.453774,-31.89071],[-58.453856,-31.890979],[-58.45393,-31.891139],[-58.454072,-31.891306],[-58.454247,-31.891403],[-58.454492,-31.891466],[-58.454808,-31.891486],[-58.455025,-31.891471],[-58.455384,-31.891403],[-58.455649,-31.891327],[-58.456223,-31.891136],[-58.456506,-31.891029],[-58.456921,-31.890859],[-58.45733,-31.890644],[-58.457528,-31.890525],[-58.457889,-31.890272],[-58.458056,-31.890139],[-58.458275,-31.889926],[-58.458477,-31.889686],[-58.458573,-31.889558],[-58.458691,-31.889365],[-58.458758,-31.889232],[-58.458885,-31.888962],[-58.459031,-31.888566],[-58.45911,-31.888294],[-58.459254,-31.887669],[-58.459263,-31.887498],[-58.459193,-31.886987],[-58.459197,-31.886735],[-58.45926,-31.886539],[-58.459354,-31.886403],[-58.459483,-31.886286],[-58.459785,-31.886058],[-58.459923,-31.885941],[-58.460053,-31.885761],[-58.460174,-31.885496],[-58.460229,-31.885353],[-58.460294,-31.885149],[-58.460357,-31.884836],[-58.460385,-31.884535],[-58.460372,-31.884309],[-58.460324,-31.884168],[-58.460254,-31.884026],[-58.460078,-31.883745],[-58.460003,-31.883603],[-58.459948,-31.88343],[-58.459938,-31.883056],[-58.460046,-31.88274],[-58.460148,-31.882586],[-58.460362,-31.882427],[-58.460559,-31.88238],[-58.460747,-31.882373],[-58.460944,-31.882385],[-58.461341,-31.88243],[-58.461739,-31.882436],[-58.461899,-31.882387],[-58.462029,-31.882284],[-58.462127,-31.882166],[-58.462215,-31.882034],[-58.46238,-31.881729],[-58.462502,-31.881517],[-58.462647,-31.881347],[-58.462861,-31.881233],[-58.463073,-31.881223],[-58.463231,-31.881233],[-58.463561,-31.881276],[-58.463733,-31.881314],[-58.464082,-31.881416],[-58.464313,-31.881496],[-58.464612,-31.881629],[-58.464751,-31.881701],[-58.465041,-31.881869],[-58.465237,-31.88202],[-58.465367,-31.88216],[-58.465476,-31.882304],[-58.465701,-31.882618],[-58.465875,-31.882845],[-58.466003,-31.88298],[-58.466193,-31.883131],[-58.466404,-31.883233],[-58.466558,-31.883283],[-58.466857,-31.883366],[-58.467171,-31.883413],[-58.467511,-31.883425],[-58.467786,-31.883413],[-58.468628,-31.883303],[-58.469048,-31.883233],[-58.469687,-31.883116],[-58.470317,-31.882972],[-58.470635,-31.882889],[-58.471261,-31.882717],[-58.471577,-31.882616],[-58.472049,-31.882462],[-58.472466,-31.88231],[-58.472668,-31.882227],[-58.472956,-31.882098],[-58.473236,-31.881946],[-58.473369,-31.88186],[-58.473626,-31.881685],[-58.473752,-31.881586],[-58.473995,-31.881311],[-58.473974,-31.881103],[-58.473858,-31.880883],[-58.473771,-31.880713],[-58.473721,-31.880545],[-58.473771,-31.880344],[-58.474064,-31.879949],[-58.474221,-31.879774],[-58.474377,-31.879654],[-58.4746,-31.879617],[-58.47477,-31.879713],[-58.474881,-31.879821],[-58.475232,-31.880247],[-58.475516,-31.880532],[-58.47567,-31.880623],[-58.47618,-31.880826],[-58.476455,-31.880921],[-58.476882,-31.881031],[-58.477299,-31.881082],[-58.4775,-31.88108],[-58.477882,-31.881031],[-58.478179,-31.880951],[-58.47833,-31.880894],[-58.478623,-31.880769],[-58.478906,-31.880608],[-58.479091,-31.880488],[-58.479516,-31.880161],[-58.479604,-31.880029],[-58.479648,-31.879891],[-58.479707,-31.879605],[-58.47979,-31.879406],[-58.479927,-31.879253],[-58.480075,-31.879141],[-58.480336,-31.878988],[-58.48069,-31.878861],[-58.480923,-31.878897],[-58.48117,-31.878973],[-58.48135,-31.879015],[-58.481591,-31.879001],[-58.481713,-31.878889],[-58.481772,-31.878702],[-58.481777,-31.87849],[-58.48179,-31.878342],[-58.481847,-31.878191],[-58.481937,-31.878037],[-58.482258,-31.877562],[-58.482389,-31.877319],[-58.482436,-31.877095],[-58.482422,-31.87691],[-58.482373,-31.876724],[-58.482225,-31.876354],[-58.482136,-31.876071],[-58.482121,-31.875931],[-58.482137,-31.875558],[-58.482154,-31.875374],[-58.482223,-31.875093],[-58.482358,-31.87481],[-58.482457,-31.874669],[-58.482689,-31.874416],[-58.482829,-31.874295],[-58.483056,-31.874141],[-58.48321,-31.874056],[-58.483398,-31.873991],[-58.483616,-31.873967],[-58.483849,-31.874052],[-58.484016,-31.874202],[-58.484348,-31.874529],[-58.484485,-31.874687],[-58.484733,-31.875011],[-58.484887,-31.87517],[-58.485111,-31.875286],[-58.485348,-31.875222],[-58.485643,-31.875035],[-58.485786,-31.874954],[-58.485967,-31.874933],[-58.486469,-31.875028],[-58.486721,-31.875095],[-58.487098,-31.875217],[-58.487476,-31.875365],[-58.487659,-31.875448],[-58.48796,-31.875621],[-58.488173,-31.875782],[-58.488464,-31.876035],[-58.488992,-31.876581],[-58.489262,-31.876834],[-58.489414,-31.876952],[-58.489655,-31.8771],[-58.489986,-31.877242],[-58.490174,-31.877285],[-58.49046,-31.877309],[-58.490726,-31.877264],[-58.490921,-31.877163],[-58.491048,-31.877059],[-58.491219,-31.876849],[-58.491333,-31.876664],[-58.491387,-31.876491],[-58.491391,-31.876342],[-58.491367,-31.876188],[-58.491277,-31.875879],[-58.49123,-31.875647],[-58.491222,-31.875494],[-58.491267,-31.87532],[-58.491375,-31.875166],[-58.491559,-31.875024],[-58.49181,-31.874903],[-58.491989,-31.87485],[-58.49232,-31.874826],[-58.492496,-31.874855],[-58.492809,-31.874979],[-58.493058,-31.875118],[-58.49329,-31.875293],[-58.493766,-31.875693],[-58.494134,-31.875994],[-58.494389,-31.876178],[-58.494522,-31.876264],[-58.494725,-31.876375],[-58.495049,-31.876499],[-58.495314,-31.876572],[-58.495852,-31.876685],[-58.49641,-31.876764],[-58.496781,-31.876795],[-58.497025,-31.876817],[-58.49751,-31.876834],[-58.497739,-31.876788],[-58.497933,-31.87671],[-58.498128,-31.876604],[-58.498509,-31.876361],[-58.498775,-31.876217],[-58.498936,-31.87616],[-58.499107,-31.876166],[-58.499234,-31.876265],[-58.499998,-31.877299],[-58.500007,-31.87731],[-58.500876,-31.877111],[-58.501594,-31.876623],[-58.502765,-31.876309],[-58.50412,-31.876708],[-58.504975,-31.876338],[-58.505223,-31.876004],[-58.505242,-31.874848],[-58.505135,-31.873633],[-58.504377,-31.872633],[-58.503934,-31.872293],[-58.503788,-31.871923],[-58.504014,-31.871134],[-58.504539,-31.87059],[-58.505202,-31.869492],[-58.505463,-31.869389],[-58.506043,-31.86945],[-58.507266,-31.869962],[-58.50739,-31.870182],[-58.508476,-31.870914],[-58.509378,-31.87109],[-58.510739,-31.870773],[-58.511063,-31.870776],[-58.512421,-31.870738],[-58.512801,-31.870513],[-58.513083,-31.869753],[-58.512839,-31.868808],[-58.512715,-31.868425],[-58.512089,-31.867363],[-58.511388,-31.86664],[-58.510758,-31.865803],[-58.510749,-31.86546],[-58.511352,-31.864766],[-58.512589,-31.864224],[-58.513496,-31.864125],[-58.514915,-31.864252],[-58.5155,-31.864151],[-58.515759,-31.863773],[-58.515778,-31.862995],[-58.515786,-31.862441],[-58.515789,-31.862225],[-58.516553,-31.861586],[-58.516872,-31.861484],[-58.517064,-31.861329],[-58.517128,-31.860786],[-58.517216,-31.860384],[-58.51735,-31.860218],[-58.518372,-31.859768],[-58.518838,-31.859906],[-58.519027,-31.860237],[-58.519016,-31.860898],[-58.519063,-31.862057],[-58.519124,-31.862226],[-58.520088,-31.862733],[-58.520954,-31.86306],[-58.521369,-31.863026],[-58.521771,-31.862531],[-58.521839,-31.862092],[-58.522133,-31.861368],[-58.522439,-31.861046],[-58.523079,-31.861276],[-58.523949,-31.861077],[-58.524319,-31.860792],[-58.52433,-31.860077],[-58.524277,-31.859359],[-58.524155,-31.858351],[-58.52436,-31.8582],[-58.524937,-31.858486],[-58.526089,-31.859054],[-58.526463,-31.859116],[-58.527252,-31.858897],[-58.528175,-31.858137],[-58.52953,-31.858315],[-58.530883,-31.858385],[-58.531204,-31.858671],[-58.531273,-31.858935],[-58.531173,-31.85953],[-58.531312,-31.859886],[-58.532208,-31.860224],[-58.53317,-31.860843],[-58.534023,-31.861423],[-58.534385,-31.861408],[-58.535053,-31.860423],[-58.535583,-31.859492],[-58.535998,-31.859362],[-58.537062,-31.859782],[-58.537513,-31.86023],[-58.537885,-31.86018],[-58.538681,-31.859695],[-58.538436,-31.858975],[-58.539173,-31.858415],[-58.539544,-31.858325],[-58.539992,-31.858656],[-58.541416,-31.85862],[-58.541534,-31.858197],[-58.541649,-31.857786],[-58.541774,-31.856877],[-58.541923,-31.856751],[-58.543183,-31.856323],[-58.543556,-31.856138],[-58.544766,-31.856594],[-58.54539,-31.856792],[-58.546683,-31.856554],[-58.547345,-31.85678],[-58.547835,-31.857071],[-58.548438,-31.857426],[-58.548955,-31.857651],[-58.54938,-31.85763],[-58.550248,-31.857255],[-58.55088,-31.856885],[-58.552215,-31.856459],[-58.552562,-31.856751],[-58.552978,-31.857382],[-58.552521,-31.858253],[-58.552907,-31.858906],[-58.553246,-31.859211],[-58.553487,-31.85935],[-58.553975,-31.859408],[-58.555134,-31.858728],[-58.556053,-31.858548],[-58.556313,-31.858616],[-58.556515,-31.859753],[-58.556624,-31.859942],[-58.556782,-31.860343],[-58.557263,-31.861031],[-58.557652,-31.861239],[-58.558018,-31.861242],[-58.559341,-31.861442],[-58.560754,-31.861081],[-58.56208,-31.861033],[-58.562957,-31.861357],[-58.564288,-31.861376],[-58.564946,-31.861566],[-58.56643,-31.861334],[-58.567016,-31.861152],[-58.568351,-31.861041],[-58.569011,-31.86092],[-58.570338,-31.861191],[-58.571586,-31.861577],[-58.5724,-31.86134],[-58.573661,-31.860785],[-58.574342,-31.859782],[-58.575379,-31.859606],[-58.576923,-31.859813],[-58.577376,-31.859],[-58.578712,-31.858322],[-58.58137,-31.858288],[-58.582414,-31.857482],[-58.582859,-31.857489],[-58.583953,-31.858126],[-58.584621,-31.85801],[-58.585139,-31.857703],[-58.585747,-31.856572],[-58.58636,-31.854945],[-58.586291,-31.854627],[-58.586007,-31.853991],[-58.585709,-31.852774],[-58.585718,-31.852383],[-58.586232,-31.852392],[-58.587554,-31.852591],[-58.588437,-31.852662],[-58.588994,-31.852501],[-58.589782,-31.851673],[-58.589938,-31.851169],[-58.590467,-31.850044],[-58.590626,-31.849351],[-58.591599,-31.848543],[-58.591397,-31.84741],[-58.593037,-31.845977],[-58.594087,-31.844447],[-58.595178,-31.845796],[-58.60831,-31.860882],[-58.626876,-31.883609],[-58.626308,-31.884118],[-58.62583,-31.88529],[-58.625465,-31.885363],[-58.624085,-31.885586],[-58.62361,-31.886362],[-58.624248,-31.886996],[-58.624597,-31.888098],[-58.623304,-31.888716],[-58.623383,-31.889263],[-58.622384,-31.889742],[-58.62229,-31.889937],[-58.621864,-31.890404],[-58.621071,-31.891336],[-58.620049,-31.892071],[-58.619541,-31.892378],[-58.619084,-31.892443],[-58.618436,-31.892353],[-58.618114,-31.892364],[-58.617749,-31.892478],[-58.616723,-31.893248],[-58.615345,-31.893196],[-58.615163,-31.893316],[-58.614276,-31.894204],[-58.613345,-31.895014],[-58.612779,-31.895837],[-58.612492,-31.895917],[-58.612011,-31.895873],[-58.611817,-31.895907],[-58.61135,-31.896409],[-58.611106,-31.897323],[-58.611512,-31.897995],[-58.610852,-31.899008],[-58.610435,-31.89916],[-58.610371,-31.900297],[-58.609723,-31.900919],[-58.608792,-31.90181],[-58.608554,-31.901968],[-58.60799,-31.903016],[-58.607782,-31.90317]]]}},{"type":"Feature","properties":{"departamento":"Colón","distrito":"Distrito 1°","techo_ha":58.9,"total_ha":168.61,"ep":395,"potencia_kwp":84302,"inversion_musd":59.0,"generacion_gwh":96.3,"co2_tn":42235},"geometry":{"type":"Polygon","coordinates":[[[-58.153492,-32.189827],[-58.157295,-32.186203],[-58.161549,-32.182114],[-58.164627,-32.179081],[-58.17075,-32.172993],[-58.174389,-32.169315],[-58.176128,-32.167412],[-58.182309,-32.16867],[-58.182775,-32.169016],[-58.182968,-32.169114],[-58.183323,-32.169199],[-58.1838,-32.169334],[-58.183994,-32.169382],[-58.18428,-32.16942],[-58.1845,-32.169411],[-58.184943,-32.169292],[-58.185239,-32.169205],[-58.185505,-32.169084],[-58.185761,-32.168896],[-58.18613,-32.168577],[-58.186239,-32.168468],[-58.186442,-32.168265],[-58.186709,-32.167973],[-58.186851,-32.167839],[-58.187009,-32.16771],[-58.187217,-32.167574],[-58.187477,-32.167467],[-58.187749,-32.167383],[-58.188122,-32.167284],[-58.188304,-32.167233],[-58.188545,-32.167188],[-58.188764,-32.167151],[-58.189017,-32.167066],[-58.189209,-32.166898],[-58.189385,-32.166617],[-58.189487,-32.166494],[-58.189984,-32.166041],[-58.190047,-32.165899],[-58.190281,-32.165786],[-58.190434,-32.165747],[-58.190741,-32.165732],[-58.190942,-32.165748],[-58.191142,-32.165819],[-58.191333,-32.165952],[-58.191452,-32.166106],[-58.191482,-32.166251],[-58.19149,-32.166796],[-58.191498,-32.167201],[-58.191501,-32.16749],[-58.191533,-32.167837],[-58.19156,-32.168338],[-58.191479,-32.168556],[-58.191246,-32.168817],[-58.191165,-32.168953],[-58.191082,-32.169157],[-58.191033,-32.169439],[-58.19107,-32.169594],[-58.191185,-32.16972],[-58.191317,-32.169819],[-58.191612,-32.170001],[-58.191745,-32.170101],[-58.191929,-32.170266],[-58.192166,-32.1705],[-58.192303,-32.170604],[-58.192498,-32.170674],[-58.192741,-32.170679],[-58.19292,-32.170641],[-58.193445,-32.170436],[-58.193783,-32.170287],[-58.194467,-32.169975],[-58.194843,-32.169755],[-58.195167,-32.169543],[-58.195344,-32.16945],[-58.195525,-32.169367],[-58.195729,-32.169312],[-58.195938,-32.169315],[-58.196364,-32.169422],[-58.19658,-32.169443],[-58.196857,-32.169463],[-58.19711,-32.169486],[-58.197422,-32.16948],[-58.197605,-32.169433],[-58.197839,-32.169311],[-58.19799,-32.169195],[-58.198136,-32.169043],[-58.198223,-32.168907],[-58.198278,-32.168765],[-58.198245,-32.168539],[-58.198111,-32.168358],[-58.197944,-32.168217],[-58.197782,-32.168179],[-58.197277,-32.168326],[-58.196945,-32.168386],[-58.196778,-32.168388],[-58.196549,-32.168371],[-58.196389,-32.168337],[-58.196084,-32.168254],[-58.195847,-32.168137],[-58.195603,-32.16815],[-58.195426,-32.168089],[-58.195327,-32.167959],[-58.195266,-32.167817],[-58.195266,-32.167655],[-58.195384,-32.167534],[-58.195618,-32.167403],[-58.196078,-32.167317],[-58.196602,-32.167256],[-58.196859,-32.167212],[-58.19738,-32.16711],[-58.19764,-32.167057],[-58.198016,-32.166941],[-58.198317,-32.166804],[-58.198491,-32.16668],[-58.1988,-32.166385],[-58.199219,-32.165856],[-58.199429,-32.165644],[-58.199719,-32.165367],[-58.199856,-32.165223],[-58.199958,-32.165002],[-58.200154,-32.164739],[-58.200393,-32.164528],[-58.200603,-32.164401],[-58.201036,-32.164179],[-58.201408,-32.163999],[-58.201599,-32.16393],[-58.201855,-32.163895],[-58.202034,-32.163915],[-58.202385,-32.163982],[-58.202762,-32.164055],[-58.202939,-32.164116],[-58.203103,-32.164212],[-58.203216,-32.164325],[-58.203251,-32.164524],[-58.203206,-32.164725],[-58.203121,-32.164879],[-58.202844,-32.164972],[-58.202663,-32.165096],[-58.202343,-32.165178],[-58.20219,-32.165321],[-58.202133,-32.165495],[-58.202331,-32.165655],[-58.202695,-32.165745],[-58.203064,-32.16576],[-58.203315,-32.165981],[-58.203559,-32.166224],[-58.20361,-32.166406],[-58.203614,-32.166685],[-58.203601,-32.166824],[-58.203571,-32.167093],[-58.203381,-32.167338],[-58.203415,-32.167493],[-58.203876,-32.167735],[-58.204003,-32.167839],[-58.204037,-32.168002],[-58.204043,-32.168187],[-58.204116,-32.168312],[-58.204339,-32.168343],[-58.204704,-32.168356],[-58.205341,-32.168367],[-58.205658,-32.16837],[-58.20597,-32.168337],[-58.206176,-32.168291],[-58.206584,-32.16818],[-58.206741,-32.16811],[-58.206943,-32.168005],[-58.207238,-32.16793],[-58.207618,-32.1679],[-58.207967,-32.167904],[-58.208133,-32.167915],[-58.20839,-32.167952],[-58.208638,-32.168024],[-58.208858,-32.168127],[-58.208996,-32.168258],[-58.209348,-32.168717],[-58.209995,-32.169053],[-58.210181,-32.169028],[-58.2104,-32.168901],[-58.210563,-32.168764],[-58.210684,-32.168566],[-58.21069,-32.168417],[-58.210617,-32.168243],[-58.210199,-32.167939],[-58.209992,-32.167787],[-58.209848,-32.16762],[-58.209766,-32.167459],[-58.209641,-32.167112],[-58.209565,-32.166952],[-58.209428,-32.16674],[-58.209225,-32.166565],[-58.208984,-32.166223],[-58.208912,-32.16609],[-58.208814,-32.165883],[-58.208637,-32.165476],[-58.20856,-32.165275],[-58.208465,-32.164961],[-58.208313,-32.164334],[-58.208165,-32.163725],[-58.208093,-32.163483],[-58.208113,-32.163345],[-58.208776,-32.163131],[-58.208803,-32.16292],[-58.208789,-32.162623],[-58.208817,-32.162489],[-58.208875,-32.162252],[-58.208997,-32.162041],[-58.20914,-32.161943],[-58.209512,-32.161916],[-58.209724,-32.161848],[-58.209878,-32.161737],[-58.21008,-32.161578],[-58.210309,-32.161451],[-58.210547,-32.161393],[-58.210778,-32.161375],[-58.21094,-32.161367],[-58.212085,-32.161334],[-58.212333,-32.161546],[-58.213081,-32.16157],[-58.214824,-32.161537],[-58.21499,-32.161507],[-58.215488,-32.161288],[-58.215671,-32.161223],[-58.215913,-32.16116],[-58.216153,-32.161128],[-58.216323,-32.161157],[-58.216468,-32.161271],[-58.216583,-32.161599],[-58.216712,-32.162023],[-58.216812,-32.162333],[-58.216836,-32.162491],[-58.216731,-32.162667],[-58.216417,-32.162863],[-58.216266,-32.16296],[-58.21601,-32.163194],[-58.215917,-32.163307],[-58.216006,-32.163423],[-58.216179,-32.163506],[-58.21646,-32.163594],[-58.216839,-32.163639],[-58.217019,-32.163682],[-58.217403,-32.163841],[-58.217674,-32.163914],[-58.218029,-32.163955],[-58.218234,-32.163935],[-58.218406,-32.163834],[-58.218713,-32.163683],[-58.218914,-32.163533],[-58.219177,-32.163318],[-58.219327,-32.163229],[-58.219821,-32.163046],[-58.220073,-32.162938],[-58.220322,-32.162772],[-58.220624,-32.162518],[-58.220775,-32.162402],[-58.220927,-32.162336],[-58.221213,-32.162279],[-58.221405,-32.16225],[-58.221626,-32.162182],[-58.221763,-32.162043],[-58.221767,-32.161908],[-58.221721,-32.161776],[-58.221608,-32.161569],[-58.221456,-32.161284],[-58.221404,-32.161152],[-58.221419,-32.160972],[-58.221757,-32.160643],[-58.221908,-32.160531],[-58.222149,-32.160378],[-58.22232,-32.160299],[-58.222561,-32.160236],[-58.222942,-32.160183],[-58.223195,-32.160161],[-58.223704,-32.16014],[-58.224023,-32.160116],[-58.224446,-32.160078],[-58.224655,-32.160081],[-58.22487,-32.160112],[-58.225135,-32.160208],[-58.22546,-32.160409],[-58.226001,-32.160848],[-58.226276,-32.161066],[-58.226636,-32.161354],[-58.226817,-32.161491],[-58.22702,-32.161553],[-58.227199,-32.161519],[-58.227482,-32.161377],[-58.227669,-32.16124],[-58.228001,-32.160955],[-58.228111,-32.160842],[-58.228295,-32.160611],[-58.228607,-32.160145],[-58.228726,-32.160001],[-58.229133,-32.159657],[-58.229309,-32.159537],[-58.229588,-32.159363],[-58.229879,-32.159216],[-58.23003,-32.15915],[-58.230388,-32.159042],[-58.23058,-32.159013],[-58.230774,-32.159003],[-58.231052,-32.159036],[-58.231269,-32.159098],[-58.231434,-32.159172],[-58.231739,-32.159368],[-58.232333,-32.159795],[-58.232541,-32.15992],[-58.232761,-32.160014],[-58.232982,-32.160086],[-58.233295,-32.160174],[-58.233448,-32.160229],[-58.233658,-32.160323],[-58.234012,-32.160579],[-58.234448,-32.160956],[-58.234669,-32.161126],[-58.23502,-32.161306],[-58.235359,-32.161445],[-58.235501,-32.161522],[-58.235627,-32.161644],[-58.235627,-32.161838],[-58.235513,-32.162004],[-58.235223,-32.162277],[-58.234757,-32.162633],[-58.234548,-32.162792],[-58.234366,-32.162929],[-58.233978,-32.163162],[-58.233439,-32.163448],[-58.233185,-32.163596],[-58.232951,-32.163772],[-58.232812,-32.163906],[-58.232732,-32.164079],[-58.232713,-32.164231],[-58.232765,-32.164454],[-58.233582,-32.165074],[-58.234299,-32.165678],[-58.23449,-32.165784],[-58.23473,-32.165851],[-58.234943,-32.165873],[-58.235276,-32.165885],[-58.23573,-32.165898],[-58.235938,-32.165915],[-58.236137,-32.165958],[-58.236354,-32.166061],[-58.236427,-32.166285],[-58.236378,-32.166575],[-58.236609,-32.166953],[-58.237167,-32.167181],[-58.237426,-32.167277],[-58.237929,-32.167372],[-58.238174,-32.167408],[-58.238663,-32.167458],[-58.23888,-32.167471],[-58.23933,-32.16747],[-58.240223,-32.167432],[-58.240662,-32.167439],[-58.240865,-32.167519],[-58.240993,-32.16765],[-58.241109,-32.167812],[-58.241254,-32.168024],[-58.241413,-32.16817],[-58.241669,-32.168184],[-58.241942,-32.168068],[-58.242131,-32.167958],[-58.242385,-32.167797],[-58.242711,-32.167643],[-58.242957,-32.167593],[-58.243146,-32.167618],[-58.243302,-32.167719],[-58.243699,-32.16813],[-58.24387,-32.168258],[-58.244256,-32.168466],[-58.244577,-32.168609],[-58.24474,-32.168674],[-58.244995,-32.168764],[-58.245339,-32.168813],[-58.245574,-32.168813],[-58.246041,-32.16875],[-58.246442,-32.168666],[-58.246636,-32.16861],[-58.246925,-32.168499],[-58.247147,-32.168391],[-58.247284,-32.16831],[-58.247547,-32.168135],[-58.247749,-32.167972],[-58.248009,-32.167743],[-58.248142,-32.167636],[-58.248304,-32.167529],[-58.248636,-32.167353],[-58.248795,-32.167295],[-58.249011,-32.167263],[-58.249183,-32.167319],[-58.24949,-32.167574],[-58.249911,-32.167909],[-58.250083,-32.168024],[-58.250461,-32.168241],[-58.250649,-32.168333],[-58.250904,-32.16841],[-58.25116,-32.168433],[-58.251334,-32.16844],[-58.251679,-32.168422],[-58.252423,-32.168364],[-58.253818,-32.168254],[-58.253984,-32.168234],[-58.254185,-32.168178],[-58.254353,-32.168108],[-58.254506,-32.16801],[-58.255283,-32.167269],[-58.255463,-32.167105],[-58.255647,-32.16699],[-58.255814,-32.166925],[-58.25637,-32.166779],[-58.25655,-32.166714],[-58.257011,-32.166456],[-58.25726,-32.166299],[-58.25772,-32.165956],[-58.257852,-32.165813],[-58.257928,-32.165671],[-58.257988,-32.16553],[-58.258072,-32.165335],[-58.258218,-32.165129],[-58.258374,-32.165035],[-58.258625,-32.165036],[-58.258865,-32.165108],[-58.259175,-32.165295],[-58.259358,-32.165491],[-58.259418,-32.165763],[-58.259427,-32.1662],[-58.259391,-32.166447],[-58.259334,-32.166665],[-58.259341,-32.166886],[-58.259423,-32.167047],[-58.259594,-32.16722],[-58.259823,-32.167345],[-58.26,-32.167411],[-58.260353,-32.167482],[-58.261375,-32.167372],[-58.26247,-32.167292],[-58.262853,-32.167257],[-58.26361,-32.167154],[-58.263962,-32.167091],[-58.264667,-32.166915],[-58.264808,-32.166853],[-58.264989,-32.166742],[-58.265167,-32.166722],[-58.265343,-32.166742],[-58.265521,-32.16678],[-58.265882,-32.166875],[-58.266392,-32.167029],[-58.266639,-32.167124],[-58.26685,-32.16728],[-58.267033,-32.16749],[-58.267193,-32.167608],[-58.267532,-32.16772],[-58.267883,-32.167778],[-58.268098,-32.167768],[-58.269943,-32.167414],[-58.270569,-32.167285],[-58.27089,-32.167211],[-58.271061,-32.167137],[-58.271318,-32.166876],[-58.271557,-32.166498],[-58.271592,-32.166333],[-58.271739,-32.166252],[-58.271974,-32.166221],[-58.272139,-32.166236],[-58.272359,-32.166298],[-58.27258,-32.166424],[-58.272698,-32.166536],[-58.272843,-32.166699],[-58.273158,-32.166963],[-58.273285,-32.167053],[-58.273427,-32.167126],[-58.273639,-32.167184],[-58.273918,-32.167212],[-58.274669,-32.167276],[-58.275044,-32.167295],[-58.275416,-32.1673],[-58.275599,-32.167293],[-58.276046,-32.167256],[-58.27634,-32.167204],[-58.276928,-32.167091],[-58.277335,-32.166993],[-58.277604,-32.166922],[-58.278133,-32.166757],[-58.278351,-32.16659],[-58.278535,-32.166363],[-58.278684,-32.166247],[-58.278866,-32.166213],[-58.279159,-32.16622],[-58.279361,-32.166254],[-58.279633,-32.166323],[-58.279941,-32.16646],[-58.280525,-32.166824],[-58.281289,-32.167303],[-58.281701,-32.167535],[-58.281982,-32.167667],[-58.282182,-32.167751],[-58.282584,-32.167905],[-58.282761,-32.167962],[-58.283124,-32.168052],[-58.283486,-32.168124],[-58.284218,-32.168241],[-58.284603,-32.168269],[-58.285126,-32.168289],[-58.285384,-32.168316],[-58.285656,-32.168371],[-58.285834,-32.16841],[-58.286195,-32.168509],[-58.286712,-32.168681],[-58.287049,-32.16882],[-58.287275,-32.168914],[-58.287708,-32.169132],[-58.288082,-32.169376],[-58.288559,-32.169718],[-58.288814,-32.169862],[-58.290036,-32.170435],[-58.291255,-32.170967],[-58.291779,-32.171171],[-58.292045,-32.171257],[-58.292455,-32.171363],[-58.293267,-32.171474],[-58.293981,-32.171491],[-58.29424,-32.171501],[-58.29496,-32.171555],[-58.295288,-32.171603],[-58.295947,-32.171709],[-58.296887,-32.171694],[-58.297157,-32.171695],[-58.297595,-32.171721],[-58.297814,-32.171738],[-58.298145,-32.171782],[-58.298425,-32.171846],[-58.298602,-32.171907],[-58.298943,-32.172064],[-58.29906,-32.172158],[-58.299201,-32.172303],[-58.299637,-32.172459],[-58.299878,-32.172522],[-58.300354,-32.172625],[-58.301758,-32.172907],[-58.302324,-32.173031],[-58.303063,-32.173216],[-58.303437,-32.173311],[-58.303902,-32.173369],[-58.304322,-32.173398],[-58.304535,-32.173424],[-58.304736,-32.173463],[-58.304921,-32.17352],[-58.305065,-32.173606],[-58.30534,-32.173819],[-58.305489,-32.173901],[-58.306899,-32.174431],[-58.308006,-32.174841],[-58.308179,-32.17482],[-58.308312,-32.174708],[-58.308433,-32.17456],[-58.30859,-32.174349],[-58.308739,-32.174224],[-58.308872,-32.174319],[-58.30888,-32.174459],[-58.309375,-32.174676],[-58.309956,-32.174805],[-58.310243,-32.174884],[-58.310433,-32.17494],[-58.310818,-32.175085],[-58.311332,-32.17528],[-58.31159,-32.175361],[-58.311851,-32.175421],[-58.312191,-32.175451],[-58.312607,-32.17539],[-58.312889,-32.175306],[-58.313264,-32.175176],[-58.313447,-32.175115],[-58.313729,-32.175036],[-58.314357,-32.174924],[-58.314599,-32.174892],[-58.315246,-32.174979],[-58.31573,-32.175344],[-58.315828,-32.175456],[-58.315925,-32.175626],[-58.316273,-32.175859],[-58.316409,-32.175941],[-58.316623,-32.176053],[-58.316951,-32.176204],[-58.317287,-32.176325],[-58.317456,-32.176376],[-58.317803,-32.176466],[-58.317979,-32.176499],[-58.31825,-32.176541],[-58.318423,-32.176556],[-58.318767,-32.176573],[-58.319118,-32.176582],[-58.319346,-32.176577],[-58.319802,-32.176558],[-58.320221,-32.176497],[-58.320775,-32.176382],[-58.321049,-32.176352],[-58.321208,-32.176353],[-58.321407,-32.176397],[-58.321583,-32.176471],[-58.321748,-32.176562],[-58.32191,-32.176699],[-58.321968,-32.176854],[-58.321972,-32.177147],[-58.321981,-32.177435],[-58.321995,-32.177625],[-58.322094,-32.177854],[-58.322303,-32.177961],[-58.322491,-32.177959],[-58.322816,-32.177881],[-58.323016,-32.177744],[-58.323163,-32.177569],[-58.323353,-32.177306],[-58.323452,-32.177184],[-58.323605,-32.17705],[-58.323772,-32.176988],[-58.324143,-32.177088],[-58.32433,-32.177162],[-58.324706,-32.177347],[-58.325016,-32.177462],[-58.325162,-32.177549],[-58.325284,-32.178013],[-58.325324,-32.178208],[-58.325408,-32.178332],[-58.325688,-32.178451],[-58.325904,-32.178517],[-58.326098,-32.178601],[-58.326611,-32.179291],[-58.326995,-32.1798],[-58.327084,-32.179966],[-58.327194,-32.180316],[-58.327204,-32.180519],[-58.327195,-32.180704],[-58.327244,-32.180881],[-58.32736,-32.181002],[-58.327545,-32.181108],[-58.327751,-32.18117],[-58.328195,-32.18124],[-58.328614,-32.181265],[-58.328987,-32.18127],[-58.329175,-32.181277],[-58.329353,-32.181306],[-58.32962,-32.181374],[-58.329968,-32.181491],[-58.330654,-32.181746],[-58.331006,-32.181853],[-58.331558,-32.181991],[-58.331932,-32.182077],[-58.332676,-32.182226],[-58.33308,-32.182295],[-58.333286,-32.182311],[-58.333592,-32.182336],[-58.334047,-32.182339],[-58.334252,-32.182316],[-58.334659,-32.182173],[-58.334922,-32.182052],[-58.33527,-32.181871],[-58.335441,-32.181792],[-58.335621,-32.181727],[-58.335854,-32.181677],[-58.336024,-32.181661],[-58.336368,-32.181673],[-58.336834,-32.181718],[-58.337069,-32.181722],[-58.337295,-32.181708],[-58.337664,-32.181631],[-58.338173,-32.181474],[-58.339189,-32.181125],[-58.339698,-32.18099],[-58.340001,-32.180925],[-58.340207,-32.180888],[-58.340622,-32.180844],[-58.341468,-32.18075],[-58.341887,-32.180684],[-58.342297,-32.180596],[-58.342495,-32.18054],[-58.342757,-32.180437],[-58.342933,-32.180362],[-58.343265,-32.180186],[-58.34359,-32.179999],[-58.344016,-32.17974],[-58.344239,-32.179618],[-58.344573,-32.179455],[-58.344754,-32.179385],[-58.345043,-32.179283],[-58.345632,-32.179093],[-58.34681,-32.178727],[-58.34739,-32.178519],[-58.347831,-32.178328],[-58.349077,-32.177671],[-58.349618,-32.177394],[-58.350337,-32.177038],[-58.350696,-32.176853],[-58.351048,-32.176645],[-58.35122,-32.176535],[-58.351484,-32.176355],[-58.351596,-32.17617],[-58.351573,-32.175998],[-58.351487,-32.175815],[-58.351323,-32.175557],[-58.351253,-32.175424],[-58.351194,-32.175291],[-58.351157,-32.175132],[-58.351143,-32.174006],[-58.351147,-32.173556],[-58.351172,-32.173323],[-58.351219,-32.173176],[-58.351312,-32.173021],[-58.35141,-32.172913],[-58.351699,-32.172694],[-58.351925,-32.172571],[-58.352084,-32.17251],[-58.352404,-32.172413],[-58.352635,-32.172359],[-58.353089,-32.172281],[-58.353539,-32.172221],[-58.353844,-32.172201],[-58.354455,-32.172165],[-58.354985,-32.172157],[-58.355206,-32.17212],[-58.355381,-32.172064],[-58.355729,-32.171932],[-58.355896,-32.171884],[-58.356063,-32.171877],[-58.356438,-32.171954],[-58.356625,-32.17201],[-58.356999,-32.17215],[-58.3581,-32.172627],[-58.358474,-32.172772],[-58.358662,-32.172828],[-58.359082,-32.172938],[-58.359647,-32.173081],[-58.359918,-32.173167],[-58.36029,-32.173329],[-58.360776,-32.173563],[-58.361022,-32.173676],[-58.361667,-32.173943],[-58.362,-32.174059],[-58.362332,-32.174143],[-58.362508,-32.174176],[-58.362865,-32.174185],[-58.363334,-32.174166],[-58.363567,-32.174166],[-58.3638,-32.174161],[-58.364105,-32.174154],[-58.364479,-32.17419],[-58.365018,-32.174372],[-58.365574,-32.174581],[-58.365849,-32.174686],[-58.366192,-32.174811],[-58.366378,-32.175534],[-58.366512,-32.175814],[-58.366651,-32.17599],[-58.366962,-32.176321],[-58.367301,-32.176689],[-58.367478,-32.176862],[-58.367753,-32.177115],[-58.368198,-32.177487],[-58.36856,-32.177762],[-58.368755,-32.177882],[-58.368953,-32.177992],[-58.369275,-32.178112],[-58.369548,-32.178167],[-58.369735,-32.178179],[-58.370106,-32.178174],[-58.370475,-32.178147],[-58.370967,-32.178102],[-58.37122,-32.178076],[-58.371609,-32.178013],[-58.371963,-32.177936],[-58.372131,-32.177915],[-58.372308,-32.177913],[-58.372517,-32.17797],[-58.372677,-32.178156],[-58.372738,-32.178316],[-58.372807,-32.178566],[-58.372925,-32.178854],[-58.373313,-32.179282],[-58.373501,-32.179447],[-58.373723,-32.179604],[-58.373973,-32.179739],[-58.374244,-32.17983],[-58.37452,-32.179871],[-58.374707,-32.179883],[-58.375068,-32.179869],[-58.375454,-32.179829],[-58.375644,-32.179782],[-58.375827,-32.17973],[-58.376088,-32.179596],[-58.376271,-32.179431],[-58.376445,-32.179186],[-58.376538,-32.179022],[-58.376671,-32.17869],[-58.376754,-32.17835],[-58.376835,-32.177908],[-58.376878,-32.17768],[-58.376956,-32.177349],[-58.377017,-32.17718],[-58.377179,-32.176808],[-58.377265,-32.176618],[-58.377414,-32.176348],[-58.37753,-32.176209],[-58.377708,-32.176085],[-58.378009,-32.175996],[-58.378367,-32.175978],[-58.378662,-32.176016],[-58.378864,-32.17605],[-58.379273,-32.176173],[-58.379543,-32.176282],[-58.379722,-32.176356],[-58.38006,-32.176535],[-58.380288,-32.176683],[-58.380588,-32.176919],[-58.380784,-32.177125],[-58.380832,-32.177325],[-58.381133,-32.177664],[-58.381288,-32.177796],[-58.381459,-32.177915],[-58.381645,-32.178007],[-58.38185,-32.178082],[-58.382271,-32.178183],[-58.382466,-32.178267],[-58.383274,-32.178612],[-58.383765,-32.178796],[-58.38475,-32.179147],[-58.385383,-32.17936],[-58.386657,-32.179766],[-58.386911,-32.179825],[-58.387076,-32.179845],[-58.387428,-32.179858],[-58.387792,-32.179835],[-58.388264,-32.179812],[-58.3885,-32.179807],[-58.388724,-32.179819],[-58.389008,-32.179866],[-58.389233,-32.179964],[-58.389367,-32.180045],[-58.389602,-32.180261],[-58.38982,-32.180503],[-58.390105,-32.180838],[-58.390267,-32.180979],[-58.390441,-32.181102],[-58.390698,-32.181206],[-58.391639,-32.181434],[-58.392113,-32.181542],[-58.392823,-32.18168],[-58.393541,-32.181787],[-58.393893,-32.181836],[-58.39437,-32.181872],[-58.394616,-32.18189],[-58.394978,-32.181898],[-58.395518,-32.181895],[-58.401371,-32.181695],[-58.404725,-32.182474],[-58.405149,-32.182526],[-58.40544,-32.182523],[-58.405631,-32.182507],[-58.406018,-32.182458],[-58.406728,-32.18234],[-58.407196,-32.182244],[-58.40813,-32.182035],[-58.411705,-32.181494],[-58.412571,-32.18001],[-58.414322,-32.18027],[-58.415452,-32.180705],[-58.416234,-32.180705],[-58.41693,-32.180879],[-58.417625,-32.180879],[-58.418408,-32.180879],[-58.419538,-32.180531],[-58.420407,-32.180879],[-58.421189,-32.182009],[-58.422319,-32.182965],[-58.424073,-32.183498],[-58.426488,-32.185598],[-58.427123,-32.186058],[-58.425326,-32.200074],[-58.423056,-32.217731],[-58.422948,-32.22122],[-58.405099,-32.238276],[-58.404392,-32.238169],[-58.403862,-32.238105],[-58.403308,-32.238071],[-58.403033,-32.238061],[-58.402615,-32.238059],[-58.401993,-32.23809],[-58.401788,-32.238119],[-58.401376,-32.238194],[-58.401067,-32.238237],[-58.400331,-32.238282],[-58.398854,-32.238363],[-58.395707,-32.238455],[-58.395391,-32.238489],[-58.394757,-32.238596],[-58.394272,-32.238669],[-58.393807,-32.238692],[-58.393569,-32.238684],[-58.393211,-32.238639],[-58.39286,-32.238554],[-58.392655,-32.238466],[-58.392598,-32.238292],[-58.3924,-32.238222],[-58.39207,-32.238156],[-58.391819,-32.238039],[-58.391801,-32.237862],[-58.391723,-32.237725],[-58.391574,-32.237643],[-58.391284,-32.23756],[-58.391071,-32.237629],[-58.391071,-32.237953],[-58.390964,-32.238084],[-58.390541,-32.238055],[-58.389877,-32.237995],[-58.388661,-32.237833],[-58.38855,-32.237613],[-58.388141,-32.237386],[-58.38785,-32.237313],[-58.387691,-32.23732],[-58.387428,-32.237383],[-58.387226,-32.237466],[-58.387092,-32.237582],[-58.386898,-32.237913],[-58.386696,-32.238032],[-58.384681,-32.237908],[-58.384355,-32.237923],[-58.38404,-32.238065],[-58.383899,-32.238141],[-58.38364,-32.238388],[-58.383551,-32.238673],[-58.383407,-32.238807],[-58.383227,-32.238855],[-58.382861,-32.238913],[-58.382496,-32.238954],[-58.381747,-32.238999],[-58.381377,-32.23903],[-58.381199,-32.239046],[-58.380929,-32.239099],[-58.379417,-32.239449],[-58.37915,-32.23948],[-58.378928,-32.239476],[-58.378696,-32.239463],[-58.378234,-32.239428],[-58.377902,-32.239434],[-58.377705,-32.239458],[-58.377486,-32.23954],[-58.377324,-32.239669],[-58.377088,-32.239931],[-58.376641,-32.240063],[-58.376197,-32.240209],[-58.375327,-32.240542],[-58.374972,-32.2407],[-58.374749,-32.240818],[-58.374598,-32.240911],[-58.374306,-32.241135],[-58.374318,-32.24132],[-58.374298,-32.241508],[-58.373524,-32.242047],[-58.372635,-32.242694],[-58.37251,-32.242924],[-58.372383,-32.243068],[-58.371886,-32.24341],[-58.371194,-32.243844],[-58.370971,-32.243948],[-58.370818,-32.244001],[-58.370496,-32.244079],[-58.370237,-32.244124],[-58.369718,-32.244168],[-58.369331,-32.24423],[-58.368524,-32.24447],[-58.367939,-32.244607],[-58.36762,-32.244689],[-58.366974,-32.244882],[-58.366791,-32.244943],[-58.366576,-32.245047],[-58.366344,-32.245241],[-58.3662,-32.24547],[-58.366132,-32.245715],[-58.366158,-32.245874],[-58.366325,-32.246195],[-58.366304,-32.246401],[-58.365651,-32.247039],[-58.365626,-32.247322],[-58.365429,-32.247599],[-58.365416,-32.247801],[-58.365436,-32.248198],[-58.365521,-32.248822],[-58.365547,-32.249044],[-58.365402,-32.249331],[-58.365275,-32.24943],[-58.364986,-32.24959],[-58.364682,-32.249795],[-58.364555,-32.249899],[-58.364299,-32.250128],[-58.36412,-32.25031],[-58.363975,-32.250508],[-58.363918,-32.25065],[-58.363799,-32.251267],[-58.364047,-32.251442],[-58.364436,-32.251601],[-58.36468,-32.251853],[-58.364594,-32.251985],[-58.364409,-32.252131],[-58.364236,-32.252156],[-58.364024,-32.252103],[-58.36386,-32.252138],[-58.363769,-32.252261],[-58.363713,-32.252439],[-58.363717,-32.252668],[-58.363728,-32.252804],[-58.363754,-32.253084],[-58.363758,-32.253368],[-58.363724,-32.253515],[-58.363664,-32.253657],[-58.363501,-32.253935],[-58.363395,-32.254147],[-58.363336,-32.254379],[-58.363338,-32.254636],[-58.363281,-32.254818],[-58.363176,-32.254972],[-58.362928,-32.25526],[-58.362752,-32.255488],[-58.362523,-32.255817],[-58.362361,-32.25609],[-58.36229,-32.256232],[-58.362197,-32.256449],[-58.362133,-32.256667],[-58.362141,-32.25687],[-58.362113,-32.257157],[-58.362114,-32.257342],[-58.362103,-32.257508],[-58.36205,-32.257835],[-58.362014,-32.258004],[-58.361935,-32.258164],[-58.361802,-32.258276],[-58.361595,-32.258376],[-58.361378,-32.258431],[-58.360928,-32.258478],[-58.36074,-32.258471],[-58.360358,-32.258421],[-58.360084,-32.258447],[-58.359878,-32.258538],[-58.359737,-32.25865],[-58.359542,-32.258841],[-58.3593,-32.259183],[-58.358989,-32.259451],[-58.358781,-32.259583],[-58.358532,-32.259695],[-58.358006,-32.259878],[-58.357746,-32.259986],[-58.357555,-32.260091],[-58.357356,-32.260296],[-58.357169,-32.260645],[-58.3572,-32.260916],[-58.357131,-32.26108],[-58.356323,-32.261653],[-58.356163,-32.261774],[-58.355846,-32.262014],[-58.355591,-32.262189],[-58.355435,-32.26222],[-58.355129,-32.262195],[-58.35405,-32.262533],[-58.353039,-32.26291],[-58.352862,-32.263169],[-58.352761,-32.263283],[-58.352486,-32.263421],[-58.352271,-32.263382],[-58.351891,-32.263449],[-58.351701,-32.263491],[-58.35142,-32.263589],[-58.351224,-32.263699],[-58.351086,-32.263811],[-58.350963,-32.263941],[-58.350757,-32.264231],[-58.350598,-32.264437],[-58.350478,-32.264563],[-58.350312,-32.264696],[-58.350074,-32.264782],[-58.349865,-32.264779],[-58.349487,-32.264877],[-58.349303,-32.264943],[-58.349052,-32.265086],[-58.348801,-32.265284],[-58.348647,-32.265436],[-58.348359,-32.265727],[-58.348141,-32.265949],[-58.34802,-32.266052],[-58.347683,-32.266319],[-58.347515,-32.266439],[-58.347027,-32.26661],[-58.346752,-32.266496],[-58.346496,-32.266307],[-58.346356,-32.266104],[-58.346196,-32.266012],[-58.345852,-32.265846],[-58.345605,-32.265711],[-58.345467,-32.265616],[-58.345199,-32.265408],[-58.344979,-32.26526],[-58.344769,-32.265167],[-58.34459,-32.265133],[-58.344266,-32.265112],[-58.344005,-32.265139],[-58.343838,-32.265173],[-58.34349,-32.265259],[-58.343235,-32.265308],[-58.342857,-32.265353],[-58.342609,-32.265375],[-58.342105,-32.265388],[-58.341881,-32.265371],[-58.341428,-32.265269],[-58.341096,-32.265234],[-58.340748,-32.265293],[-58.340474,-32.265368],[-58.34019,-32.265475],[-58.340011,-32.265558],[-58.33961,-32.265836],[-58.33948,-32.26594],[-58.33923,-32.265966],[-58.338952,-32.265961],[-58.338641,-32.265981],[-58.338504,-32.266219],[-58.338513,-32.266417],[-58.338532,-32.267084],[-58.33838,-32.267254],[-58.338116,-32.267438],[-58.337955,-32.26759],[-58.337899,-32.267745],[-58.337918,-32.267894],[-58.337893,-32.268065],[-58.33778,-32.268263],[-58.337658,-32.268416],[-58.337567,-32.268534],[-58.337455,-32.26871],[-58.337445,-32.268903],[-58.337646,-32.269213],[-58.337555,-32.269331],[-58.337414,-32.269443],[-58.337261,-32.26954],[-58.33693,-32.269699],[-58.336678,-32.269803],[-58.336181,-32.269987],[-58.335807,-32.27014],[-58.335387,-32.270327],[-58.335191,-32.270436],[-58.334934,-32.270639],[-58.334827,-32.270752],[-58.334648,-32.270993],[-58.334512,-32.271168],[-58.334395,-32.271321],[-58.334182,-32.271615],[-58.334006,-32.271833],[-58.333797,-32.272037],[-58.333572,-32.272182],[-58.333359,-32.272165],[-58.332946,-32.272001],[-58.332774,-32.271981],[-58.331574,-32.27209],[-58.330688,-32.27221],[-58.330529,-32.272371],[-58.330376,-32.272514],[-58.330092,-32.272814],[-58.329754,-32.273103],[-58.329333,-32.273259],[-58.329263,-32.273382],[-58.32919,-32.273672],[-58.328999,-32.274043],[-58.328693,-32.274324],[-58.328606,-32.27447],[-58.328567,-32.274707],[-58.32843,-32.274905],[-58.328212,-32.27491],[-58.328028,-32.27498],[-58.327918,-32.275165],[-58.327853,-32.275351],[-58.327804,-32.275485],[-58.327739,-32.275613],[-58.327485,-32.275806],[-58.327262,-32.275865],[-58.326992,-32.27586],[-58.326847,-32.275746],[-58.326266,-32.275599],[-58.325967,-32.275552],[-58.32428,-32.27548],[-58.324295,-32.275755],[-58.324246,-32.276033],[-58.324184,-32.276215],[-58.32402,-32.276569],[-58.323934,-32.276845],[-58.323916,-32.277132],[-58.323941,-32.277282],[-58.324028,-32.277546],[-58.324208,-32.277859],[-58.324479,-32.278157],[-58.324557,-32.278322],[-58.324589,-32.278477],[-58.324582,-32.27862],[-58.324497,-32.27882],[-58.324283,-32.279069],[-58.324086,-32.279241],[-58.323911,-32.279356],[-58.323535,-32.27955],[-58.32338,-32.279674],[-58.323279,-32.279833],[-58.323232,-32.279984],[-58.323216,-32.280137],[-58.323238,-32.280435],[-58.323316,-32.281131],[-58.323521,-32.282444],[-58.323504,-32.282619],[-58.323455,-32.282761],[-58.323316,-32.282891],[-58.323117,-32.282996],[-58.322967,-32.283121],[-58.322879,-32.283384],[-58.322792,-32.283543],[-58.322585,-32.283846],[-58.322421,-32.2842],[-58.322446,-32.284444],[-58.322384,-32.284671],[-58.322174,-32.284843],[-58.322122,-32.28508],[-58.322177,-32.285298],[-58.322297,-32.285483],[-58.32235,-32.285633],[-58.322415,-32.286239],[-58.322433,-32.28655],[-58.322469,-32.287043],[-58.322496,-32.28744],[-58.322505,-32.287886],[-58.322491,-32.288714],[-58.322474,-32.288938],[-58.322494,-32.289182],[-58.322556,-32.289459],[-58.322681,-32.290135],[-58.322635,-32.290299],[-58.322449,-32.290513],[-58.322173,-32.290674],[-58.32207,-32.290814],[-58.321881,-32.291091],[-58.321499,-32.291721],[-58.321327,-32.291872],[-58.321129,-32.292004],[-58.320935,-32.292177],[-58.320851,-32.292318],[-58.32074,-32.292624],[-58.320615,-32.29284],[-58.320477,-32.292988],[-58.320186,-32.293284],[-58.319908,-32.293597],[-58.319782,-32.293782],[-58.319674,-32.293913],[-58.319508,-32.294046],[-58.319286,-32.294146],[-58.318993,-32.294212],[-58.318786,-32.294227],[-58.318433,-32.294187],[-58.318084,-32.294065],[-58.317829,-32.293916],[-58.317619,-32.293873],[-58.317155,-32.293882],[-58.316752,-32.293885],[-58.316413,-32.293877],[-58.316192,-32.29386],[-58.315639,-32.293781],[-58.315452,-32.293661],[-58.315301,-32.293602],[-58.315039,-32.293592],[-58.314712,-32.293665],[-58.314111,-32.293711],[-58.313781,-32.293725],[-58.31358,-32.293772],[-58.313481,-32.293899],[-58.313445,-32.294073],[-58.313388,-32.29426],[-58.313099,-32.294718],[-58.312959,-32.294879],[-58.312842,-32.294974],[-58.312584,-32.295149],[-58.312423,-32.2953],[-58.312302,-32.295485],[-58.31207,-32.295877],[-58.311839,-32.296229],[-58.311787,-32.29642],[-58.311787,-32.296578],[-58.311824,-32.296885],[-58.311849,-32.297125],[-58.31191,-32.297992],[-58.31189,-32.29813],[-58.311856,-32.298273],[-58.311764,-32.298558],[-58.311703,-32.298772],[-58.311707,-32.299002],[-58.311859,-32.299345],[-58.311813,-32.299505],[-58.311558,-32.299631],[-58.311379,-32.30007],[-58.311168,-32.300413],[-58.311014,-32.300471],[-58.310752,-32.300497],[-58.310618,-32.300577],[-58.310463,-32.30072],[-58.310331,-32.300814],[-58.310135,-32.300902],[-58.309684,-32.30102],[-58.30935,-32.301174],[-58.309266,-32.301306],[-58.308727,-32.301529],[-58.308121,-32.301817],[-58.30772,-32.302041],[-58.307533,-32.302178],[-58.307353,-32.302324],[-58.307016,-32.302645],[-58.306714,-32.302931],[-58.306571,-32.303083],[-58.306382,-32.303315],[-58.306202,-32.30356],[-58.306105,-32.303741],[-58.306089,-32.303961],[-58.306119,-32.304192],[-58.306114,-32.304444],[-58.306026,-32.304819],[-58.305974,-32.304997],[-58.305855,-32.305258],[-58.305676,-32.305485],[-58.305549,-32.305589],[-58.305266,-32.305722],[-58.305034,-32.305795],[-58.304783,-32.305893],[-58.30413,-32.306211],[-58.303806,-32.306379],[-58.303485,-32.306583],[-58.303299,-32.306757],[-58.303185,-32.306959],[-58.303043,-32.307085],[-58.302963,-32.307203],[-58.30291,-32.307363],[-58.302867,-32.307776],[-58.302753,-32.308335],[-58.302689,-32.308607],[-58.302556,-32.309016],[-58.302437,-32.309277],[-58.302125,-32.30977],[-58.30198,-32.310021],[-58.301917,-32.310149],[-58.301811,-32.310461],[-58.301648,-32.311098],[-58.301555,-32.31141],[-58.301494,-32.311565],[-58.301281,-32.312044],[-58.301163,-32.312273],[-58.300973,-32.312617],[-58.300754,-32.312956],[-58.300629,-32.313118],[-58.300361,-32.313436],[-58.300176,-32.313628],[-58.299774,-32.314022],[-58.29954,-32.31423],[-58.299028,-32.314611],[-58.298778,-32.314818],[-58.298606,-32.315014],[-58.298535,-32.315214],[-58.298461,-32.315365],[-58.298229,-32.315653],[-58.297723,-32.315904],[-58.297466,-32.315949],[-58.297276,-32.315987],[-58.297111,-32.316039],[-58.296855,-32.316129],[-58.296723,-32.316218],[-58.296243,-32.316736],[-58.296127,-32.316867],[-58.295905,-32.31716],[-58.295741,-32.317366],[-58.295536,-32.317543],[-58.295325,-32.317656],[-58.295139,-32.31773],[-58.294575,-32.317907],[-58.293723,-32.318186],[-58.293474,-32.318249],[-58.293206,-32.318293],[-58.29267,-32.318354],[-58.292274,-32.31842],[-58.292,-32.318491],[-58.291754,-32.31863],[-58.291575,-32.318763],[-58.29144,-32.318871],[-58.291227,-32.318993],[-58.290956,-32.319055],[-58.290653,-32.319071],[-58.290428,-32.319099],[-58.289867,-32.31924],[-58.28959,-32.319324],[-58.289293,-32.31943],[-58.289151,-32.319501],[-58.28894,-32.319628],[-58.288791,-32.319753],[-58.288657,-32.319919],[-58.288682,-32.320109],[-58.288861,-32.320278],[-58.289123,-32.320657],[-58.289327,-32.320863],[-58.289607,-32.321076],[-58.289846,-32.321184],[-58.289997,-32.32128],[-58.290375,-32.321618],[-58.290711,-32.321928],[-58.29078,-32.322133],[-58.290814,-32.322445],[-58.290835,-32.322752],[-58.290802,-32.322935],[-58.290703,-32.323057],[-58.290565,-32.323169],[-58.290429,-32.323376],[-58.290402,-32.323537],[-58.290298,-32.323704],[-58.290057,-32.323907],[-58.289695,-32.324352],[-58.289532,-32.32458],[-58.289189,-32.325099],[-58.288962,-32.325441],[-58.288945,-32.32567],[-58.288894,-32.32584],[-58.288749,-32.326019],[-58.288551,-32.3262],[-58.288365,-32.32632],[-58.288196,-32.326403],[-58.287852,-32.326544],[-58.287594,-32.326664],[-58.287244,-32.326876],[-58.287091,-32.327006],[-58.28706,-32.32714],[-58.286961,-32.327321],[-58.286664,-32.327634],[-58.286583,-32.327802],[-58.286515,-32.328038],[-58.286397,-32.328272],[-58.286197,-32.328508],[-58.286201,-32.328728],[-58.286209,-32.329183],[-58.286212,-32.32944],[-58.286189,-32.329781],[-58.286065,-32.330578],[-58.285897,-32.331472],[-58.285816,-32.331595],[-58.28563,-32.331764],[-58.285423,-32.331914],[-58.285209,-32.332045],[-58.285062,-32.332134],[-58.284757,-32.332285],[-58.283942,-32.332651],[-58.283165,-32.332973],[-58.282775,-32.333125],[-58.282172,-32.333345],[-58.281943,-32.333418],[-58.281478,-32.333544],[-58.281008,-32.333648],[-58.280693,-32.333704],[-58.280048,-32.333806],[-58.279579,-32.333865],[-58.279347,-32.333892],[-58.278988,-32.333906],[-58.278634,-32.333884],[-58.278462,-32.333864],[-58.277569,-32.333655],[-58.276328,-32.333405],[-58.275577,-32.333265],[-58.27516,-32.333217],[-58.275022,-32.333284],[-58.274886,-32.333387],[-58.274735,-32.333494],[-58.274245,-32.333687],[-58.27404,-32.333815],[-58.273849,-32.333956],[-58.273735,-32.33406],[-58.273499,-32.334317],[-58.273476,-32.334455],[-58.273484,-32.334604],[-58.273411,-32.334795],[-58.273229,-32.334923],[-58.273049,-32.335011],[-58.272911,-32.335078],[-58.272748,-32.335198],[-58.272644,-32.335401],[-58.272607,-32.33567],[-58.272546,-32.335866],[-58.272419,-32.336073],[-58.272319,-32.336204],[-58.272094,-32.336457],[-58.271954,-32.336546],[-58.271655,-32.336625],[-58.271325,-32.336662],[-58.270947,-32.336733],[-58.270805,-32.336813],[-58.270695,-32.336985],[-58.270661,-32.337236],[-58.270672,-32.337488],[-58.270667,-32.337677],[-58.270639,-32.33787],[-58.27061,-32.338067],[-58.270528,-32.338311],[-58.270434,-32.338429],[-58.270233,-32.338579],[-58.26996,-32.338686],[-58.269767,-32.338724],[-58.269451,-32.33873],[-58.269104,-32.338663],[-58.268903,-32.338565],[-58.268746,-32.33851],[-58.268581,-32.338486],[-58.268239,-32.338486],[-58.267983,-32.33845],[-58.267545,-32.338316],[-58.267234,-32.338129],[-58.267131,-32.338003],[-58.266892,-32.337616],[-58.266537,-32.337045],[-58.266335,-32.336857],[-58.266075,-32.336699],[-58.265804,-32.336517],[-58.265685,-32.336405],[-58.265464,-32.336167],[-58.265258,-32.335997],[-58.265033,-32.335889],[-58.264843,-32.335824],[-58.264549,-32.335768],[-58.263951,-32.335691],[-58.26372,-32.335692],[-58.263568,-32.335762],[-58.263416,-32.335887],[-58.262664,-32.336872],[-58.262291,-32.337371],[-58.262162,-32.337596],[-58.261824,-32.338285],[-58.261605,-32.338619],[-58.261403,-32.338832],[-58.261265,-32.338931],[-58.261005,-32.339047],[-58.260785,-32.339102],[-58.260483,-32.339131],[-58.260232,-32.33913],[-58.25986,-32.339089],[-58.259613,-32.339049],[-58.25903,-32.338878],[-58.258756,-32.338751],[-58.258548,-32.338675],[-58.258309,-32.33863],[-58.257824,-32.338572],[-58.257473,-32.338491],[-58.257163,-32.338385],[-58.256541,-32.338154],[-58.256083,-32.337984],[-58.255672,-32.337847],[-58.255468,-32.337794],[-58.255172,-32.337819],[-58.254974,-32.33791],[-58.254806,-32.33803],[-58.254246,-32.338536],[-58.254035,-32.338816],[-58.253906,-32.339059],[-58.253807,-32.339235],[-58.253619,-32.339471],[-58.253497,-32.339575],[-58.253357,-32.339664],[-58.25307,-32.339833],[-58.252778,-32.339984],[-58.252572,-32.340071],[-58.252148,-32.340231],[-58.251381,-32.340436],[-58.250965,-32.340582],[-58.250759,-32.340673],[-58.250413,-32.340894],[-58.250365,-32.341055],[-58.250258,-32.341217],[-58.250004,-32.341365],[-58.24976,-32.34146],[-58.249581,-32.341534],[-58.249344,-32.341669],[-58.249223,-32.341849],[-58.24924,-32.342079],[-58.249188,-32.342217],[-58.248348,-32.342811],[-58.247056,-32.343735],[-58.246736,-32.343916],[-58.246449,-32.344031],[-58.246295,-32.344075],[-58.245992,-32.344145],[-58.245677,-32.344191],[-58.245464,-32.344206],[-58.245071,-32.344209],[-58.244792,-32.344171],[-58.244576,-32.3441],[-58.244363,-32.344011],[-58.243926,-32.343797],[-58.243603,-32.343636],[-58.243267,-32.343515],[-58.243094,-32.343477],[-58.242836,-32.343449],[-58.242528,-32.343451],[-58.241992,-32.343462],[-58.241357,-32.343488],[-58.241191,-32.343621],[-58.241071,-32.343729],[-58.240357,-32.344202],[-58.24011,-32.344467],[-58.240096,-32.344624],[-58.240119,-32.344787],[-58.240117,-32.345035],[-58.240017,-32.345175],[-58.239818,-32.345316],[-58.239679,-32.345401],[-58.239257,-32.345605],[-58.238979,-32.345694],[-58.238694,-32.345769],[-58.238494,-32.345802],[-58.23811,-32.345841],[-58.237939,-32.345817],[-58.237591,-32.345677],[-58.237343,-32.345655],[-58.236999,-32.345786],[-58.236729,-32.345919],[-58.236503,-32.346032],[-58.236054,-32.34625],[-58.235745,-32.346427],[-58.235477,-32.346646],[-58.235303,-32.346874],[-58.235206,-32.347059],[-58.23499,-32.347632],[-58.234673,-32.34852],[-58.234547,-32.348642],[-58.234363,-32.348707],[-58.234128,-32.348738],[-58.233958,-32.348745],[-58.233603,-32.348741],[-58.233215,-32.348749],[-58.232994,-32.348776],[-58.232793,-32.348868],[-58.232708,-32.349022],[-58.232673,-32.349287],[-58.232667,-32.349809],[-58.232646,-32.350195],[-58.232632,-32.350406],[-58.232616,-32.350824],[-58.23254,-32.351357],[-58.232254,-32.35185],[-58.23207,-32.352028],[-58.231876,-32.352228],[-58.231422,-32.352791],[-58.230941,-32.353475],[-58.23098,-32.353837],[-58.230882,-32.353946],[-58.230736,-32.354044],[-58.230483,-32.354156],[-58.230255,-32.354219],[-58.23003,-32.35426],[-58.22948,-32.354321],[-58.229312,-32.354292],[-58.229135,-32.354384],[-58.229114,-32.354523],[-58.229107,-32.354752],[-58.229162,-32.354934],[-58.229276,-32.355033],[-58.229423,-32.355106],[-58.229852,-32.35533],[-58.230163,-32.355458],[-58.230449,-32.355564],[-58.230674,-32.35573],[-58.230817,-32.355938],[-58.230964,-32.35602],[-58.231339,-32.356138],[-58.231477,-32.356292],[-58.231479,-32.356652],[-58.231483,-32.357039],[-58.231385,-32.35718],[-58.231212,-32.357245],[-58.230878,-32.357295],[-58.230601,-32.357307],[-58.230415,-32.357314],[-58.2298,-32.357318],[-58.229339,-32.357359],[-58.229112,-32.357395],[-58.228636,-32.357508],[-58.228459,-32.357645],[-58.228299,-32.357819],[-58.228184,-32.357941],[-58.228052,-32.358035],[-58.227855,-32.358086],[-58.226589,-32.358101],[-58.225831,-32.358099],[-58.22557,-32.358022],[-58.225331,-32.357873],[-58.225053,-32.357723],[-58.224618,-32.357567],[-58.224246,-32.357481],[-58.223935,-32.357491],[-58.223705,-32.357474],[-58.223533,-32.357422],[-58.223218,-32.357257],[-58.222974,-32.357153],[-58.222641,-32.357087],[-58.222474,-32.357076],[-58.222314,-32.357106],[-58.222161,-32.357176],[-58.2219,-32.35736],[-58.221722,-32.357457],[-58.221352,-32.357632],[-58.221072,-32.357824],[-58.221066,-32.357986],[-58.221142,-32.358151],[-58.221229,-32.358266],[-58.221424,-32.358485],[-58.221531,-32.358674],[-58.221818,-32.35941],[-58.221992,-32.35988],[-58.222439,-32.36096],[-58.222485,-32.361105],[-58.222556,-32.36141],[-58.222619,-32.361637],[-58.222767,-32.361999],[-58.222855,-32.362173],[-58.223034,-32.362414],[-58.223652,-32.363108],[-58.224448,-32.364012],[-58.224839,-32.364441],[-58.224942,-32.364553],[-58.22514,-32.364767],[-58.225365,-32.365235],[-58.225319,-32.365805],[-58.225328,-32.366346],[-58.224417,-32.366924],[-58.223,-32.3669],[-58.222211,-32.366506],[-58.221746,-32.365902],[-58.221119,-32.365484],[-58.220074,-32.365344],[-58.219679,-32.364903],[-58.220097,-32.364508],[-58.220678,-32.364136],[-58.220747,-32.363579],[-58.219841,-32.363323],[-58.219284,-32.36337],[-58.218866,-32.363834],[-58.218541,-32.364299],[-58.218215,-32.364601],[-58.217797,-32.364392],[-58.217379,-32.364067],[-58.217356,-32.363486],[-58.217747,-32.362776],[-58.217784,-32.362579],[-58.217864,-32.362425],[-58.21807,-32.362131],[-58.218173,-32.361892],[-58.218188,-32.361708],[-58.218162,-32.361351],[-58.218163,-32.361081],[-58.218212,-32.360804],[-58.218331,-32.360254],[-58.218383,-32.359986],[-58.2183,-32.35974],[-58.218303,-32.359483],[-58.218432,-32.359241],[-58.218503,-32.359063],[-58.21848,-32.358851],[-58.218292,-32.358686],[-58.217881,-32.358387],[-58.217248,-32.357908],[-58.216912,-32.357693],[-58.216584,-32.357523],[-58.215907,-32.357195],[-58.214905,-32.356739],[-58.21469,-32.356681],[-58.214222,-32.356659],[-58.214004,-32.356614],[-58.213862,-32.356537],[-58.21374,-32.356388],[-58.213654,-32.356218],[-58.213525,-32.356047],[-58.212863,-32.355522],[-58.212513,-32.355279],[-58.212039,-32.355],[-58.211801,-32.354901],[-58.211529,-32.354764],[-58.211277,-32.354521],[-58.211124,-32.354447],[-58.210926,-32.354395],[-58.210594,-32.354342],[-58.210335,-32.354336],[-58.209942,-32.354339],[-58.209747,-32.354372],[-58.209549,-32.354459],[-58.20938,-32.354592],[-58.209282,-32.354728],[-58.209233,-32.354866],[-58.20918,-32.355161],[-58.209054,-32.355746],[-58.208848,-32.356576],[-58.208683,-32.356785],[-58.208453,-32.356966],[-58.208293,-32.357041],[-58.20795,-32.357154],[-58.207729,-32.357276],[-58.207447,-32.35754],[-58.20721,-32.357756],[-58.207086,-32.357855],[-58.206851,-32.358021],[-58.206379,-32.358332],[-58.205915,-32.358634],[-58.20571,-32.358788],[-58.205548,-32.358895],[-58.205375,-32.358969],[-58.205087,-32.359044],[-58.204777,-32.359077],[-58.204438,-32.359118],[-58.204225,-32.35915],[-58.203892,-32.359165],[-58.20369,-32.359125],[-58.203449,-32.359062],[-58.203274,-32.35901],[-58.203041,-32.358961],[-58.202577,-32.358867],[-58.202117,-32.358732],[-58.201909,-32.358598],[-58.201675,-32.358472],[-58.2014,-32.358345],[-58.201134,-32.358155],[-58.200859,-32.357946],[-58.200608,-32.357779],[-58.200463,-32.357715],[-58.200141,-32.357626],[-58.199988,-32.357566],[-58.19986,-32.35748],[-58.199702,-32.357254],[-58.199294,-32.357044],[-58.198886,-32.356844],[-58.198714,-32.356838],[-58.198353,-32.356842],[-58.198009,-32.356878],[-58.197812,-32.356893],[-58.197623,-32.357008],[-58.197476,-32.357182],[-58.197067,-32.357644],[-58.196778,-32.35824],[-58.196685,-32.358741],[-58.196632,-32.358897],[-58.196106,-32.359565],[-58.195842,-32.359888],[-58.195743,-32.360002],[-58.195541,-32.360206],[-58.195409,-32.360304],[-58.195098,-32.360468],[-58.194965,-32.360566],[-58.194881,-32.360707],[-58.194897,-32.360861],[-58.194974,-32.361152],[-58.195039,-32.36128],[-58.195172,-32.361362],[-58.195438,-32.361359],[-58.195653,-32.361358],[-58.19591,-32.36135],[-58.196086,-32.36128],[-58.196228,-32.361155],[-58.196395,-32.360963],[-58.196937,-32.360335],[-58.19717,-32.360043],[-58.197217,-32.359869],[-58.197318,-32.359702],[-58.197525,-32.359565],[-58.197772,-32.359548],[-58.198009,-32.359728],[-58.198381,-32.360021],[-58.198516,-32.36022],[-58.198613,-32.36044],[-58.198712,-32.360727],[-58.198886,-32.361054],[-58.199166,-32.361668],[-58.199555,-32.362497],[-58.19955,-32.362677],[-58.199506,-32.362869],[-58.19948,-32.363012],[-58.199493,-32.363202],[-58.199582,-32.36343],[-58.199589,-32.363602],[-58.19952,-32.363806],[-58.199447,-32.363934],[-58.199272,-32.364179],[-58.198945,-32.364599],[-58.19877,-32.364799],[-58.198394,-32.365177],[-58.197628,-32.365931],[-58.197116,-32.36642],[-58.196839,-32.366653],[-58.196605,-32.36681],[-58.196411,-32.366911],[-58.196091,-32.367038],[-58.195878,-32.367107],[-58.195427,-32.36722],[-58.193381,-32.367628],[-58.192349,-32.367836],[-58.191777,-32.367967],[-58.191597,-32.368069],[-58.191433,-32.368206],[-58.191237,-32.368347],[-58.190987,-32.368473],[-58.190445,-32.368682],[-58.190078,-32.368902],[-58.189956,-32.369001],[-58.189743,-32.369213],[-58.189553,-32.36944],[-58.189193,-32.369926],[-58.188855,-32.370399],[-58.188699,-32.370645],[-58.188564,-32.370892],[-58.188453,-32.371131],[-58.188404,-32.371359],[-58.188394,-32.371593],[-58.188404,-32.371746],[-58.188455,-32.372045],[-58.188539,-32.372359],[-58.188597,-32.372505],[-58.188727,-32.372713],[-58.189178,-32.373212],[-58.19011,-32.374288],[-58.190236,-32.374409],[-58.190517,-32.374627],[-58.190654,-32.374741],[-58.190746,-32.374857],[-58.190838,-32.375063],[-58.190898,-32.375295],[-58.190986,-32.375537],[-58.191089,-32.37568],[-58.191409,-32.376052],[-58.191461,-32.37618],[-58.1916,-32.377059],[-58.191769,-32.377921],[-58.191818,-32.378148],[-58.191936,-32.378616],[-58.191974,-32.37896],[-58.191963,-32.379108],[-58.191925,-32.379282],[-58.191075,-32.379691],[-58.190715,-32.379641],[-58.19052,-32.379607],[-58.190033,-32.37943],[-58.185436,-32.380852],[-58.184555,-32.37878],[-58.18351,-32.376991],[-58.182297,-32.375237],[-58.180969,-32.373482],[-58.179401,-32.371517],[-58.177795,-32.36964],[-58.176136,-32.367859],[-58.174175,-32.365952],[-58.172459,-32.364441],[-58.170277,-32.36272],[-58.167946,-32.361092],[-58.166,-32.359974],[-58.163948,-32.359249],[-58.161548,-32.358439],[-58.158808,-32.35811],[-58.155976,-32.357527],[-58.153477,-32.356944],[-58.150922,-32.356078],[-58.148924,-32.355442],[-58.146926,-32.354625],[-58.144928,-32.353444],[-58.142657,-32.352082],[-58.14075,-32.35072],[-58.138954,-32.348873],[-58.136356,-32.346577],[-58.134178,-32.344883],[-58.132435,-32.343739],[-58.130222,-32.342457],[-58.127937,-32.341251],[-58.123291,-32.338863],[-58.121025,-32.337605],[-58.118507,-32.335991],[-58.116825,-32.334709],[-58.114841,-32.332844],[-58.11356,-32.331303],[-58.112251,-32.329391],[-58.111183,-32.327541],[-58.110165,-32.325459],[-58.109158,-32.322922],[-58.108528,-32.320988],[-58.1078,-32.318245],[-58.107353,-32.316204],[-58.106724,-32.312691],[-58.106171,-32.309155],[-58.105534,-32.305183],[-58.104065,-32.296627],[-58.103348,-32.292351],[-58.102673,-32.288071],[-58.102341,-32.285931],[-58.101734,-32.281643],[-58.101452,-32.279495],[-58.100945,-32.275192],[-58.100758,-32.273041],[-58.100536,-32.269459],[-58.10033,-32.264774],[-58.100288,-32.262508],[-58.100384,-32.259563],[-58.100616,-32.257416],[-58.100998,-32.255379],[-58.101749,-32.252838],[-58.102589,-32.250885],[-58.103569,-32.249104],[-58.105221,-32.246666],[-58.106663,-32.244846],[-58.108364,-32.24287],[-58.109764,-32.241302],[-58.111698,-32.239178],[-58.113186,-32.237736],[-58.114719,-32.236332],[-58.116589,-32.234554],[-58.118206,-32.232769],[-58.119419,-32.231098],[-58.120518,-32.229218],[-58.121498,-32.227272],[-58.122433,-32.2253],[-58.123516,-32.223103],[-58.124733,-32.22097],[-58.125923,-32.219292],[-58.127365,-32.217651],[-58.130005,-32.214893],[-58.132149,-32.212708],[-58.133762,-32.211071],[-58.136139,-32.208591],[-58.138157,-32.206379],[-58.140953,-32.203159],[-58.143173,-32.200573],[-58.146,-32.197361],[-58.147457,-32.195793],[-58.149731,-32.193478],[-58.1516,-32.191643],[-58.153492,-32.189827]]]}},{"type":"Feature","properties":{"departamento":"Colón","distrito":"Distrito 6°","techo_ha":10.0,"total_ha":168.61,"ep":395,"potencia_kwp":84302,"inversion_musd":59.0,"generacion_gwh":96.3,"co2_tn":42235},"geometry":{"type":"Polygon","coordinates":[[[-58.325017,-31.859731],[-58.324573,-31.859944],[-58.323704,-31.860381],[-58.323578,-31.860475],[-58.323277,-31.860901],[-58.323136,-31.861021],[-58.322971,-31.861056],[-58.322659,-31.860972],[-58.322449,-31.860897],[-58.32225,-31.860863],[-58.321994,-31.860975],[-58.321724,-31.861199],[-58.321557,-31.861373],[-58.321327,-31.861599],[-58.321208,-31.861702],[-58.321019,-31.861839],[-58.320808,-31.861935],[-58.320568,-31.861998],[-58.320072,-31.862106],[-58.319846,-31.862183],[-58.319699,-31.862273],[-58.319591,-31.862377],[-58.319282,-31.862707],[-58.319115,-31.862827],[-58.318849,-31.862872],[-58.318648,-31.862824],[-58.318242,-31.862606],[-58.317387,-31.861994],[-58.317208,-31.861883],[-58.316983,-31.86179],[-58.316813,-31.861756],[-58.316617,-31.861776],[-58.316457,-31.861865],[-58.316346,-31.861969],[-58.316143,-31.862173],[-58.315968,-31.862396],[-58.315853,-31.862545],[-58.315644,-31.862861],[-58.315517,-31.863131],[-58.315418,-31.863371],[-58.315285,-31.863591],[-58.315015,-31.863874],[-58.314542,-31.864315],[-58.314045,-31.864738],[-58.313371,-31.865294],[-58.313038,-31.86557],[-58.312824,-31.865738],[-58.312522,-31.865956],[-58.312382,-31.866068],[-58.312344,-31.866202],[-58.312394,-31.866402],[-58.312363,-31.866549],[-58.312202,-31.866764],[-58.311962,-31.866962],[-58.31142,-31.867347],[-58.311255,-31.867476],[-58.311082,-31.867677],[-58.311005,-31.867845],[-58.311028,-31.868053],[-58.311114,-31.868228],[-58.311205,-31.868357],[-58.311361,-31.868471],[-58.311736,-31.868552],[-58.311921,-31.868708],[-58.312034,-31.868928],[-58.312092,-31.869083],[-58.312171,-31.869298],[-58.312301,-31.869537],[-58.312439,-31.869677],[-58.31264,-31.869815],[-58.313084,-31.870074],[-58.313213,-31.870169],[-58.313355,-31.870345],[-58.31342,-31.870627],[-58.313456,-31.871047],[-58.313489,-31.871183],[-58.313572,-31.871362],[-58.3137,-31.871488],[-58.313885,-31.87159],[-58.314281,-31.871694],[-58.314477,-31.871688],[-58.314655,-31.871663],[-58.31482,-31.871674],[-58.315049,-31.871786],[-58.315385,-31.872041],[-58.315591,-31.872234],[-58.315842,-31.872495],[-58.315975,-31.872621],[-58.316175,-31.872795],[-58.316421,-31.87294],[-58.31662,-31.873023],[-58.316766,-31.873159],[-58.316803,-31.873359],[-58.316765,-31.873583],[-58.316708,-31.873734],[-58.316546,-31.873998],[-58.316313,-31.874223],[-58.315951,-31.874498],[-58.315812,-31.874642],[-58.315758,-31.874775],[-58.315731,-31.875152],[-58.315658,-31.875347],[-58.315529,-31.875442],[-58.315351,-31.875466],[-58.315166,-31.875406],[-58.314974,-31.87529],[-58.314724,-31.875124],[-58.314479,-31.875011],[-58.314174,-31.875049],[-58.313866,-31.875187],[-58.313661,-31.875291],[-58.313382,-31.875434],[-58.313034,-31.87557],[-58.312835,-31.875594],[-58.312634,-31.875564],[-58.312354,-31.875504],[-58.312085,-31.875503],[-58.311877,-31.875604],[-58.31162,-31.875788],[-58.311129,-31.876197],[-58.310883,-31.876382],[-58.310681,-31.876501],[-58.31026,-31.876701],[-58.309682,-31.876954],[-58.30939,-31.877092],[-58.309116,-31.87724],[-58.308952,-31.877364],[-58.30891,-31.877556],[-58.308899,-31.877718],[-58.308667,-31.877921],[-58.308287,-31.878083],[-58.308019,-31.878172],[-58.307652,-31.878289],[-58.307477,-31.878354],[-58.307223,-31.878466],[-58.306553,-31.878923],[-58.306285,-31.879121],[-58.306031,-31.879336],[-58.305912,-31.879444],[-58.305686,-31.879684],[-58.305585,-31.879811],[-58.305438,-31.880008],[-58.305367,-31.880145],[-58.305302,-31.880439],[-58.305282,-31.881055],[-58.305245,-31.881252],[-58.30508,-31.881651],[-58.305009,-31.881802],[-58.30492,-31.881943],[-58.304752,-31.882139],[-58.304563,-31.882276],[-58.304378,-31.882368],[-58.303997,-31.882494],[-58.303611,-31.882561],[-58.302834,-31.882644],[-58.302415,-31.882642],[-58.302044,-31.882611],[-58.30186,-31.882608],[-58.301682,-31.882633],[-58.301475,-31.882711],[-58.301299,-31.882889],[-58.301042,-31.883334],[-58.30093,-31.883461],[-58.300546,-31.883694],[-58.300324,-31.883803],[-58.299878,-31.884012],[-58.299655,-31.884084],[-58.299464,-31.884113],[-58.299087,-31.884167],[-58.298897,-31.884205],[-58.29872,-31.884266],[-58.29852,-31.884416],[-58.298444,-31.884562],[-58.298413,-31.884696],[-58.298402,-31.884916],[-58.298397,-31.885222],[-58.298379,-31.885365],[-58.298343,-31.885504],[-58.298243,-31.885653],[-58.298023,-31.885874],[-58.297897,-31.885973],[-58.297756,-31.886049],[-58.297539,-31.886122],[-58.297265,-31.886157],[-58.296704,-31.88619],[-58.296523,-31.886215],[-58.296205,-31.886307],[-58.296059,-31.886369],[-58.295757,-31.886506],[-58.295167,-31.886795],[-58.29486,-31.886919],[-58.294656,-31.886983],[-58.294381,-31.887032],[-58.294037,-31.887064],[-58.293804,-31.887073],[-58.29334,-31.887069],[-58.29194,-31.886999],[-58.291473,-31.886991],[-58.291241,-31.886996],[-58.29061,-31.886995],[-58.290059,-31.886993],[-58.289779,-31.887],[-58.28936,-31.887043],[-58.289086,-31.887087],[-58.288746,-31.887183],[-58.288434,-31.887302],[-58.288302,-31.887396],[-58.288211,-31.887523],[-58.28814,-31.887831],[-58.288129,-31.88811],[-58.288081,-31.888423],[-58.287871,-31.888757],[-58.287741,-31.888924],[-58.287456,-31.889246],[-58.287144,-31.889572],[-58.286729,-31.890003],[-58.286538,-31.890216],[-58.286279,-31.890549],[-58.286175,-31.890711],[-58.286137,-31.89089],[-58.286195,-31.891054],[-58.286281,-31.89122],[-58.286399,-31.89144],[-58.286457,-31.891649],[-58.286404,-31.891814],[-58.286214,-31.891969],[-58.285927,-31.892066],[-58.285584,-31.892112],[-58.285278,-31.892105],[-58.284928,-31.892038],[-58.28476,-31.891974],[-58.284615,-31.89186],[-58.28457,-31.891615],[-58.284591,-31.891359],[-58.28455,-31.891128],[-58.28445,-31.891017],[-58.284255,-31.890901],[-58.283967,-31.890764],[-58.283831,-31.890678],[-58.283689,-31.890524],[-58.283605,-31.890359],[-58.283493,-31.890008],[-58.28344,-31.889759],[-58.283365,-31.889432],[-58.28332,-31.889268],[-58.283227,-31.88903],[-58.28299,-31.888594],[-58.282882,-31.888446],[-58.282746,-31.888324],[-58.282604,-31.888255],[-58.282338,-31.888196],[-58.282055,-31.888212],[-58.281613,-31.888331],[-58.28132,-31.888451],[-58.28077,-31.888723],[-58.280567,-31.888832],[-58.280166,-31.889083],[-58.279652,-31.889429],[-58.279388,-31.88959],[-58.279109,-31.889737],[-58.278737,-31.889881],[-58.278571,-31.889929],[-58.27824,-31.890007],[-58.277218,-31.890189],[-58.276897,-31.890267],[-58.276744,-31.890316],[-58.276566,-31.890399],[-58.276432,-31.890489],[-58.2763,-31.890596],[-58.276132,-31.890729],[-58.275914,-31.890861],[-58.275761,-31.890909],[-58.275582,-31.890898],[-58.275392,-31.890859],[-58.275031,-31.890679],[-58.274882,-31.890552],[-58.274807,-31.890432],[-58.274746,-31.890228],[-58.274738,-31.890074],[-58.274781,-31.889743],[-58.274827,-31.889573],[-58.274932,-31.889217],[-58.275083,-31.88875],[-58.275131,-31.888531],[-58.275154,-31.888329],[-58.275139,-31.888122],[-58.274898,-31.887825],[-58.274693,-31.887754],[-58.274396,-31.887729],[-58.273788,-31.887756],[-58.273599,-31.887745],[-58.273369,-31.887695],[-58.273102,-31.887555],[-58.272751,-31.887348],[-58.272583,-31.887274],[-58.272419,-31.887241],[-58.272198,-31.887323],[-58.272088,-31.887463],[-58.272025,-31.887609],[-58.271949,-31.887863],[-58.271853,-31.888233],[-58.271782,-31.888397],[-58.271695,-31.888538],[-58.271533,-31.888672],[-58.270745,-31.889061],[-58.269677,-31.889561],[-58.269154,-31.889826],[-58.268829,-31.889998],[-58.2682,-31.890384],[-58.267365,-31.890916],[-58.266938,-31.891157],[-58.266502,-31.891379],[-58.266281,-31.891474],[-58.266128,-31.891518],[-58.265948,-31.891534],[-58.265686,-31.891497],[-58.265454,-31.891439],[-58.264793,-31.891207],[-58.264511,-31.891098],[-58.264324,-31.891],[-58.263958,-31.89078],[-58.263219,-31.890315],[-58.26297,-31.89018],[-58.262603,-31.890027],[-58.262298,-31.889961],[-58.262104,-31.88999],[-58.261886,-31.890108],[-58.261718,-31.89025],[-58.261624,-31.890391],[-58.261562,-31.890677],[-58.261539,-31.890905],[-58.261547,-31.891063],[-58.261592,-31.89138],[-58.261684,-31.891798],[-58.261718,-31.892006],[-58.261731,-31.892214],[-58.261691,-31.892532],[-58.261593,-31.892789],[-58.261479,-31.892952],[-58.261371,-31.893065],[-58.261189,-31.893211],[-58.261058,-31.893301],[-58.260776,-31.893434],[-58.260554,-31.893494],[-58.26038,-31.893496],[-58.260108,-31.893445],[-58.25993,-31.893376],[-58.259563,-31.893177],[-58.259376,-31.893053],[-58.259008,-31.892783],[-58.258512,-31.892422],[-58.258266,-31.892264],[-58.258025,-31.892129],[-58.257743,-31.892024],[-58.25755,-31.89199],[-58.257373,-31.891988],[-58.257205,-31.892027],[-58.25672,-31.892261],[-58.256535,-31.892375],[-58.256257,-31.892558],[-58.25599,-31.892765],[-58.255858,-31.892868],[-58.255611,-31.893102],[-58.255494,-31.893223],[-58.25532,-31.893419],[-58.255176,-31.893612],[-58.255101,-31.89374],[-58.254974,-31.894005],[-58.254878,-31.894276],[-58.254754,-31.894636],[-58.254674,-31.894813],[-58.25458,-31.894986],[-58.254438,-31.895192],[-58.254262,-31.895383],[-58.254139,-31.895509],[-58.253879,-31.895743],[-58.253747,-31.89585],[-58.253465,-31.896056],[-58.253175,-31.896252],[-58.252973,-31.89638],[-58.252552,-31.89662],[-58.252327,-31.896725],[-58.252163,-31.896777],[-58.251824,-31.896859],[-58.251649,-31.896879],[-58.251288,-31.896911],[-58.250938,-31.896911],[-58.250717,-31.896898],[-58.250328,-31.896852],[-58.250153,-31.896774],[-58.249987,-31.896605],[-58.249878,-31.896421],[-58.249718,-31.896105],[-58.249522,-31.895706],[-58.249419,-31.895544],[-58.249309,-31.895432],[-58.249148,-31.895381],[-58.248941,-31.895414],[-58.248635,-31.895497],[-58.248337,-31.895607],[-58.248036,-31.895753],[-58.247887,-31.895838],[-58.247704,-31.895966],[-58.247494,-31.896143],[-58.247345,-31.896317],[-58.247235,-31.896507],[-58.247174,-31.896721],[-58.247154,-31.8969],[-58.247167,-31.897171],[-58.247174,-31.897531],[-58.247165,-31.897706],[-58.247127,-31.897881],[-58.247035,-31.898089],[-58.246906,-31.898286],[-58.246707,-31.898513],[-58.246556,-31.89862],[-58.246345,-31.89868],[-58.246105,-31.898671],[-58.245628,-31.898549],[-58.245387,-31.898522],[-58.245114,-31.898552],[-58.244935,-31.898586],[-58.244565,-31.898698],[-58.244075,-31.898851],[-58.243831,-31.898914],[-58.243591,-31.898964],[-58.243221,-31.898972],[-58.242913,-31.898902],[-58.242637,-31.898788],[-58.242465,-31.898701],[-58.242145,-31.898504],[-58.241998,-31.89839],[-58.241719,-31.898164],[-58.241185,-31.89768],[-58.24091,-31.89744],[-58.240577,-31.897126],[-58.240373,-31.896902],[-58.23998,-31.896437],[-58.239218,-31.89549],[-58.238957,-31.895188],[-58.238824,-31.895052],[-58.238532,-31.894785],[-58.238385,-31.894667],[-58.238143,-31.894504],[-58.237983,-31.894431],[-58.237787,-31.894396],[-58.23761,-31.894403],[-58.237193,-31.8945],[-58.236918,-31.894611],[-58.23674,-31.89469],[-58.236416,-31.894872],[-58.235718,-31.895309],[-58.23539,-31.89554],[-58.23491,-31.895887],[-58.234448,-31.896252],[-58.234227,-31.896437],[-58.2338,-31.89684],[-58.2336,-31.897044],[-58.233306,-31.897375],[-58.233212,-31.897507],[-58.233073,-31.897785],[-58.233002,-31.897981],[-58.232907,-31.898243],[-58.23285,-31.898371],[-58.232735,-31.89856],[-58.232365,-31.898974],[-58.232207,-31.899126],[-58.231968,-31.899355],[-58.231591,-31.89967],[-58.231322,-31.899858],[-58.231191,-31.899952],[-58.230981,-31.900075],[-58.230686,-31.900221],[-58.230535,-31.900288],[-58.230301,-31.900373],[-58.229931,-31.900485],[-58.229668,-31.900521],[-58.229488,-31.900518],[-58.229133,-31.900455],[-58.228779,-31.900357],[-58.228301,-31.900208],[-58.228062,-31.90014],[-58.227829,-31.9001],[-58.227532,-31.900084],[-58.226646,-31.900128],[-58.226478,-31.900144],[-58.226208,-31.900174],[-58.22568,-31.900267],[-58.225255,-31.900377],[-58.225105,-31.900425],[-58.224892,-31.900516],[-58.224564,-31.900675],[-58.224318,-31.900837],[-58.224183,-31.900953],[-58.223964,-31.901215],[-58.223793,-31.901497],[-58.223576,-31.901876],[-58.223458,-31.902061],[-58.223317,-31.902244],[-58.223097,-31.902452],[-58.22248,-31.902956],[-58.222167,-31.903192],[-58.221853,-31.903409],[-58.221694,-31.903507],[-58.221374,-31.903675],[-58.221215,-31.903736],[-58.220971,-31.903813],[-58.220727,-31.903799],[-58.220536,-31.903702],[-58.219937,-31.903261],[-58.219804,-31.903179],[-58.219635,-31.903123],[-58.219238,-31.903095],[-58.218852,-31.903103],[-58.218663,-31.903095],[-58.218484,-31.90308],[-58.218297,-31.903028],[-58.218118,-31.902917],[-58.217885,-31.902728],[-58.217636,-31.902593],[-58.217466,-31.902564],[-58.217265,-31.902561],[-58.217064,-31.902567],[-58.21666,-31.902637],[-58.215445,-31.902952],[-58.215179,-31.903],[-58.214845,-31.903028],[-58.214454,-31.902986],[-58.214194,-31.902913],[-58.21402,-31.902853],[-58.213672,-31.902705],[-58.212981,-31.902386],[-58.212634,-31.902251],[-58.212406,-31.902184],[-58.212121,-31.902133],[-58.211894,-31.902133],[-58.211617,-31.902181],[-58.211447,-31.902242],[-58.211268,-31.902344],[-58.211121,-31.902482],[-58.211015,-31.90264],[-58.210875,-31.902995],[-58.210804,-31.903303],[-58.210788,-31.903514],[-58.210786,-31.903654],[-58.210798,-31.903933],[-58.21085,-31.904354],[-58.210915,-31.904919],[-58.210927,-31.905199],[-58.210908,-31.905473],[-58.210885,-31.905611],[-58.210827,-31.905816],[-58.21067,-31.906242],[-58.210572,-31.906455],[-58.210408,-31.906759],[-58.210208,-31.907049],[-58.210101,-31.907184],[-58.209934,-31.907358],[-58.209693,-31.907565],[-58.209447,-31.907732],[-58.209106,-31.907908],[-58.208869,-31.907993],[-58.208706,-31.908032],[-58.208375,-31.908101],[-58.207863,-31.908153],[-58.207185,-31.9082],[-58.206851,-31.908237],[-58.206531,-31.908288],[-58.206379,-31.908327],[-58.206153,-31.908399],[-58.205875,-31.908528],[-58.205695,-31.908634],[-58.20535,-31.908878],[-58.204887,-31.909211],[-58.20466,-31.909365],[-58.204418,-31.9095],[-58.204121,-31.909624],[-58.203899,-31.909674],[-58.20369,-31.909693],[-58.202248,-31.909719],[-58.196014,-31.908566],[-58.196252,-31.906782],[-58.196609,-31.904402],[-58.196966,-31.902142],[-58.197442,-31.899881],[-58.197651,-31.897663],[-58.198219,-31.895002],[-58.198845,-31.891562],[-58.199242,-31.888979],[-58.19957,-31.886393],[-58.199879,-31.883522],[-58.200081,-31.881224],[-58.200207,-31.879171],[-58.200241,-31.876602],[-58.200134,-31.874285],[-58.199886,-31.871975],[-58.199505,-31.869787],[-58.198891,-31.867353],[-58.198139,-31.86511],[-58.197208,-31.863127],[-58.196045,-31.861267],[-58.194584,-31.859432],[-58.193001,-31.857805],[-58.19104,-31.856123],[-58.189243,-31.854805],[-58.187538,-31.853712],[-58.18565,-31.85272],[-58.183308,-31.851696],[-58.180912,-31.850777],[-58.178795,-31.849983],[-58.176205,-31.84893],[-58.173766,-31.84789],[-58.170911,-31.8467],[-58.168412,-31.845273],[-58.166628,-31.844202],[-58.164486,-31.843131],[-58.162226,-31.842061],[-58.159727,-31.840514],[-58.156872,-31.838729],[-58.154492,-31.837183],[-58.152589,-31.835755],[-58.149963,-31.834322],[-58.147259,-31.833315],[-58.144947,-31.832596],[-58.142532,-31.831959],[-58.138638,-31.83106],[-58.135478,-31.830745],[-58.132845,-31.830416],[-58.129992,-31.829758],[-58.126772,-31.828974],[-58.123628,-31.828112],[-58.120347,-31.827308],[-58.117594,-31.826466],[-58.11496,-31.825918],[-58.112217,-31.825479],[-58.109886,-31.824903],[-58.105373,-31.824554],[-58.102806,-31.824455],[-58.09959,-31.824444],[-58.09573,-31.824453],[-58.092834,-31.824362],[-58.090275,-31.824154],[-58.087753,-31.823814],[-58.085243,-31.823339],[-58.083069,-31.822803],[-58.080585,-31.822054],[-58.078613,-31.821331],[-58.076115,-31.820148],[-58.074322,-31.81904],[-58.072647,-31.817698],[-58.071114,-31.816011],[-58.069981,-31.814325],[-58.068615,-31.812056],[-58.067375,-31.809761],[-58.065792,-31.806488],[-58.064671,-31.803963],[-58.063478,-31.800182],[-58.062407,-31.796375],[-58.06065,-31.791466],[-58.059443,-31.787845],[-58.057139,-31.783566],[-58.053147,-31.776875],[-58.049342,-31.770497],[-58.04587,-31.763657],[-58.043944,-31.758309],[-58.041928,-31.750157],[-58.041111,-31.744265],[-58.04004,-31.739506],[-58.038706,-31.734961],[-58.037719,-31.732437],[-58.036292,-31.728378],[-58.035616,-31.726799],[-58.046155,-31.725678],[-58.046609,-31.725664],[-58.046829,-31.725677],[-58.047169,-31.725735],[-58.047506,-31.725834],[-58.047676,-31.725899],[-58.04802,-31.726074],[-58.048234,-31.726209],[-58.048366,-31.726299],[-58.048611,-31.726498],[-58.048781,-31.726653],[-58.048889,-31.726765],[-58.049087,-31.726994],[-58.049358,-31.727351],[-58.049526,-31.727605],[-58.049835,-31.728126],[-58.049919,-31.728327],[-58.049947,-31.728499],[-58.049953,-31.728675],[-58.049937,-31.729035],[-58.049931,-31.7293],[-58.049946,-31.729467],[-58.050011,-31.729668],[-58.050121,-31.72983],[-58.050221,-31.729937],[-58.050441,-31.730148],[-58.05067,-31.730346],[-58.050827,-31.730469],[-58.051162,-31.730707],[-58.051577,-31.730967],[-58.05251,-31.731507],[-58.052701,-31.731587],[-58.053306,-31.731781],[-58.0536,-31.731901],[-58.053794,-31.732025],[-58.053917,-31.732134],[-58.054077,-31.732338],[-58.054181,-31.732513],[-58.054243,-31.732651],[-58.054332,-31.732947],[-58.054382,-31.733156],[-58.054459,-31.733577],[-58.054518,-31.733899],[-58.054592,-31.734204],[-58.054645,-31.73435],[-58.054738,-31.73457],[-58.054936,-31.734861],[-58.055429,-31.735402],[-58.055686,-31.735655],[-58.056111,-31.736032],[-58.056407,-31.736269],[-58.056567,-31.736383],[-58.056816,-31.736555],[-58.057137,-31.736752],[-58.057354,-31.736877],[-58.05779,-31.73711],[-58.058011,-31.737218],[-58.058464,-31.737415],[-58.058918,-31.737591],[-58.059231,-31.737697],[-58.059869,-31.737884],[-58.060425,-31.738014],[-58.060814,-31.738083],[-58.061065,-31.738115],[-58.061589,-31.738172],[-58.061986,-31.738192],[-58.062244,-31.738197],[-58.062773,-31.738191],[-58.063043,-31.738179],[-58.063561,-31.738131],[-58.063792,-31.738104],[-58.06426,-31.738028],[-58.064597,-31.737964],[-58.065105,-31.73784],[-58.065597,-31.737693],[-58.065841,-31.737612],[-58.066189,-31.737459],[-58.066524,-31.737292],[-58.06668,-31.737194],[-58.066976,-31.736972],[-58.067109,-31.736851],[-58.067296,-31.736642],[-58.067489,-31.736388],[-58.067609,-31.736213],[-58.067825,-31.73587],[-58.068105,-31.73535],[-58.068269,-31.734996],[-58.068576,-31.734274],[-58.069173,-31.732843],[-58.069443,-31.73212],[-58.069679,-31.731391],[-58.069778,-31.731021],[-58.069856,-31.7307],[-58.069979,-31.730056],[-58.070072,-31.729412],[-58.070222,-31.728112],[-58.070342,-31.72714],[-58.070418,-31.726652],[-58.070462,-31.726375],[-58.070534,-31.725819],[-58.070634,-31.725413],[-58.07074,-31.725147],[-58.070813,-31.725015],[-58.071012,-31.724748],[-58.071137,-31.724627],[-58.071372,-31.724461],[-58.071575,-31.724356],[-58.071742,-31.72429],[-58.072087,-31.724182],[-58.072452,-31.724106],[-58.073201,-31.723991],[-58.073575,-31.723934],[-58.073754,-31.723896],[-58.074016,-31.72382],[-58.074387,-31.723673],[-58.074653,-31.72353],[-58.075187,-31.723231],[-58.075538,-31.723024],[-58.076237,-31.722601],[-58.076764,-31.722297],[-58.077308,-31.722012],[-58.077587,-31.721879],[-58.078018,-31.721697],[-58.07927,-31.721224],[-58.081791,-31.720308],[-58.082908,-31.71991],[-58.083661,-31.719656],[-58.085154,-31.71916],[-58.08533,-31.719117],[-58.085564,-31.719085],[-58.085774,-31.719094],[-58.086086,-31.719169],[-58.086396,-31.719329],[-58.086613,-31.719513],[-58.08674,-31.719653],[-58.086904,-31.719885],[-58.086986,-31.720077],[-58.087034,-31.720218],[-58.087082,-31.720508],[-58.087098,-31.720702],[-58.087101,-31.72109],[-58.087109,-31.721383],[-58.087131,-31.721613],[-58.08717,-31.722065],[-58.087189,-31.722412],[-58.087181,-31.722763],[-58.087162,-31.722929],[-58.087096,-31.723273],[-58.087043,-31.723437],[-58.08693,-31.723681],[-58.086788,-31.723923],[-58.086685,-31.724076],[-58.086467,-31.724365],[-58.086349,-31.724509],[-58.086105,-31.724779],[-58.085841,-31.725039],[-58.085316,-31.72555],[-58.084927,-31.725944],[-58.084745,-31.726149],[-58.084485,-31.726476],[-58.084248,-31.726787],[-58.083775,-31.727412],[-58.083436,-31.727885],[-58.083122,-31.728359],[-58.082977,-31.728601],[-58.082805,-31.728914],[-58.082731,-31.729078],[-58.082634,-31.729313],[-58.082499,-31.729767],[-58.082487,-31.729956],[-58.082528,-31.730272],[-58.082612,-31.730528],[-58.082702,-31.73072],[-58.082768,-31.730853],[-58.082923,-31.731107],[-58.083195,-31.731491],[-58.083789,-31.732261],[-58.083942,-31.732461],[-58.084224,-31.732854],[-58.084446,-31.733138],[-58.084685,-31.733394],[-58.084811,-31.733507],[-58.085098,-31.733712],[-58.085267,-31.733795],[-58.085533,-31.733895],[-58.085898,-31.733968],[-58.086338,-31.733972],[-58.086632,-31.733942],[-58.086921,-31.7339],[-58.087512,-31.733787],[-58.087947,-31.733714],[-58.088164,-31.733695],[-58.088496,-31.733695],[-58.08888,-31.733719],[-58.089646,-31.733811],[-58.090365,-31.733861],[-58.090651,-31.733882],[-58.09087,-31.733885],[-58.091084,-31.733867],[-58.091333,-31.7338],[-58.091511,-31.733717],[-58.091667,-31.73361],[-58.091778,-31.733497],[-58.091858,-31.73337],[-58.091916,-31.733183],[-58.091919,-31.733021],[-58.091893,-31.732858],[-58.091794,-31.732544],[-58.091221,-31.731135],[-58.090904,-31.730249],[-58.090767,-31.729803],[-58.090701,-31.729503],[-58.090672,-31.729353],[-58.090642,-31.729033],[-58.090653,-31.728821],[-58.090726,-31.728491],[-58.090827,-31.72822],[-58.090927,-31.728022],[-58.091005,-31.727894],[-58.091171,-31.727631],[-58.09145,-31.727245],[-58.092065,-31.726472],[-58.092246,-31.726231],[-58.092609,-31.72575],[-58.092885,-31.725401],[-58.093181,-31.725083],[-58.093333,-31.724941],[-58.093662,-31.724697],[-58.093833,-31.724609],[-58.09411,-31.724507],[-58.0943,-31.724483],[-58.094513,-31.724496],[-58.094835,-31.724589],[-58.095108,-31.724708],[-58.095295,-31.7248],[-58.095653,-31.724999],[-58.095909,-31.725139],[-58.096246,-31.725341],[-58.096881,-31.72578],[-58.097202,-31.725981],[-58.097449,-31.726099],[-58.097737,-31.726133],[-58.097985,-31.726129],[-58.098167,-31.726118],[-58.098343,-31.726124],[-58.098546,-31.726177],[-58.098752,-31.726307],[-58.098885,-31.726438],[-58.099059,-31.726674],[-58.09937,-31.727177],[-58.099542,-31.727413],[-58.099748,-31.727606],[-58.099881,-31.727678],[-58.100166,-31.727766],[-58.100413,-31.727816],[-58.100606,-31.727855],[-58.100783,-31.727898],[-58.100984,-31.727986],[-58.10112,-31.728104],[-58.101203,-31.728233],[-58.101277,-31.728376],[-58.101402,-31.728687],[-58.101504,-31.728907],[-58.10159,-31.729032],[-58.101726,-31.729154],[-58.101891,-31.729214],[-58.102314,-31.729276],[-58.103179,-31.729354],[-58.103606,-31.729402],[-58.103826,-31.729433],[-58.104175,-31.729496],[-58.104876,-31.729635],[-58.105412,-31.729715],[-58.105777,-31.729742],[-58.106026,-31.729752],[-58.106514,-31.729748],[-58.107132,-31.729763],[-58.107361,-31.729817],[-58.10754,-31.729869],[-58.107804,-31.729906],[-58.107967,-31.729867],[-58.108178,-31.729695],[-58.108227,-31.729517],[-58.108218,-31.729341],[-58.108181,-31.729146],[-58.108063,-31.728736],[-58.107989,-31.728436],[-58.107993,-31.728166],[-58.108055,-31.727993],[-58.108169,-31.727768],[-58.108578,-31.727117],[-58.108758,-31.726787],[-58.108817,-31.726618],[-58.108852,-31.726403],[-58.108838,-31.726227],[-58.108792,-31.726041],[-58.108653,-31.725675],[-58.108557,-31.725397],[-58.108498,-31.72512],[-58.108504,-31.724859],[-58.108559,-31.724726],[-58.108669,-31.724622],[-58.108827,-31.724538],[-58.109184,-31.724394],[-58.109409,-31.724273],[-58.109515,-31.724119],[-58.109532,-31.723944],[-58.109515,-31.723808],[-58.10946,-31.723518],[-58.109428,-31.723314],[-58.109506,-31.723038],[-58.109767,-31.722877],[-58.110093,-31.722741],[-58.110425,-31.722632],[-58.110652,-31.722574],[-58.111118,-31.722474],[-58.111545,-31.722414],[-58.112408,-31.72233],[-58.112836,-31.72227],[-58.113043,-31.722224],[-58.113408,-31.722099],[-58.113686,-31.721974],[-58.11409,-31.721756],[-58.114864,-31.721263],[-58.11526,-31.721031],[-58.115466,-31.720922],[-58.115784,-31.720785],[-58.115945,-31.720729],[-58.116279,-31.720638],[-58.116635,-31.72058],[-58.116868,-31.720552],[-58.117299,-31.720528],[-58.117507,-31.720577],[-58.117679,-31.720665],[-58.117843,-31.720788],[-58.118165,-31.721084],[-58.118404,-31.721296],[-58.118569,-31.721415],[-58.11877,-31.721503],[-58.11903,-31.721509],[-58.11924,-31.721413],[-58.119412,-31.721312],[-58.119678,-31.72116],[-58.119855,-31.721099],[-58.120548,-31.720982],[-58.120906,-31.720942],[-58.121453,-31.720899],[-58.121999,-31.720889],[-58.122264,-31.720904],[-58.122726,-31.720935],[-58.122959,-31.720957],[-58.123304,-31.721015],[-58.123634,-31.7211],[-58.123799,-31.721165],[-58.124112,-31.721317],[-58.12426,-31.721412],[-58.124482,-31.721592],[-58.124606,-31.721741],[-58.124696,-31.721938],[-58.124723,-31.722078],[-58.124742,-31.722214],[-58.124748,-31.722493],[-58.124782,-31.722801],[-58.124841,-31.722943],[-58.124973,-31.723177],[-58.12527,-31.723643],[-58.125473,-31.723998],[-58.125576,-31.724281],[-58.125619,-31.724517],[-58.125638,-31.724756],[-58.125649,-31.725252],[-58.125672,-31.725622],[-58.125756,-31.725981],[-58.125828,-31.726154],[-58.125983,-31.726408],[-58.126214,-31.726673],[-58.126377,-31.726837],[-58.126493,-31.726936],[-58.126736,-31.727121],[-58.126927,-31.72725],[-58.12706,-31.727327],[-58.127334,-31.727468],[-58.127478,-31.727528],[-58.12777,-31.727642],[-58.128071,-31.727735],[-58.128274,-31.727783],[-58.128693,-31.727862],[-58.129097,-31.727909],[-58.129367,-31.727933],[-58.12991,-31.727963],[-58.130181,-31.727969],[-58.130721,-31.727963],[-58.131259,-31.727952],[-58.132343,-31.727885],[-58.133413,-31.727818],[-58.133944,-31.727775],[-58.134474,-31.72771],[-58.13474,-31.727666],[-58.135094,-31.727594],[-58.135265,-31.727547],[-58.135527,-31.727467],[-58.135922,-31.727324],[-58.136147,-31.727211],[-58.136373,-31.727067],[-58.136535,-31.726929],[-58.136646,-31.726825],[-58.13684,-31.726594],[-58.137024,-31.726344],[-58.137348,-31.725835],[-58.137437,-31.725658],[-58.137473,-31.725511],[-58.137492,-31.725358],[-58.137508,-31.725044],[-58.137529,-31.724806],[-58.137558,-31.724654],[-58.137634,-31.724463],[-58.137748,-31.724297],[-58.137874,-31.724198],[-58.138035,-31.724137],[-58.138253,-31.724149],[-58.138397,-31.724272],[-58.138536,-31.724439],[-58.138642,-31.72457],[-58.13876,-31.724682],[-58.138924,-31.72476],[-58.139114,-31.724768],[-58.139663,-31.724726],[-58.13982,-31.724754],[-58.140256,-31.724928],[-58.141117,-31.725339],[-58.141544,-31.725531],[-58.141763,-31.725621],[-58.141926,-31.725676],[-58.142269,-31.725762],[-58.142509,-31.725802],[-58.14299,-31.725875],[-58.14335,-31.725947],[-58.1437,-31.72605],[-58.143868,-31.726115],[-58.144177,-31.726294],[-58.144295,-31.726402],[-58.14443,-31.726605],[-58.144488,-31.726792],[-58.144523,-31.727041],[-58.14452,-31.727243],[-58.144469,-31.727556],[-58.144419,-31.727757],[-58.144265,-31.728197],[-58.144069,-31.72846],[-58.143879,-31.728668],[-58.143734,-31.728825],[-58.143551,-31.729061],[-58.143483,-31.729185],[-58.143444,-31.729395],[-58.143452,-31.729584],[-58.143487,-31.729774],[-58.143601,-31.73017],[-58.143669,-31.730466],[-58.143689,-31.730746],[-58.143669,-31.730884],[-58.143582,-31.73107],[-58.143438,-31.731222],[-58.143288,-31.73132],[-58.143128,-31.731399],[-58.142766,-31.73153],[-58.142487,-31.731627],[-58.142097,-31.731833],[-58.141934,-31.731966],[-58.141525,-31.732392],[-58.141361,-31.732601],[-58.141308,-31.732816],[-58.141357,-31.732984],[-58.14145,-31.733118],[-58.141559,-31.733248],[-58.141814,-31.733501],[-58.142129,-31.733779],[-58.142753,-31.73428],[-58.143061,-31.734539],[-58.14331,-31.734769],[-58.143499,-31.734988],[-58.143669,-31.735215],[-58.143989,-31.735691],[-58.144253,-31.736034],[-58.144397,-31.736189],[-58.144561,-31.736325],[-58.144717,-31.736417],[-58.144966,-31.736539],[-58.145493,-31.736744],[-58.145848,-31.736906],[-58.145996,-31.737001],[-58.146153,-31.737165],[-58.14626,-31.737336],[-58.14635,-31.737524],[-58.146516,-31.737935],[-58.146632,-31.738232],[-58.14672,-31.738411],[-58.146842,-31.738591],[-58.14701,-31.738715],[-58.147169,-31.738703],[-58.147311,-31.738591],[-58.147445,-31.738452],[-58.14785,-31.73791],[-58.147988,-31.737744],[-58.148178,-31.737584],[-58.148345,-31.73751],[-58.148929,-31.737419],[-58.149258,-31.737387],[-58.149775,-31.737357],[-58.150131,-31.737362],[-58.150312,-31.737373],[-58.150571,-31.737406],[-58.150902,-31.737468],[-58.151063,-31.737514],[-58.151282,-31.737599],[-58.151589,-31.737778],[-58.151765,-31.737946],[-58.151867,-31.738108],[-58.151947,-31.738291],[-58.152061,-31.738673],[-58.152149,-31.73896],[-58.152272,-31.739222],[-58.152446,-31.739435],[-58.152606,-31.739545],[-58.152828,-31.739671],[-58.153541,-31.740004],[-58.153881,-31.740188],[-58.154034,-31.740288],[-58.154259,-31.740468],[-58.154403,-31.7406],[-58.15467,-31.740871],[-58.154924,-31.741164],[-58.155414,-31.741768],[-58.155804,-31.742211],[-58.15609,-31.742492],[-58.156241,-31.742619],[-58.156482,-31.742804],[-58.156753,-31.742963],[-58.156891,-31.743031],[-58.15728,-31.743199],[-58.157539,-31.743294],[-58.158063,-31.743449],[-58.158328,-31.743513],[-58.158868,-31.743624],[-58.160493,-31.743884],[-58.161248,-31.744003],[-58.161632,-31.744049],[-58.162212,-31.744102],[-58.162795,-31.744134],[-58.163079,-31.744135],[-58.163655,-31.744112],[-58.163935,-31.744087],[-58.164474,-31.743968],[-58.164565,-31.743778],[-58.164599,-31.743527],[-58.164628,-31.74333],[-58.164677,-31.743156],[-58.164788,-31.743039],[-58.164936,-31.742982],[-58.165174,-31.742914],[-58.165421,-31.742865],[-58.165929,-31.742781],[-58.166294,-31.7427],[-58.166546,-31.742624],[-58.166793,-31.742471],[-58.166987,-31.742335],[-58.167129,-31.742241],[-58.167331,-31.742168],[-58.167516,-31.742202],[-58.167649,-31.742319],[-58.167754,-31.742476],[-58.167939,-31.74288],[-58.168103,-31.743169],[-58.168202,-31.743286],[-58.168532,-31.743577],[-58.16872,-31.743711],[-58.169036,-31.743862],[-58.169303,-31.743944],[-58.169475,-31.743982],[-58.169831,-31.744036],[-58.170009,-31.744052],[-58.170364,-31.74407],[-58.170719,-31.74407],[-58.171422,-31.744034],[-58.171594,-31.744018],[-58.171937,-31.743959],[-58.172978,-31.743737],[-58.173324,-31.743683],[-58.173501,-31.743667],[-58.173754,-31.743654],[-58.17392,-31.743661],[-58.174247,-31.7437],[-58.174464,-31.74374],[-58.174899,-31.743833],[-58.175227,-31.743908],[-58.175556,-31.743961],[-58.175721,-31.743976],[-58.175968,-31.74399],[-58.17625,-31.743988],[-58.176823,-31.74396],[-58.178539,-31.743831],[-58.179393,-31.743787],[-58.179828,-31.743777],[-58.180494,-31.743788],[-58.180935,-31.743814],[-58.181827,-31.743879],[-58.182091,-31.743925],[-58.182303,-31.743992],[-58.182517,-31.744081],[-58.182931,-31.744277],[-58.183238,-31.744401],[-58.183438,-31.744458],[-58.183682,-31.744481],[-58.183902,-31.744449],[-58.184203,-31.744334],[-58.184512,-31.744166],[-58.184754,-31.744017],[-58.18493,-31.743889],[-58.185265,-31.743613],[-58.185481,-31.743419],[-58.185905,-31.743012],[-58.186035,-31.742886],[-58.186223,-31.742713],[-58.186398,-31.742549],[-58.186715,-31.742219],[-58.187598,-31.741199],[-58.187905,-31.740864],[-58.188072,-31.740699],[-58.188332,-31.740456],[-58.188527,-31.740293],[-58.188659,-31.740199],[-58.188937,-31.740011],[-58.189084,-31.739922],[-58.189384,-31.739767],[-58.189689,-31.739625],[-58.189899,-31.739534],[-58.190396,-31.739351],[-58.190559,-31.739321],[-58.190834,-31.7393],[-58.191059,-31.739317],[-58.191409,-31.73938],[-58.191643,-31.739443],[-58.192115,-31.739582],[-58.19247,-31.73969],[-58.192642,-31.739733],[-58.192994,-31.739791],[-58.19316,-31.739802],[-58.193408,-31.739793],[-58.193573,-31.739763],[-58.193768,-31.739699],[-58.193936,-31.739619],[-58.194245,-31.739456],[-58.194539,-31.73926],[-58.19472,-31.739118],[-58.194836,-31.739019],[-58.195069,-31.738798],[-58.195252,-31.738616],[-58.195582,-31.738241],[-58.195884,-31.737865],[-58.196071,-31.737607],[-58.196422,-31.737075],[-58.196536,-31.736863],[-58.196599,-31.736717],[-58.196678,-31.736414],[-58.196736,-31.73611],[-58.196792,-31.735477],[-58.19683,-31.735159],[-58.196862,-31.734994],[-58.196941,-31.734677],[-58.196999,-31.734522],[-58.197109,-31.734287],[-58.197351,-31.733945],[-58.197582,-31.733702],[-58.197887,-31.733457],[-58.198102,-31.733316],[-58.198311,-31.733203],[-58.198451,-31.73314],[-58.198714,-31.733047],[-58.198905,-31.733063],[-58.199043,-31.733158],[-58.19918,-31.733307],[-58.199455,-31.733687],[-58.199678,-31.733975],[-58.199833,-31.734133],[-58.20004,-31.734258],[-58.20025,-31.734271],[-58.201935,-31.73392],[-58.203953,-31.733546],[-58.204963,-31.733382],[-58.205974,-31.733231],[-58.206589,-31.733159],[-58.206799,-31.733163],[-58.207034,-31.733216],[-58.207209,-31.733286],[-58.207373,-31.733373],[-58.207668,-31.733578],[-58.207892,-31.73378],[-58.20811,-31.734004],[-58.208541,-31.73448],[-58.20886,-31.734839],[-58.209183,-31.735166],[-58.209346,-31.735312],[-58.209611,-31.735493],[-58.20979,-31.735589],[-58.210023,-31.73567],[-58.210457,-31.735727],[-58.210695,-31.735727],[-58.211052,-31.735691],[-58.211389,-31.7356],[-58.211539,-31.735538],[-58.211709,-31.735423],[-58.211823,-31.735306],[-58.211922,-31.735175],[-58.212089,-31.734888],[-58.212226,-31.734677],[-58.212462,-31.734398],[-58.212742,-31.734228],[-58.212981,-31.734143],[-58.213242,-31.734081],[-58.213521,-31.734046],[-58.213726,-31.73404],[-58.213894,-31.734065],[-58.214084,-31.734144],[-58.214238,-31.73424],[-58.214458,-31.734406],[-58.214909,-31.734814],[-58.215244,-31.735097],[-58.215585,-31.73529],[-58.215759,-31.735332],[-58.216018,-31.735315],[-58.216206,-31.73525],[-58.21659,-31.735098],[-58.216966,-31.734919],[-58.217735,-31.734511],[-58.218129,-31.734319],[-58.218323,-31.734231],[-58.218624,-31.734112],[-58.219703,-31.733734],[-58.220258,-31.733543],[-58.220817,-31.733384],[-58.221097,-31.733309],[-58.221649,-31.733181],[-58.221923,-31.733129],[-58.222328,-31.733076],[-58.222516,-31.733074],[-58.222708,-31.733113],[-58.222979,-31.733222],[-58.223202,-31.733357],[-58.223886,-31.733833],[-58.224231,-31.734035],[-58.224411,-31.734109],[-58.22469,-31.734169],[-58.225335,-31.734225],[-58.225674,-31.734237],[-58.226174,-31.734247],[-58.226684,-31.73423],[-58.22694,-31.734222],[-58.227443,-31.734169],[-58.2277,-31.734142],[-58.228066,-31.73408],[-58.229766,-31.733765],[-58.230612,-31.733585],[-58.23117,-31.733444],[-58.231445,-31.733369],[-58.23185,-31.73324],[-58.232379,-31.733044],[-58.232634,-31.732936],[-58.233013,-31.732752],[-58.233379,-31.732545],[-58.233558,-31.732435],[-58.233804,-31.732273],[-58.234268,-31.731953],[-58.234717,-31.731619],[-58.235608,-31.730941],[-58.236526,-31.730241],[-58.236972,-31.729866],[-58.2372,-31.729623],[-58.237415,-31.729288],[-58.237527,-31.729054],[-58.237619,-31.728814],[-58.237778,-31.728325],[-58.237817,-31.728133],[-58.237812,-31.727975],[-58.237788,-31.727817],[-58.237723,-31.72749],[-58.237683,-31.72725],[-58.237675,-31.727092],[-58.237693,-31.726899],[-58.237754,-31.726735],[-58.237832,-31.726612],[-58.238015,-31.72638],[-58.238229,-31.726163],[-58.238674,-31.725747],[-58.238888,-31.725535],[-58.238988,-31.725421],[-58.239115,-31.72525],[-58.239236,-31.725061],[-58.239453,-31.724673],[-58.24007,-31.723476],[-58.240283,-31.723084],[-58.240398,-31.72289],[-58.24064,-31.722534],[-58.24076,-31.722399],[-58.241185,-31.722028],[-58.241469,-31.721719],[-58.24165,-31.721424],[-58.241768,-31.721176],[-58.241916,-31.720808],[-58.241997,-31.720559],[-58.242139,-31.72006],[-58.242217,-31.719721],[-58.242244,-31.719551],[-58.242234,-31.719289],[-58.242051,-31.71894],[-58.241784,-31.718714],[-58.241439,-31.718498],[-58.241192,-31.718386],[-58.240455,-31.71807],[-58.240207,-31.71798],[-58.239679,-31.717807],[-58.239483,-31.717714],[-58.239369,-31.717584],[-58.239414,-31.71741],[-58.23954,-31.717279],[-58.239674,-31.717167],[-58.239868,-31.717039],[-58.24002,-31.716955],[-58.24035,-31.716783],[-58.240712,-31.716607],[-58.24145,-31.716275],[-58.241944,-31.71605],[-58.242604,-31.715755],[-58.242927,-31.715619],[-58.243424,-31.715435],[-58.243912,-31.715268],[-58.244155,-31.715192],[-58.244652,-31.715057],[-58.2449,-31.714994],[-58.245272,-31.714918],[-58.245764,-31.714829],[-58.246022,-31.714793],[-58.246395,-31.714749],[-58.247093,-31.714703],[-58.247367,-31.71474],[-58.247555,-31.714774],[-58.247924,-31.714873],[-58.248199,-31.714947],[-58.248611,-31.71503],[-58.248824,-31.715042],[-58.249032,-31.715036],[-58.249437,-31.715006],[-58.24971,-31.714976],[-58.25025,-31.714906],[-58.250656,-31.714849],[-58.251273,-31.714791],[-58.251579,-31.71478],[-58.251737,-31.714782],[-58.252051,-31.714816],[-58.252265,-31.714846],[-58.25269,-31.71493],[-58.253006,-31.714996],[-58.253322,-31.715034],[-58.253482,-31.715049],[-58.253719,-31.715049],[-58.254066,-31.715017],[-58.254466,-31.714915],[-58.254726,-31.714821],[-58.254985,-31.7147],[-58.255156,-31.714603],[-58.255504,-31.714386],[-58.255683,-31.714245],[-58.255801,-31.714141],[-58.256004,-31.713928],[-58.256095,-31.713814],[-58.256251,-31.713586],[-58.256376,-31.713365],[-58.256467,-31.71313],[-58.256522,-31.712921],[-58.256466,-31.712779],[-58.256328,-31.712648],[-58.256116,-31.712523],[-58.255946,-31.712444],[-58.255575,-31.712291],[-58.255149,-31.712109],[-58.254799,-31.711911],[-58.254672,-31.711803],[-58.254571,-31.711623],[-58.254512,-31.711292],[-58.254497,-31.711107],[-58.254501,-31.710819],[-58.254528,-31.710514],[-58.254559,-31.710367],[-58.254642,-31.710073],[-58.254705,-31.709931],[-58.254817,-31.709737],[-58.255024,-31.709447],[-58.255134,-31.709312],[-58.25531,-31.709116],[-58.255603,-31.708843],[-58.255932,-31.708594],[-58.256108,-31.708484],[-58.256351,-31.708371],[-58.25663,-31.708283],[-58.256859,-31.708233],[-58.257224,-31.708188],[-58.257465,-31.708174],[-58.257961,-31.708157],[-58.25851,-31.708128],[-58.258862,-31.708082],[-58.259038,-31.708048],[-58.259276,-31.707972],[-58.259617,-31.7078],[-58.259767,-31.707702],[-58.260041,-31.707487],[-58.260295,-31.707258],[-58.260456,-31.707097],[-58.260556,-31.706984],[-58.26075,-31.706752],[-58.260883,-31.706559],[-58.261096,-31.706153],[-58.261293,-31.705863],[-58.261588,-31.7055],[-58.261752,-31.705326],[-58.262002,-31.705079],[-58.262269,-31.704841],[-58.262409,-31.70473],[-58.26271,-31.704511],[-58.262876,-31.704405],[-58.263131,-31.704252],[-58.263439,-31.704102],[-58.263686,-31.704012],[-58.264068,-31.703909],[-58.264328,-31.703855],[-58.264847,-31.703762],[-58.265137,-31.703742],[-58.265373,-31.703764],[-58.265616,-31.7038],[-58.266106,-31.703913],[-58.266465,-31.703985],[-58.266824,-31.704029],[-58.267003,-31.704023],[-58.267261,-31.703974],[-58.267463,-31.703878],[-58.267649,-31.703691],[-58.267749,-31.703542],[-58.268012,-31.703038],[-58.268163,-31.70281],[-58.268356,-31.702637],[-58.268539,-31.702553],[-58.26881,-31.702469],[-58.269707,-31.702282],[-58.270137,-31.702149],[-58.270337,-31.702057],[-58.270491,-31.701969],[-58.270791,-31.701768],[-58.271068,-31.701553],[-58.271244,-31.701407],[-58.27156,-31.701103],[-58.27173,-31.700862],[-58.271812,-31.70064],[-58.27188,-31.700386],[-58.271957,-31.699857],[-58.272018,-31.69949],[-58.272121,-31.699175],[-58.272199,-31.699047],[-58.272361,-31.698913],[-58.272541,-31.698898],[-58.272682,-31.69897],[-58.272811,-31.699065],[-58.273231,-31.699459],[-58.273573,-31.699715],[-58.273749,-31.699784],[-58.274471,-31.699937],[-58.274849,-31.700005],[-58.275223,-31.700046],[-58.27541,-31.700058],[-58.275784,-31.700058],[-58.275963,-31.700042],[-58.276234,-31.699994],[-58.27663,-31.699882],[-58.276818,-31.699804],[-58.277073,-31.699651],[-58.277211,-31.699526],[-58.277329,-31.699332],[-58.27739,-31.699127],[-58.277412,-31.698993],[-58.277424,-31.698719],[-58.277412,-31.698583],[-58.277371,-31.698307],[-58.277305,-31.698039],[-58.277138,-31.697492],[-58.277022,-31.697078],[-58.276977,-31.696874],[-58.276943,-31.696567],[-58.276913,-31.695818],[-58.2769,-31.695444],[-58.276921,-31.694877],[-58.276956,-31.694505],[-58.276986,-31.694313],[-58.277092,-31.693938],[-58.277252,-31.693809],[-58.277519,-31.693725],[-58.277774,-31.693684],[-58.278053,-31.693632],[-58.278222,-31.69358],[-58.27839,-31.693487],[-58.278485,-31.693369],[-58.278752,-31.692717],[-58.279137,-31.691943],[-58.279392,-31.69148],[-58.279533,-31.691341],[-58.279705,-31.691221],[-58.28008,-31.691001],[-58.280254,-31.690886],[-58.280433,-31.690726],[-58.280495,-31.690593],[-58.280468,-31.690354],[-58.280379,-31.690085],[-58.280313,-31.68988],[-58.28028,-31.689689],[-58.280346,-31.689489],[-58.280511,-31.689356],[-58.28067,-31.689276],[-58.28086,-31.68922],[-58.281277,-31.689136],[-58.281586,-31.689067],[-58.281773,-31.689011],[-58.281982,-31.688897],[-58.282131,-31.688763],[-58.282338,-31.68846],[-58.282428,-31.688306],[-58.282563,-31.688076],[-58.282737,-31.687714],[-58.282874,-31.68735],[-58.282928,-31.687163],[-58.282964,-31.686925],[-58.282955,-31.686731],[-58.28292,-31.686541],[-58.282824,-31.686146],[-58.282776,-31.685851],[-58.282775,-31.685563],[-58.282806,-31.685425],[-58.282903,-31.685221],[-58.283099,-31.684976],[-58.283377,-31.684739],[-58.283584,-31.684607],[-58.283809,-31.684485],[-58.28437,-31.684222],[-58.284581,-31.684162],[-58.28524,-31.684083],[-58.285561,-31.683982],[-58.285831,-31.683808],[-58.286022,-31.683612],[-58.28618,-31.68342],[-58.286313,-31.683186],[-58.286392,-31.682919],[-58.286324,-31.682795],[-58.286115,-31.682567],[-58.286039,-31.682357],[-58.286124,-31.68218],[-58.286239,-31.682044],[-58.286449,-31.681845],[-58.286923,-31.681475],[-58.287224,-31.681194],[-58.287327,-31.681045],[-58.28744,-31.680824],[-58.287492,-31.68069],[-58.28752,-31.680498],[-58.28746,-31.680338],[-58.287312,-31.680247],[-58.287007,-31.680182],[-58.286695,-31.680166],[-58.286431,-31.680178],[-58.286221,-31.68022],[-58.28601,-31.680275],[-58.28559,-31.680399],[-58.285266,-31.68045],[-58.284952,-31.68043],[-58.284799,-31.680384],[-58.284637,-31.680306],[-58.28448,-31.680178],[-58.284371,-31.680039],[-58.284294,-31.679798],[-58.284275,-31.679603],[-58.284291,-31.679392],[-58.284339,-31.679218],[-58.284421,-31.67905],[-58.284617,-31.678711],[-58.284759,-31.678455],[-58.284831,-31.678287],[-58.284881,-31.678072],[-58.28487,-31.677883],[-58.284788,-31.677691],[-58.284679,-31.677547],[-58.284541,-31.677416],[-58.284217,-31.677156],[-58.283977,-31.676967],[-58.283833,-31.676836],[-58.283687,-31.676655],[-58.283611,-31.676486],[-58.283578,-31.676205],[-58.283603,-31.676071],[-58.283693,-31.675867],[-58.283871,-31.675469],[-58.284078,-31.675076],[-58.284225,-31.674811],[-58.284546,-31.674296],[-58.28497,-31.673623],[-58.285214,-31.673317],[-58.285515,-31.67304],[-58.285698,-31.672925],[-58.286018,-31.672784],[-58.286416,-31.672677],[-58.286689,-31.672628],[-58.286964,-31.672598],[-58.287522,-31.672556],[-58.287937,-31.672521],[-58.288144,-31.672493],[-58.288447,-31.672428],[-58.288941,-31.672302],[-58.289189,-31.672226],[-58.289542,-31.672063],[-58.289726,-31.671926],[-58.289895,-31.671707],[-58.289966,-31.671552],[-58.290008,-31.671396],[-58.290028,-31.671203],[-58.289987,-31.671035],[-58.289844,-31.670895],[-58.289719,-31.670809],[-58.289414,-31.67064],[-58.289182,-31.670501],[-58.289044,-31.670406],[-58.288901,-31.670265],[-58.288827,-31.670128],[-58.288743,-31.669809],[-58.288711,-31.669655],[-58.288681,-31.66942],[-58.28867,-31.669014],[-58.288675,-31.668816],[-58.288703,-31.668516],[-58.288765,-31.66823],[-58.288803,-31.668092],[-58.288874,-31.667887],[-58.289021,-31.667586],[-58.289199,-31.667296],[-58.289304,-31.667151],[-58.289494,-31.666924],[-58.289623,-31.66678],[-58.289905,-31.666511],[-58.29005,-31.666391],[-58.290357,-31.666159],[-58.290676,-31.665941],[-58.290899,-31.665805],[-58.291443,-31.665492],[-58.291786,-31.665383],[-58.292075,-31.665331],[-58.292293,-31.66529],[-58.292591,-31.665188],[-58.292789,-31.665056],[-58.292911,-31.664934],[-58.293016,-31.664794],[-58.293209,-31.664508],[-58.293464,-31.664216],[-58.293977,-31.663798],[-58.29424,-31.663601],[-58.29454,-31.663446],[-58.294696,-31.663379],[-58.296542,-31.662772],[-58.300593,-31.661422],[-58.315578,-31.689793],[-58.343618,-31.711201],[-58.347517,-31.708072],[-58.354701,-31.714029],[-58.360767,-31.72751],[-58.367647,-31.7464],[-58.429416,-31.740831],[-58.430534,-31.740625],[-58.430554,-31.740846],[-58.430584,-31.740996],[-58.430629,-31.741195],[-58.430641,-31.741443],[-58.4305,-31.741835],[-58.430427,-31.74199],[-58.430304,-31.742228],[-58.430162,-31.742453],[-58.429959,-31.742725],[-58.429704,-31.743026],[-58.42944,-31.743314],[-58.428878,-31.743861],[-58.428666,-31.744034],[-58.428514,-31.744136],[-58.428173,-31.744322],[-58.427819,-31.744489],[-58.427344,-31.74472],[-58.42712,-31.744838],[-58.42691,-31.744975],[-58.426677,-31.745169],[-58.4266,-31.745333],[-58.426613,-31.745545],[-58.426685,-31.745691],[-58.426808,-31.745822],[-58.427115,-31.746054],[-58.427345,-31.746201],[-58.427662,-31.746393],[-58.42781,-31.746497],[-58.428012,-31.746671],[-58.428424,-31.747199],[-58.428573,-31.747425],[-58.428783,-31.747771],[-58.428955,-31.748119],[-58.429023,-31.748293],[-58.429094,-31.74852],[-58.429138,-31.748797],[-58.429137,-31.749035],[-58.429081,-31.749204],[-58.42896,-31.749371],[-58.428821,-31.74951],[-58.428582,-31.749704],[-58.428261,-31.749972],[-58.428119,-31.750115],[-58.428012,-31.750269],[-58.427936,-31.750473],[-58.427684,-31.751995],[-58.427482,-31.753217],[-58.427399,-31.753403],[-58.427228,-31.753555],[-58.427039,-31.753647],[-58.426696,-31.753756],[-58.426208,-31.753892],[-58.425972,-31.753969],[-58.425761,-31.75407],[-58.425548,-31.754237],[-58.425457,-31.75436],[-58.425386,-31.754529],[-58.425392,-31.754664],[-58.425473,-31.754784],[-58.425713,-31.754995],[-58.425918,-31.75512],[-58.426201,-31.755301],[-58.426326,-31.755396],[-58.426502,-31.75556],[-58.426795,-31.755975],[-58.4269,-31.756146],[-58.42703,-31.756398],[-58.427118,-31.756653],[-58.427158,-31.756952],[-58.42712,-31.757302],[-58.427005,-31.757658],[-58.426896,-31.757893],[-58.426806,-31.758047],[-58.426617,-31.758355],[-58.426464,-31.758526],[-58.426346,-31.75862],[-58.426067,-31.758781],[-58.425476,-31.759048],[-58.425298,-31.759146],[-58.425084,-31.759322],[-58.424966,-31.759512],[-58.424916,-31.759668],[-58.424858,-31.759985],[-58.42479,-31.760627],[-58.424743,-31.760837],[-58.424313,-31.762023],[-58.424099,-31.762556],[-58.423749,-31.763354],[-58.423676,-31.7635],[-58.423496,-31.763777],[-58.423103,-31.764317],[-58.422931,-31.764599],[-58.422821,-31.764856],[-58.422757,-31.765038],[-58.422662,-31.765413],[-58.422626,-31.765596],[-58.422589,-31.765978],[-58.422589,-31.766352],[-58.422611,-31.766596],[-58.422635,-31.766759],[-58.422696,-31.767076],[-58.422763,-31.767267],[-58.422828,-31.767396],[-58.422989,-31.767649],[-58.423182,-31.767895],[-58.423446,-31.76822],[-58.423564,-31.768386],[-58.423718,-31.768639],[-58.42378,-31.768772],[-58.423854,-31.769031],[-58.423879,-31.769167],[-58.423892,-31.769375],[-58.423874,-31.769577],[-58.423785,-31.769785],[-58.423583,-31.769981],[-58.423252,-31.770225],[-58.423108,-31.770355],[-58.423001,-31.7705],[-58.422666,-31.771852],[-58.422273,-31.772018],[-58.422097,-31.772057],[-58.421867,-31.772116],[-58.421596,-31.772215],[-58.421349,-31.772368],[-58.421024,-31.772604],[-58.420723,-31.772868],[-58.420535,-31.773054],[-58.420171,-31.773442],[-58.420036,-31.773604],[-58.419816,-31.773947],[-58.419753,-31.774156],[-58.419743,-31.774359],[-58.419681,-31.774555],[-58.419562,-31.774708],[-58.419353,-31.774885],[-58.419112,-31.775025],[-58.418945,-31.775104],[-58.418588,-31.775236],[-58.418393,-31.775283],[-58.417976,-31.77529],[-58.417411,-31.775261],[-58.417232,-31.775263],[-58.416984,-31.775313],[-58.416798,-31.775405],[-58.415253,-31.776068],[-58.414901,-31.776306],[-58.414616,-31.776429],[-58.414397,-31.776686],[-58.414274,-31.777028],[-58.414283,-31.777294],[-58.414214,-31.777647],[-58.414153,-31.77789],[-58.414093,-31.778375],[-58.414093,-31.778678],[-58.41379,-31.77892],[-58.413608,-31.779284],[-58.413426,-31.779587],[-58.413305,-31.77995],[-58.413244,-31.780496],[-58.412456,-31.780738],[-58.412214,-31.780738],[-58.411911,-31.78092],[-58.41185,-31.781344],[-58.41185,-31.781768],[-58.41185,-31.782193],[-58.411729,-31.782556],[-58.411608,-31.78292],[-58.411365,-31.783283],[-58.411062,-31.783465],[-58.410638,-31.783465],[-58.410517,-31.783829],[-58.410396,-31.784071],[-58.410214,-31.784435],[-58.40979,-31.784495],[-58.409669,-31.784677],[-58.409366,-31.784859],[-58.409487,-31.785162],[-58.409426,-31.785586],[-58.409184,-31.78595],[-58.40882,-31.786253],[-58.408517,-31.786617],[-58.408396,-31.78692],[-58.408457,-31.787404],[-58.408335,-31.788253],[-58.408578,-31.788798],[-58.408578,-31.789344],[-58.408457,-31.789647],[-58.408517,-31.790071],[-58.408396,-31.790616],[-58.408093,-31.791162],[-58.407608,-31.791889],[-58.407305,-31.792313],[-58.407063,-31.792737],[-58.406699,-31.793162],[-58.406396,-31.793525],[-58.406277,-31.794002],[-58.406301,-31.794213],[-58.406406,-31.794376],[-58.40682,-31.794434],[-58.4073,-31.794353],[-58.407457,-31.794487],[-58.407548,-31.794919],[-58.407729,-31.795283],[-58.407729,-31.795586],[-58.407669,-31.795949],[-58.407305,-31.796434],[-58.407002,-31.79704],[-58.40682,-31.797464],[-58.40676,-31.797889],[-58.406941,-31.798616],[-58.407184,-31.798858],[-58.407487,-31.799343],[-58.407305,-31.799464],[-58.406881,-31.799888],[-58.406154,-31.800191],[-58.405729,-31.800434],[-58.405366,-31.800737],[-58.405002,-31.801222],[-58.404699,-31.801646],[-58.404033,-31.801707],[-58.40373,-31.80201],[-58.403487,-31.802373],[-58.403184,-31.802676],[-58.402821,-31.80304],[-58.402518,-31.803585],[-58.401972,-31.803888],[-58.401245,-31.804191],[-58.401002,-31.804312],[-58.400518,-31.804555],[-58.400215,-31.804858],[-58.400154,-31.805343],[-58.400093,-31.805706],[-58.400093,-31.806191],[-58.400336,-31.806434],[-58.400518,-31.806737],[-58.400639,-31.807161],[-58.400699,-31.807524],[-58.400881,-31.80813],[-58.401043,-31.808548],[-58.400942,-31.809035],[-58.400648,-31.809422],[-58.400046,-31.809806],[-58.399866,-31.809622],[-58.39934,-31.809506],[-58.398978,-31.809473],[-58.398633,-31.809243],[-58.398172,-31.809375],[-58.398172,-31.80977],[-58.397697,-31.80989],[-58.39735,-31.809972],[-58.397008,-31.810064],[-58.396839,-31.81012],[-58.396683,-31.810178],[-58.396389,-31.81032],[-58.395809,-31.810628],[-58.395499,-31.810765],[-58.395045,-31.810938],[-58.394823,-31.811011],[-58.394475,-31.811102],[-58.394132,-31.811171],[-58.393959,-31.811191],[-58.39374,-31.811192],[-58.393304,-31.811122],[-58.392433,-31.810879],[-58.392143,-31.810824],[-58.391444,-31.810771],[-58.391163,-31.810757],[-58.390738,-31.810755],[-58.390321,-31.810767],[-58.390109,-31.810786],[-58.389687,-31.810838],[-58.389477,-31.810876],[-58.389165,-31.810954],[-58.388862,-31.811051],[-58.388714,-31.811114],[-58.388508,-31.811228],[-58.388328,-31.811352],[-58.388076,-31.81159],[-58.387898,-31.811827],[-58.387771,-31.812052],[-58.387711,-31.812194],[-58.387615,-31.812483],[-58.387584,-31.81263],[-58.387546,-31.812922],[-58.387531,-31.813209],[-58.387523,-31.813794],[-58.387562,-31.813971],[-58.387634,-31.814114],[-58.387748,-31.814307],[-58.38782,-31.814503],[-58.387805,-31.814647],[-58.387443,-31.815093],[-58.387246,-31.815284],[-58.387116,-31.815405],[-58.38685,-31.815621],[-58.386647,-31.815771],[-58.386237,-31.816053],[-58.385417,-31.816582],[-58.385002,-31.816873],[-58.383671,-31.817864],[-58.383511,-31.817917],[-58.383023,-31.817814],[-58.382863,-31.817799],[-58.382661,-31.817877],[-58.382502,-31.818043],[-58.382405,-31.818188],[-58.382297,-31.818404],[-58.382253,-31.818556],[-58.382203,-31.818865],[-58.382238,-31.819226],[-58.382335,-31.819712],[-58.382356,-31.81987],[-58.382348,-31.820135],[-58.382344,-31.820374],[-58.382295,-31.820669],[-58.382203,-31.820864],[-58.382099,-31.821],[-58.381967,-31.821112],[-58.381779,-31.821227],[-58.381623,-31.821293],[-58.381394,-31.821348],[-58.380925,-31.821335],[-58.380771,-31.821303],[-58.380454,-31.821206],[-58.37982,-31.820957],[-58.379502,-31.820833],[-58.379185,-31.820741],[-58.379031,-31.820708],[-58.378792,-31.820686],[-58.378621,-31.820684],[-58.378269,-31.820707],[-58.377579,-31.820759],[-58.377244,-31.820756],[-58.377025,-31.820707],[-58.376892,-31.820626],[-58.376647,-31.820396],[-58.376429,-31.820118],[-58.376149,-31.819757],[-58.376011,-31.819617],[-58.375865,-31.81953],[-58.375671,-31.81951],[-58.375396,-31.819576],[-58.375023,-31.819716],[-58.374675,-31.81987],[-58.374333,-31.820064],[-58.37417,-31.820171],[-58.373862,-31.820407],[-58.373722,-31.820537],[-58.373535,-31.820742],[-58.373349,-31.820969],[-58.373018,-31.821435],[-58.372718,-31.821896],[-58.372144,-31.82283],[-58.372008,-31.823059],[-58.371769,-31.823523],[-58.371455,-31.824147],[-58.371282,-31.82446],[-58.371079,-31.824763],[-58.370961,-31.824917],[-58.370673,-31.82523],[-58.370461,-31.825416],[-58.370305,-31.825532],[-58.369979,-31.825732],[-58.369724,-31.825871],[-58.36954,-31.825955],[-58.369172,-31.826099],[-58.368984,-31.826164],[-58.368596,-31.826276],[-58.368198,-31.826369],[-58.367935,-31.826423],[-58.367416,-31.826512],[-58.367183,-31.826531],[-58.367023,-31.826525],[-58.36671,-31.826495],[-58.36578,-31.826326],[-58.365475,-31.826302],[-58.365078,-31.826341],[-58.364915,-31.82638],[-58.364593,-31.826499],[-58.363959,-31.826769],[-58.36375,-31.826837],[-58.363433,-31.826902],[-58.36317,-31.826902],[-58.362958,-31.826858],[-58.36279,-31.826802],[-58.362548,-31.826685],[-58.362388,-31.826599],[-58.362082,-31.826394],[-58.36195,-31.82629],[-58.361752,-31.826044],[-58.361645,-31.825865],[-58.361503,-31.825634],[-58.361279,-31.825374],[-58.361023,-31.825216],[-58.36085,-31.825151],[-58.360624,-31.825089],[-58.360417,-31.825059],[-58.360123,-31.825075],[-58.359906,-31.825153],[-58.359764,-31.825238],[-58.359504,-31.82544],[-58.358991,-31.825885],[-58.358808,-31.826022],[-58.358245,-31.826362],[-58.358009,-31.826488],[-58.357762,-31.826578],[-58.357564,-31.826629],[-58.357261,-31.826636],[-58.356952,-31.826576],[-58.356646,-31.826474],[-58.35624,-31.826324],[-58.35603,-31.826249],[-58.355825,-31.826192],[-58.355568,-31.826151],[-58.355301,-31.826119],[-58.354934,-31.826079],[-58.354752,-31.826067],[-58.354476,-31.826066],[-58.35416,-31.826109],[-58.35394,-31.826182],[-58.353748,-31.826283],[-58.35356,-31.826442],[-58.353478,-31.826561],[-58.353378,-31.826819],[-58.353339,-31.82711],[-58.353317,-31.827496],[-58.353302,-31.827694],[-58.353259,-31.827868],[-58.35317,-31.828076],[-58.353043,-31.828234],[-58.352748,-31.828542],[-58.352322,-31.828946],[-58.352126,-31.829164],[-58.352021,-31.829317],[-58.351905,-31.829529],[-58.351837,-31.829716],[-58.351796,-31.829849],[-58.351726,-31.830103],[-58.351661,-31.830493],[-58.351627,-31.830748],[-58.351594,-31.83126],[-58.351598,-31.831549],[-58.351611,-31.831698],[-58.351651,-31.831911],[-58.351708,-31.832134],[-58.351769,-31.832284],[-58.351918,-31.83242],[-58.352146,-31.832492],[-58.352418,-31.832542],[-58.352765,-31.832609],[-58.353068,-31.832773],[-58.353131,-31.832992],[-58.353152,-31.833258],[-58.353157,-31.833528],[-58.353119,-31.834067],[-58.353115,-31.834418],[-58.353123,-31.83472],[-58.353118,-31.834878],[-58.353088,-31.835106],[-58.353043,-31.835262],[-58.352944,-31.835457],[-58.352804,-31.835627],[-58.352696,-31.835727],[-58.352448,-31.835875],[-58.352191,-31.835965],[-58.352013,-31.835994],[-58.351665,-31.83604],[-58.351441,-31.835987],[-58.351254,-31.835863],[-58.350887,-31.835561],[-58.35072,-31.835474],[-58.350509,-31.835534],[-58.350407,-31.835674],[-58.350232,-31.835956],[-58.349937,-31.836531],[-58.349788,-31.836809],[-58.349181,-31.837818],[-58.348866,-31.838315],[-58.348709,-31.838395],[-58.348523,-31.838375],[-58.348312,-31.838317],[-58.348041,-31.838249],[-58.34784,-31.838255],[-58.347538,-31.839541],[-58.347026,-31.841967],[-58.346921,-31.842161],[-58.34676,-31.842277],[-58.34644,-31.8424],[-58.345971,-31.842536],[-58.345759,-31.842614],[-58.345557,-31.842692],[-58.345135,-31.842807],[-58.344753,-31.842897],[-58.344566,-31.842953],[-58.344388,-31.843023],[-58.344136,-31.843167],[-58.343949,-31.843322],[-58.343796,-31.843532],[-58.343735,-31.843683],[-58.343696,-31.843983],[-58.343731,-31.8443],[-58.343815,-31.844722],[-58.343854,-31.844935],[-58.343867,-31.845147],[-58.343841,-31.845398],[-58.34364,-31.84621],[-58.343524,-31.846616],[-58.343257,-31.847466],[-58.343091,-31.847883],[-58.342957,-31.848148],[-58.342874,-31.848276],[-58.34274,-31.848464],[-58.342401,-31.848866],[-58.342164,-31.849123],[-58.341679,-31.849628],[-58.340222,-31.851128],[-58.338489,-31.851231],[-58.338324,-31.851251],[-58.337994,-31.851325],[-58.337353,-31.851522],[-58.337142,-31.851573],[-58.336915,-31.851587],[-58.336686,-31.851466],[-58.336539,-31.851343],[-58.336347,-31.851183],[-58.336159,-31.851095],[-58.335798,-31.851199],[-58.335488,-31.851368],[-58.335319,-31.851483],[-58.335163,-31.851644],[-58.335083,-31.851772],[-58.334988,-31.852669],[-58.334689,-31.854409],[-58.334546,-31.85453],[-58.334216,-31.854622],[-58.334091,-31.854752],[-58.334122,-31.854969],[-58.334156,-31.855146],[-58.334034,-31.855371],[-58.333809,-31.855579],[-58.333485,-31.855833],[-58.333328,-31.855967],[-58.333199,-31.856115],[-58.333065,-31.856331],[-58.332923,-31.856627],[-58.332763,-31.857035],[-58.332676,-31.857239],[-58.332568,-31.857438],[-58.332301,-31.857815],[-58.332194,-31.857947],[-58.332026,-31.858139],[-58.331757,-31.858403],[-58.331554,-31.858567],[-58.331281,-31.85875],[-58.331021,-31.858826],[-58.330838,-31.858797],[-58.330631,-31.858718],[-58.330467,-31.858621],[-58.330337,-31.858531],[-58.330083,-31.858333],[-58.329738,-31.858068],[-58.32957,-31.857949],[-58.329403,-31.857848],[-58.329157,-31.857754],[-58.328958,-31.857737],[-58.328789,-31.85779],[-58.328621,-31.857883],[-58.328296,-31.858091],[-58.327872,-31.858391],[-58.327659,-31.858536],[-58.327434,-31.858663],[-58.325017,-31.859731]]]}},{"type":"Feature","properties":{"departamento":"Colón","distrito":"Distrito 4°","techo_ha":11.3,"total_ha":168.61,"ep":395,"potencia_kwp":84302,"inversion_musd":59.0,"generacion_gwh":96.3,"co2_tn":42235},"geometry":{"type":"Polygon","coordinates":[[[-58.477832,-31.805613],[-58.478002,-31.805638],[-58.478183,-31.805658],[-58.478549,-31.805666],[-58.478914,-31.805647],[-58.479645,-31.805579],[-58.479903,-31.805525],[-58.480102,-31.805451],[-58.480309,-31.805364],[-58.480699,-31.805153],[-58.480988,-31.805014],[-58.481267,-31.804916],[-58.481545,-31.804886],[-58.481717,-31.804932],[-58.481769,-31.805105],[-58.481723,-31.805284],[-58.481536,-31.805714],[-58.481395,-31.806065],[-58.481338,-31.806378],[-58.48136,-31.806514],[-58.481495,-31.806671],[-58.482049,-31.807038],[-58.48233,-31.807174],[-58.48252,-31.807217],[-58.482759,-31.807194],[-58.483562,-31.80693],[-58.485166,-31.806379],[-58.486766,-31.805832],[-58.487564,-31.805527],[-58.487732,-31.805439],[-58.487889,-31.805309],[-58.488055,-31.80509],[-58.488173,-31.804878],[-58.488266,-31.804652],[-58.488415,-31.804198],[-58.488452,-31.803983],[-58.488445,-31.803802],[-58.488414,-31.803626],[-58.488315,-31.803262],[-58.488252,-31.802994],[-58.48822,-31.802732],[-58.488266,-31.802481],[-58.488334,-31.802339],[-58.488453,-31.802177],[-58.488605,-31.802034],[-58.488935,-31.801748],[-58.489151,-31.801535],[-58.489238,-31.801421],[-58.489312,-31.801262],[-58.489408,-31.800914],[-58.489471,-31.800745],[-58.489597,-31.80061],[-58.489791,-31.800568],[-58.490024,-31.800558],[-58.490291,-31.800536],[-58.49054,-31.800399],[-58.490633,-31.799725],[-58.490945,-31.798424],[-58.491111,-31.797764],[-58.491204,-31.797434],[-58.491702,-31.795745],[-58.491986,-31.794909],[-58.492081,-31.794678],[-58.49216,-31.794527],[-58.492332,-31.794241],[-58.49243,-31.794109],[-58.492644,-31.793833],[-58.493331,-31.793043],[-58.493664,-31.79264],[-58.493817,-31.792438],[-58.494014,-31.792117],[-58.494122,-31.791909],[-58.494313,-31.791492],[-58.494471,-31.791061],[-58.494769,-31.790189],[-58.494933,-31.789749],[-58.495025,-31.789532],[-58.495178,-31.789213],[-58.495328,-31.788957],[-58.495408,-31.788829],[-58.495545,-31.788654],[-58.495774,-31.788392],[-58.496033,-31.788158],[-58.496273,-31.787995],[-58.496499,-31.787963],[-58.496661,-31.787987],[-58.497012,-31.788085],[-58.497272,-31.788157],[-58.497437,-31.788185],[-58.497627,-31.788174],[-58.497767,-31.788111],[-58.498187,-31.787775],[-58.498394,-31.787593],[-58.498673,-31.787315],[-58.499999,-31.785903],[-58.500002,-31.785902],[-58.501335,-31.785545],[-58.501663,-31.785669],[-58.502095,-31.78649],[-58.502471,-31.787049],[-58.503048,-31.787276],[-58.504287,-31.786798],[-58.505581,-31.786258],[-58.506374,-31.785327],[-58.507034,-31.784288],[-58.517514,-31.799562],[-58.520552,-31.795512],[-58.54366,-31.824532],[-58.542328,-31.830026],[-58.534297,-31.850799],[-58.541534,-31.858197],[-58.541416,-31.85862],[-58.539992,-31.858656],[-58.539544,-31.858325],[-58.539173,-31.858415],[-58.538436,-31.858975],[-58.538681,-31.859695],[-58.537885,-31.86018],[-58.537513,-31.86023],[-58.537062,-31.859782],[-58.535998,-31.859362],[-58.535583,-31.859492],[-58.535053,-31.860423],[-58.534385,-31.861408],[-58.534023,-31.861423],[-58.53317,-31.860843],[-58.532208,-31.860224],[-58.531312,-31.859886],[-58.531173,-31.85953],[-58.531273,-31.858935],[-58.531204,-31.858671],[-58.530883,-31.858385],[-58.52953,-31.858315],[-58.528175,-31.858137],[-58.527252,-31.858897],[-58.526463,-31.859116],[-58.526089,-31.859054],[-58.524937,-31.858486],[-58.52436,-31.8582],[-58.524155,-31.858351],[-58.524277,-31.859359],[-58.52433,-31.860077],[-58.524319,-31.860792],[-58.523949,-31.861077],[-58.523079,-31.861276],[-58.522439,-31.861046],[-58.522133,-31.861368],[-58.521839,-31.862092],[-58.521771,-31.862531],[-58.521369,-31.863026],[-58.520954,-31.86306],[-58.520088,-31.862733],[-58.519124,-31.862226],[-58.519063,-31.862057],[-58.519016,-31.860898],[-58.519027,-31.860237],[-58.518838,-31.859906],[-58.518372,-31.859768],[-58.51735,-31.860218],[-58.517216,-31.860384],[-58.517128,-31.860786],[-58.517064,-31.861329],[-58.516872,-31.861484],[-58.516553,-31.861586],[-58.515789,-31.862225],[-58.515786,-31.862441],[-58.515778,-31.862995],[-58.515759,-31.863773],[-58.5155,-31.864151],[-58.514915,-31.864252],[-58.513496,-31.864125],[-58.512589,-31.864224],[-58.511352,-31.864766],[-58.510749,-31.86546],[-58.510758,-31.865803],[-58.511388,-31.86664],[-58.512089,-31.867363],[-58.512715,-31.868425],[-58.512839,-31.868808],[-58.513083,-31.869753],[-58.512801,-31.870513],[-58.512421,-31.870738],[-58.511063,-31.870776],[-58.510739,-31.870773],[-58.509378,-31.87109],[-58.508476,-31.870914],[-58.50739,-31.870182],[-58.507266,-31.869962],[-58.506043,-31.86945],[-58.505463,-31.869389],[-58.505202,-31.869492],[-58.504539,-31.87059],[-58.504014,-31.871134],[-58.503788,-31.871923],[-58.503934,-31.872293],[-58.504377,-31.872633],[-58.505135,-31.873633],[-58.505242,-31.874848],[-58.505223,-31.876004],[-58.504975,-31.876338],[-58.50412,-31.876708],[-58.502765,-31.876309],[-58.501594,-31.876623],[-58.500876,-31.877111],[-58.500007,-31.87731],[-58.499998,-31.877299],[-58.499234,-31.876265],[-58.499107,-31.876166],[-58.498936,-31.87616],[-58.498775,-31.876217],[-58.498509,-31.876361],[-58.498128,-31.876604],[-58.497933,-31.87671],[-58.497739,-31.876788],[-58.49751,-31.876834],[-58.497025,-31.876817],[-58.496781,-31.876795],[-58.49641,-31.876764],[-58.495852,-31.876685],[-58.495314,-31.876572],[-58.495049,-31.876499],[-58.494725,-31.876375],[-58.494522,-31.876264],[-58.494389,-31.876178],[-58.494134,-31.875994],[-58.493766,-31.875693],[-58.49329,-31.875293],[-58.493058,-31.875118],[-58.492809,-31.874979],[-58.492496,-31.874855],[-58.49232,-31.874826],[-58.491989,-31.87485],[-58.49181,-31.874903],[-58.491559,-31.875024],[-58.491375,-31.875166],[-58.491267,-31.87532],[-58.491222,-31.875494],[-58.49123,-31.875647],[-58.491277,-31.875879],[-58.491367,-31.876188],[-58.491391,-31.876342],[-58.491387,-31.876491],[-58.491333,-31.876664],[-58.491219,-31.876849],[-58.491048,-31.877059],[-58.490921,-31.877163],[-58.490726,-31.877264],[-58.49046,-31.877309],[-58.490174,-31.877285],[-58.489986,-31.877242],[-58.489655,-31.8771],[-58.489414,-31.876952],[-58.489262,-31.876834],[-58.488992,-31.876581],[-58.488464,-31.876035],[-58.488173,-31.875782],[-58.48796,-31.875621],[-58.487659,-31.875448],[-58.487476,-31.875365],[-58.487098,-31.875217],[-58.486721,-31.875095],[-58.486469,-31.875028],[-58.485967,-31.874933],[-58.485786,-31.874954],[-58.485643,-31.875035],[-58.485348,-31.875222],[-58.485111,-31.875286],[-58.484887,-31.87517],[-58.484733,-31.875011],[-58.484485,-31.874687],[-58.484348,-31.874529],[-58.484016,-31.874202],[-58.483849,-31.874052],[-58.483616,-31.873967],[-58.483398,-31.873991],[-58.48321,-31.874056],[-58.483056,-31.874141],[-58.482829,-31.874295],[-58.482689,-31.874416],[-58.482457,-31.874669],[-58.482358,-31.87481],[-58.482223,-31.875093],[-58.482154,-31.875374],[-58.482137,-31.875558],[-58.482121,-31.875931],[-58.482136,-31.876071],[-58.482225,-31.876354],[-58.482373,-31.876724],[-58.482422,-31.87691],[-58.482436,-31.877095],[-58.482389,-31.877319],[-58.482258,-31.877562],[-58.481937,-31.878037],[-58.481847,-31.878191],[-58.48179,-31.878342],[-58.481777,-31.87849],[-58.481772,-31.878702],[-58.481713,-31.878889],[-58.481591,-31.879001],[-58.48135,-31.879015],[-58.48117,-31.878973],[-58.480923,-31.878897],[-58.48069,-31.878861],[-58.480336,-31.878988],[-58.480075,-31.879141],[-58.479927,-31.879253],[-58.47979,-31.879406],[-58.479707,-31.879605],[-58.479648,-31.879891],[-58.479604,-31.880029],[-58.479516,-31.880161],[-58.479091,-31.880488],[-58.478906,-31.880608],[-58.478623,-31.880769],[-58.47833,-31.880894],[-58.478179,-31.880951],[-58.477882,-31.881031],[-58.4775,-31.88108],[-58.477299,-31.881082],[-58.476882,-31.881031],[-58.476455,-31.880921],[-58.47618,-31.880826],[-58.47567,-31.880623],[-58.475516,-31.880532],[-58.475232,-31.880247],[-58.474881,-31.879821],[-58.47477,-31.879713],[-58.4746,-31.879617],[-58.474377,-31.879654],[-58.474221,-31.879774],[-58.474064,-31.879949],[-58.473771,-31.880344],[-58.473721,-31.880545],[-58.473771,-31.880713],[-58.473858,-31.880883],[-58.473974,-31.881103],[-58.473995,-31.881311],[-58.473752,-31.881586],[-58.473626,-31.881685],[-58.473369,-31.88186],[-58.473236,-31.881946],[-58.472956,-31.882098],[-58.472668,-31.882227],[-58.472466,-31.88231],[-58.472049,-31.882462],[-58.471577,-31.882616],[-58.471261,-31.882717],[-58.470635,-31.882889],[-58.470317,-31.882972],[-58.469687,-31.883116],[-58.469048,-31.883233],[-58.468628,-31.883303],[-58.467786,-31.883413],[-58.467511,-31.883425],[-58.467171,-31.883413],[-58.466857,-31.883366],[-58.466558,-31.883283],[-58.466404,-31.883233],[-58.466193,-31.883131],[-58.466003,-31.88298],[-58.465875,-31.882845],[-58.465701,-31.882618],[-58.465476,-31.882304],[-58.465367,-31.88216],[-58.465237,-31.88202],[-58.465041,-31.881869],[-58.464751,-31.881701],[-58.464612,-31.881629],[-58.464313,-31.881496],[-58.464082,-31.881416],[-58.463733,-31.881314],[-58.463561,-31.881276],[-58.463231,-31.881233],[-58.463073,-31.881223],[-58.462861,-31.881233],[-58.462647,-31.881347],[-58.462502,-31.881517],[-58.46238,-31.881729],[-58.462215,-31.882034],[-58.462127,-31.882166],[-58.462029,-31.882284],[-58.461899,-31.882387],[-58.461739,-31.882436],[-58.461341,-31.88243],[-58.460944,-31.882385],[-58.460747,-31.882373],[-58.460559,-31.88238],[-58.460362,-31.882427],[-58.460148,-31.882586],[-58.460046,-31.88274],[-58.459938,-31.883056],[-58.459948,-31.88343],[-58.460003,-31.883603],[-58.460078,-31.883745],[-58.460254,-31.884026],[-58.460324,-31.884168],[-58.460372,-31.884309],[-58.460385,-31.884535],[-58.460357,-31.884836],[-58.460294,-31.885149],[-58.460229,-31.885353],[-58.460174,-31.885496],[-58.460053,-31.885761],[-58.459923,-31.885941],[-58.459785,-31.886058],[-58.459483,-31.886286],[-58.459354,-31.886403],[-58.45926,-31.886539],[-58.459197,-31.886735],[-58.459193,-31.886987],[-58.459263,-31.887498],[-58.459254,-31.887669],[-58.45911,-31.888294],[-58.459031,-31.888566],[-58.458885,-31.888962],[-58.458758,-31.889232],[-58.458691,-31.889365],[-58.458573,-31.889558],[-58.458477,-31.889686],[-58.458275,-31.889926],[-58.458056,-31.890139],[-58.457889,-31.890272],[-58.457528,-31.890525],[-58.45733,-31.890644],[-58.456921,-31.890859],[-58.456506,-31.891029],[-58.456223,-31.891136],[-58.455649,-31.891327],[-58.455384,-31.891403],[-58.455025,-31.891471],[-58.454808,-31.891486],[-58.454492,-31.891466],[-58.454247,-31.891403],[-58.454072,-31.891306],[-58.45393,-31.891139],[-58.453856,-31.890979],[-58.453774,-31.89071],[-58.453685,-31.890329],[-58.453626,-31.890142],[-58.453536,-31.889972],[-58.453382,-31.889791],[-58.452906,-31.889419],[-58.452641,-31.889233],[-58.452461,-31.889132],[-58.452244,-31.889039],[-58.45208,-31.889002],[-58.451892,-31.889013],[-58.451751,-31.889093],[-58.451534,-31.88932],[-58.451397,-31.889481],[-58.451129,-31.889819],[-58.450988,-31.890016],[-58.450723,-31.890407],[-58.450188,-31.89119],[-58.449895,-31.891571],[-58.449593,-31.891871],[-58.449363,-31.892038],[-58.448856,-31.892367],[-58.448647,-31.892485],[-58.448353,-31.892614],[-58.4482,-31.892667],[-58.447983,-31.892718],[-58.447827,-31.89274],[-58.447629,-31.892687],[-58.44744,-31.892546],[-58.447267,-31.892368],[-58.447021,-31.892112],[-58.4469,-31.891999],[-58.44677,-31.891909],[-58.446601,-31.891849],[-58.446384,-31.891819],[-58.446082,-31.89183],[-58.445914,-31.891865],[-58.445664,-31.892013],[-58.445317,-31.892258],[-58.444661,-31.89277],[-58.444312,-31.893001],[-58.444031,-31.893126],[-58.443844,-31.893331],[-58.443616,-31.893633],[-58.443002,-31.894575],[-58.442768,-31.894935],[-58.442661,-31.895121],[-58.442604,-31.895254],[-58.442596,-31.895416],[-58.442666,-31.895652],[-58.442773,-31.895845],[-58.442921,-31.896049],[-58.44324,-31.896429],[-58.443383,-31.896529],[-58.443573,-31.89659],[-58.44374,-31.896614],[-58.444015,-31.896619],[-58.444365,-31.896627],[-58.444594,-31.89669],[-58.444722,-31.896834],[-58.444824,-31.897225],[-58.444898,-31.897763],[-58.444953,-31.898026],[-58.445076,-31.898364],[-58.445255,-31.898816],[-58.445317,-31.899043],[-58.445342,-31.899243],[-58.445337,-31.899404],[-58.445291,-31.899583],[-58.445218,-31.899765],[-58.44505,-31.900029],[-58.444844,-31.900247],[-58.444667,-31.900398],[-58.444287,-31.90061],[-58.444016,-31.900708],[-58.443665,-31.900821],[-58.443493,-31.900883],[-58.443229,-31.900981],[-58.44284,-31.90117],[-58.442486,-31.901342],[-58.442322,-31.901439],[-58.44218,-31.901547],[-58.442063,-31.901718],[-58.442028,-31.901906],[-58.442067,-31.902065],[-58.442141,-31.902221],[-58.442268,-31.902437],[-58.442405,-31.902708],[-58.442563,-31.903362],[-58.44262,-31.903643],[-58.442673,-31.904073],[-58.442647,-31.904324],[-58.442581,-31.904493],[-58.442464,-31.904664],[-58.442336,-31.904795],[-58.44221,-31.904889],[-58.441932,-31.90501],[-58.441735,-31.905057],[-58.441471,-31.90511],[-58.441158,-31.905194],[-58.440963,-31.905299],[-58.440745,-31.905476],[-58.44033,-31.905866],[-58.440182,-31.905973],[-58.440025,-31.906058],[-58.439847,-31.906092],[-58.439644,-31.906076],[-58.439205,-31.905947],[-58.438897,-31.905815],[-58.438481,-31.905633],[-58.438279,-31.905554],[-58.438087,-31.905493],[-58.437859,-31.905453],[-58.43769,-31.905456],[-58.437508,-31.905517],[-58.437367,-31.905634],[-58.437253,-31.905814],[-58.437187,-31.906028],[-58.437167,-31.906212],[-58.43718,-31.906491],[-58.437211,-31.906866],[-58.43721,-31.907046],[-58.437183,-31.907221],[-58.437115,-31.907435],[-58.436802,-31.907995],[-58.43664,-31.908269],[-58.43638,-31.908687],[-58.4361,-31.9091],[-58.435948,-31.909306],[-58.435573,-31.909784],[-58.435367,-31.910001],[-58.43521,-31.910131],[-58.434982,-31.910271],[-58.434723,-31.910379],[-58.434551,-31.910431],[-58.434192,-31.91049],[-58.433821,-31.910513],[-58.433322,-31.910522],[-58.433071,-31.910527],[-58.43271,-31.910572],[-58.432529,-31.910602],[-58.432313,-31.910639],[-58.432033,-31.910696],[-58.43177,-31.910799],[-58.431619,-31.910911],[-58.431458,-31.911117],[-58.431401,-31.911254],[-58.431381,-31.911555],[-58.43144,-31.911868],[-58.431556,-31.912291],[-58.431598,-31.9125],[-58.431617,-31.912703],[-58.431579,-31.912949],[-58.431358,-31.913576],[-58.431226,-31.913887],[-58.431066,-31.914192],[-58.430969,-31.914337],[-58.430856,-31.914486],[-58.43061,-31.91477],[-58.430092,-31.915314],[-58.429934,-31.915506],[-58.429511,-31.916162],[-58.429347,-31.91644],[-58.429112,-31.916872],[-58.42891,-31.917311],[-58.428788,-31.917608],[-58.428571,-31.918199],[-58.428521,-31.9184],[-58.428513,-31.918575],[-58.428517,-31.918747],[-58.428514,-31.918976],[-58.428474,-31.919254],[-58.428414,-31.9194],[-58.428206,-31.919591],[-58.427892,-31.919706],[-58.427516,-31.919769],[-58.426999,-31.919831],[-58.426761,-31.919877],[-58.426552,-31.91995],[-58.426353,-31.920082],[-58.426255,-31.920291],[-58.426213,-31.92051],[-58.426121,-31.920705],[-58.425916,-31.92085],[-58.425523,-31.921003],[-58.424942,-31.921157],[-58.424653,-31.921255],[-58.424474,-31.921343],[-58.424267,-31.92148],[-58.424049,-31.921665],[-58.423833,-31.921914],[-58.423744,-31.922069],[-58.423705,-31.922211],[-58.423753,-31.922465],[-58.42392,-31.922719],[-58.424145,-31.922975],[-58.424468,-31.923315],[-58.4246,-31.923491],[-58.424694,-31.92367],[-58.42474,-31.923906],[-58.42472,-31.924261],[-58.424695,-31.924503],[-58.424613,-31.924982],[-58.424571,-31.925187],[-58.424427,-31.925596],[-58.424315,-31.925867],[-58.424177,-31.926218],[-58.424107,-31.926395],[-58.424039,-31.926659],[-58.424011,-31.926842],[-58.424103,-31.927057],[-58.424319,-31.927232],[-58.424609,-31.927395],[-58.425021,-31.927604],[-58.425198,-31.927709],[-58.425335,-31.927822],[-58.425433,-31.927974],[-58.425491,-31.928246],[-58.425507,-31.928409],[-58.425502,-31.928666],[-58.42548,-31.92884],[-58.42542,-31.929045],[-58.425343,-31.9292],[-58.425206,-31.929362],[-58.425037,-31.929473],[-58.424727,-31.929592],[-58.424519,-31.929639],[-58.424094,-31.929682],[-58.423659,-31.929675],[-58.42308,-31.929641],[-58.422795,-31.929631],[-58.422507,-31.929638],[-58.422162,-31.929689],[-58.421752,-31.929742],[-58.421352,-31.929781],[-58.421161,-31.929806],[-58.42099,-31.929845],[-58.420771,-31.929936],[-58.420666,-31.930044],[-58.420624,-31.930183],[-58.420581,-31.931861],[-58.420616,-31.934019],[-58.420613,-31.934244],[-58.420582,-31.934702],[-58.42052,-31.935154],[-58.420362,-31.936058],[-58.420312,-31.936209],[-58.420113,-31.936481],[-58.419949,-31.936651],[-58.419717,-31.936868],[-58.419613,-31.936986],[-58.419528,-31.937104],[-58.419472,-31.937269],[-58.419456,-31.937439],[-58.419499,-31.93763],[-58.419563,-31.937781],[-58.419689,-31.938015],[-58.419861,-31.938319],[-58.419924,-31.938478],[-58.419972,-31.938629],[-58.419987,-31.938818],[-58.419934,-31.93919],[-58.419896,-31.939373],[-58.419837,-31.939556],[-58.419694,-31.939816],[-58.419515,-31.940022],[-58.419361,-31.940151],[-58.419052,-31.940356],[-58.418423,-31.940698],[-58.418118,-31.940876],[-58.416869,-31.941731],[-58.416515,-31.941899],[-58.416247,-31.941975],[-58.416057,-31.942017],[-58.415656,-31.942079],[-58.414849,-31.942163],[-58.414471,-31.942221],[-58.414239,-31.942276],[-58.413975,-31.942374],[-58.413796,-31.942476],[-58.413621,-31.94265],[-58.413543,-31.942777],[-58.41348,-31.942987],[-58.413463,-31.943175],[-58.413135,-31.944928],[-58.412946,-31.945755],[-58.412884,-31.945937],[-58.412678,-31.946263],[-58.412506,-31.946468],[-58.412263,-31.946743],[-58.41214,-31.946878],[-58.411979,-31.947088],[-58.411781,-31.947468],[-58.411724,-31.947606],[-58.411663,-31.947811],[-58.41164,-31.948008],[-58.41166,-31.948194],[-58.41172,-31.948362],[-58.411807,-31.948537],[-58.41205,-31.948856],[-58.412361,-31.949169],[-58.412808,-31.949581],[-58.413016,-31.949801],[-58.413193,-31.950014],[-58.413369,-31.950304],[-58.413581,-31.950825],[-58.41367,-31.951099],[-58.413741,-31.951371],[-58.413766,-31.951507],[-58.413779,-31.951778],[-58.413742,-31.952101],[-58.413662,-31.952319],[-58.413586,-31.952464],[-58.413395,-31.952746],[-58.413165,-31.953021],[-58.412843,-31.953388],[-58.412696,-31.95358],[-58.412568,-31.953774],[-58.412441,-31.954035],[-58.412319,-31.954368],[-58.412269,-31.954533],[-58.412216,-31.954792],[-58.412182,-31.955048],[-58.412181,-31.955502],[-58.412212,-31.955715],[-58.412234,-31.95586],[-58.412307,-31.956146],[-58.412376,-31.95636],[-58.412429,-31.956502],[-58.412552,-31.956786],[-58.412774,-31.957208],[-58.412948,-31.957484],[-58.413074,-31.957669],[-58.413341,-31.958034],[-58.413451,-31.958151],[-58.413726,-31.958309],[-58.41413,-31.958401],[-58.414578,-31.958435],[-58.414967,-31.958467],[-58.415151,-31.958487],[-58.415401,-31.95855],[-58.415551,-31.958605],[-58.415707,-31.958714],[-58.415814,-31.958849],[-58.415896,-31.958996],[-58.416035,-31.959294],[-58.416149,-31.959599],[-58.41621,-31.959804],[-58.416329,-31.960218],[-58.416451,-31.960583],[-58.416577,-31.960916],[-58.416627,-31.96108],[-58.416673,-31.961325],[-58.416678,-31.961483],[-58.416645,-31.961675],[-58.416566,-31.961834],[-58.41647,-31.961966],[-58.416267,-31.96222],[-58.415595,-31.962925],[-58.414489,-31.964078],[-58.414363,-31.964285],[-58.414314,-31.964464],[-58.414307,-31.964612],[-58.414325,-31.964779],[-58.414384,-31.96493],[-58.414505,-31.965096],[-58.41472,-31.965235],[-58.414886,-31.965286],[-58.415264,-31.965331],[-58.415671,-31.965319],[-58.416222,-31.965298],[-58.41648,-31.965312],[-58.416637,-31.96534],[-58.416824,-31.965401],[-58.41697,-31.965487],[-58.41743,-31.965855],[-58.417647,-31.966052],[-58.417964,-31.966374],[-58.418471,-31.966906],[-58.418685,-31.967179],[-58.418799,-31.967372],[-58.4189,-31.967624],[-58.418922,-31.967769],[-58.418891,-31.968069],[-58.418834,-31.968265],[-58.418752,-31.968532],[-58.418705,-31.96867],[-58.418656,-31.968867],[-58.418606,-31.96945],[-58.41861,-31.969689],[-58.418632,-31.969933],[-58.418678,-31.970115],[-58.418797,-31.970223],[-58.418979,-31.970283],[-58.419211,-31.970292],[-58.419625,-31.970262],[-58.419999,-31.970226],[-58.420176,-31.970214],[-58.420421,-31.970227],[-58.420617,-31.970284],[-58.420753,-31.970406],[-58.420873,-31.970707],[-58.420914,-31.97084],[-58.420962,-31.971039],[-58.420994,-31.971243],[-58.421028,-31.973262],[-58.421059,-31.975298],[-58.421138,-31.975508],[-58.42126,-31.975616],[-58.421459,-31.975709],[-58.421643,-31.975765],[-58.421798,-31.975797],[-58.422122,-31.975859],[-58.422565,-31.975933],[-58.422774,-31.975972],[-58.42305,-31.97605],[-58.4232,-31.976118],[-58.423332,-31.976227],[-58.423401,-31.976486],[-58.423306,-31.976757],[-58.423054,-31.977095],[-58.422393,-31.977787],[-58.422207,-31.978028],[-58.422053,-31.978306],[-58.422008,-31.978516],[-58.422023,-31.978701],[-58.42222,-31.979419],[-58.420241,-31.98001],[-58.419036,-31.980144],[-58.392814,-31.980765],[-58.370248,-31.980765],[-58.362495,-31.98038],[-58.360698,-31.980859],[-58.358223,-31.981453],[-58.358029,-31.981491],[-58.357627,-31.981553],[-58.357226,-31.981579],[-58.356957,-31.981582],[-58.356411,-31.981558],[-58.356002,-31.981511],[-58.355732,-31.98147],[-58.355182,-31.981373],[-58.35354,-31.981043],[-58.35299,-31.980951],[-58.352715,-31.980909],[-58.350417,-31.98059],[-58.349282,-31.980418],[-58.349026,-31.980364],[-58.348854,-31.980317],[-58.348527,-31.980197],[-58.348095,-31.980019],[-58.347877,-31.979943],[-58.347546,-31.97985],[-58.347321,-31.979815],[-58.347033,-31.979809],[-58.346034,-31.979876],[-58.342837,-31.980731],[-58.34164,-31.981056],[-58.341044,-31.981246],[-58.340695,-31.981404],[-58.340485,-31.981536],[-58.340359,-31.981635],[-58.340118,-31.98186],[-58.33995,-31.982043],[-58.339851,-31.982174],[-58.339658,-31.982442],[-58.339111,-31.983277],[-58.338832,-31.983677],[-58.338715,-31.983893],[-58.338623,-31.984097],[-58.338463,-31.984338],[-58.338311,-31.984459],[-58.338116,-31.984555],[-58.337939,-31.984612],[-58.337521,-31.984673],[-58.337239,-31.984667],[-58.337058,-31.984647],[-58.336731,-31.984572],[-58.336547,-31.984502],[-58.336209,-31.984291],[-58.335983,-31.984116],[-58.335683,-31.983889],[-58.335532,-31.983785],[-58.335301,-31.983655],[-58.335065,-31.983574],[-58.334821,-31.983542],[-58.334652,-31.983532],[-58.334423,-31.983519],[-58.334151,-31.983473],[-58.333934,-31.98337],[-58.333709,-31.983128],[-58.333584,-31.982925],[-58.333416,-31.982662],[-58.333321,-31.982546],[-58.333146,-31.982409],[-58.332883,-31.982336],[-58.33256,-31.982338],[-58.33234,-31.982366],[-58.33204,-31.9824],[-58.33167,-31.982404],[-58.33144,-31.982351],[-58.331201,-31.982274],[-58.330968,-31.98218],[-58.330818,-31.982112],[-58.330527,-31.981957],[-58.330398,-31.981803],[-58.330345,-31.981639],[-58.330279,-31.981277],[-58.330226,-31.981135],[-58.330067,-31.98103],[-58.329829,-31.98104],[-58.329669,-31.98107],[-58.329349,-31.981175],[-58.32835,-31.98162],[-58.328119,-31.981697],[-58.327827,-31.981767],[-58.327149,-31.981864],[-58.326806,-31.981905],[-58.326294,-31.981954],[-58.325528,-31.982006],[-58.32534,-31.982],[-58.324973,-31.9819],[-58.324735,-31.981806],[-58.324417,-31.981673],[-58.324261,-31.981626],[-58.324101,-31.981594],[-58.323914,-31.981587],[-58.32375,-31.981698],[-58.323701,-31.98188],[-58.323682,-31.982105],[-58.323653,-31.982406],[-58.323577,-31.982601],[-58.323414,-31.982689],[-58.32282,-31.982739],[-58.322518,-31.982751],[-58.322066,-31.982757],[-58.320592,-31.982716],[-58.319222,-31.982688],[-58.318539,-31.982685],[-58.318305,-31.982708],[-58.318061,-31.98278],[-58.317874,-31.982867],[-58.31706,-31.983355],[-58.316873,-31.983447],[-58.316623,-31.983528],[-58.316047,-31.983642],[-58.315276,-31.983784],[-58.314891,-31.983874],[-58.31272,-31.984442],[-58.311418,-31.984808],[-58.310761,-31.984995],[-58.309787,-31.985292],[-58.309513,-31.98539],[-58.309342,-31.985469],[-58.308998,-31.985637],[-58.308837,-31.985734],[-58.30852,-31.985943],[-58.308213,-31.986166],[-58.307629,-31.98663],[-58.307458,-31.986786],[-58.307357,-31.986899],[-58.307178,-31.987145],[-58.306721,-31.98792],[-58.306534,-31.988166],[-58.30643,-31.988283],[-58.306301,-31.988495],[-58.306113,-31.988546],[-58.305877,-31.988673],[-58.305719,-31.988721],[-58.305533,-31.988678],[-58.305373,-31.988505],[-58.305282,-31.988376],[-58.305117,-31.988082],[-58.304688,-31.987071],[-58.304512,-31.986753],[-58.304416,-31.986606],[-58.304215,-31.986301],[-58.304042,-31.986016],[-58.303946,-31.985873],[-58.303784,-31.985686],[-58.303666,-31.985578],[-58.303489,-31.985473],[-58.30331,-31.985412],[-58.303042,-31.985366],[-58.302867,-31.985342],[-58.302512,-31.985306],[-58.302167,-31.985284],[-58.301461,-31.985258],[-58.300929,-31.98522],[-58.300529,-31.985187],[-58.299995,-31.985154],[-58.299724,-31.985131],[-58.299328,-31.985066],[-58.29913,-31.985018],[-58.298934,-31.98493],[-58.298772,-31.984785],[-58.298688,-31.984624],[-58.29859,-31.984364],[-58.298499,-31.983973],[-58.298451,-31.983782],[-58.298387,-31.983591],[-58.298271,-31.983384],[-58.297918,-31.982898],[-58.297718,-31.98267],[-58.297486,-31.982454],[-58.297359,-31.982355],[-58.297116,-31.982296],[-58.296899,-31.982365],[-58.296674,-31.982487],[-58.296369,-31.982665],[-58.296214,-31.982735],[-58.295993,-31.982772],[-58.295777,-31.98271],[-58.295558,-31.982608],[-58.295353,-31.982478],[-58.295226,-31.982379],[-58.294979,-31.982163],[-58.294903,-31.982038],[-58.294877,-31.981875],[-58.294884,-31.981732],[-58.294948,-31.981311],[-58.294936,-31.98113],[-58.294853,-31.981001],[-58.293454,-31.980517],[-58.293231,-31.980445],[-58.292942,-31.980516],[-58.29163,-31.980868],[-58.291197,-31.981005],[-58.290985,-31.981087],[-58.290577,-31.981265],[-58.290381,-31.981366],[-58.290092,-31.981549],[-58.289932,-31.981678],[-58.289654,-31.98196],[-58.289501,-31.982157],[-58.289299,-31.982433],[-58.289192,-31.982573],[-58.289028,-31.982775],[-58.288418,-31.983387],[-58.288139,-31.983633],[-58.287842,-31.98386],[-58.287673,-31.983967],[-58.287354,-31.984112],[-58.287121,-31.984171],[-58.286962,-31.984188],[-58.286636,-31.984207],[-58.286124,-31.984188],[-58.285439,-31.984154],[-58.285107,-31.984155],[-58.284894,-31.984174],[-58.28463,-31.984227],[-58.284409,-31.984304],[-58.282122,-31.985331],[-58.280575,-31.986035],[-58.280337,-31.986093],[-58.280071,-31.986079],[-58.27985,-31.986012],[-58.279517,-31.985865],[-58.279064,-31.985632],[-58.278834,-31.985528],[-58.278606,-31.985448],[-58.27832,-31.985401],[-58.277882,-31.985403],[-58.27766,-31.985413],[-58.277326,-31.985436],[-58.276841,-31.985508],[-58.276582,-31.985566],[-58.276413,-31.985623],[-58.276081,-31.985754],[-58.275429,-31.986059],[-58.275097,-31.986191],[-58.274875,-31.986254],[-58.274602,-31.986312],[-58.274377,-31.98633],[-58.27391,-31.986308],[-58.273751,-31.986284],[-58.273434,-31.986223],[-58.273121,-31.986144],[-58.272908,-31.986082],[-58.2725,-31.98594],[-58.272338,-31.985867],[-58.272039,-31.985676],[-58.271861,-31.985529],[-58.271626,-31.985332],[-58.271504,-31.985241],[-58.271314,-31.985126],[-58.27085,-31.984956],[-58.270657,-31.984904],[-58.270355,-31.984829],[-58.270045,-31.984782],[-58.269574,-31.984751],[-58.269185,-31.984768],[-58.268887,-31.984811],[-58.268533,-31.984923],[-58.268338,-31.985015],[-58.268001,-31.985241],[-58.267722,-31.985474],[-58.267505,-31.985704],[-58.267318,-31.985949],[-58.267234,-31.986081],[-58.266189,-31.987965],[-58.265999,-31.988318],[-58.265743,-31.988786],[-58.265609,-31.989024],[-58.265377,-31.989366],[-58.265239,-31.989546],[-58.265084,-31.989684],[-58.264931,-31.989777],[-58.264678,-31.989871],[-58.264507,-31.989905],[-58.264279,-31.989915],[-58.264072,-31.989885],[-58.263874,-31.989837],[-58.263672,-31.989766],[-58.263279,-31.989589],[-58.262097,-31.988951],[-58.261829,-31.988828],[-58.261494,-31.988708],[-58.260949,-31.988566],[-58.260662,-31.98851],[-58.260226,-31.988453],[-58.259941,-31.988442],[-58.259602,-31.988466],[-58.259377,-31.988529],[-58.259236,-31.988605],[-58.25898,-31.988798],[-58.258743,-31.989041],[-58.258427,-31.989381],[-58.258258,-31.989537],[-58.258077,-31.989669],[-58.257833,-31.989791],[-58.257457,-31.989912],[-58.257258,-31.989967],[-58.256959,-31.990037],[-58.256492,-31.990123],[-58.256025,-31.990178],[-58.255791,-31.990192],[-58.255485,-31.990198],[-58.255116,-31.990175],[-58.254802,-31.990123],[-58.254472,-31.990021],[-58.254266,-31.989918],[-58.254132,-31.989841],[-58.253863,-31.989674],[-58.253074,-31.989099],[-58.252796,-31.988922],[-58.25266,-31.988845],[-58.252461,-31.988757],[-58.252206,-31.98867],[-58.251966,-31.988625],[-58.251656,-31.988587],[-58.25103,-31.988532],[-58.250403,-31.988495],[-58.249984,-31.988488],[-58.249157,-31.98848],[-58.245323,-31.988777],[-58.245043,-31.988762],[-58.244861,-31.988714],[-58.244526,-31.988553],[-58.244205,-31.988334],[-58.243786,-31.988008],[-58.243571,-31.98786],[-58.243348,-31.98773],[-58.243061,-31.98762],[-58.242672,-31.987534],[-58.242465,-31.987499],[-58.24215,-31.987456],[-58.241829,-31.987439],[-58.241471,-31.987466],[-58.241222,-31.987524],[-58.241012,-31.987597],[-58.240774,-31.987719],[-58.240608,-31.987807],[-58.240302,-31.987998],[-58.239864,-31.988302],[-58.239586,-31.988521],[-58.23904,-31.988968],[-58.238881,-31.989116],[-58.238593,-31.989433],[-58.23824,-31.989879],[-58.238052,-31.990093],[-58.237843,-31.990288],[-58.237613,-31.99045],[-58.23734,-31.99053],[-58.237037,-31.990554],[-58.236832,-31.990538],[-58.236527,-31.990463],[-58.236183,-31.990311],[-58.235866,-31.990119],[-58.235612,-31.98992],[-58.235375,-31.989695],[-58.235268,-31.989574],[-58.235161,-31.989403],[-58.235089,-31.989202],[-58.235058,-31.98903],[-58.235009,-31.988502],[-58.234978,-31.988338],[-58.234878,-31.988123],[-58.234733,-31.987964],[-58.234504,-31.987794],[-58.234013,-31.987487],[-58.232995,-31.986895],[-58.232514,-31.986593],[-58.232265,-31.986354],[-58.232048,-31.986121],[-58.23185,-31.986006],[-58.231586,-31.986014],[-58.231275,-31.986105],[-58.230953,-31.986251],[-58.230529,-31.986469],[-58.230315,-31.986569],[-58.230091,-31.986673],[-58.229657,-31.9869],[-58.229073,-31.987202],[-58.22877,-31.987339],[-58.22845,-31.987453],[-58.228283,-31.987505],[-58.227943,-31.987556],[-58.227718,-31.987565],[-58.227417,-31.987558],[-58.226807,-31.987562],[-58.225899,-31.987546],[-58.224686,-31.987505],[-58.224079,-31.987491],[-58.223471,-31.987495],[-58.223167,-31.987511],[-58.223004,-31.987536],[-58.222836,-31.98762],[-58.222541,-31.987865],[-58.222318,-31.988091],[-58.222202,-31.98819],[-58.222008,-31.988309],[-58.221531,-31.988444],[-58.221333,-31.988486],[-58.221038,-31.988533],[-58.220741,-31.988558],[-58.220303,-31.988542],[-58.219964,-31.988457],[-58.219016,-31.988092],[-58.217137,-31.987346],[-58.216361,-31.987033],[-58.215342,-31.986616],[-58.214822,-31.986412],[-58.214492,-31.986319],[-58.214269,-31.986288],[-58.213802,-31.986279],[-58.213329,-31.986324],[-58.212686,-31.986408],[-58.212367,-31.986441],[-58.212044,-31.986456],[-58.211654,-31.986441],[-58.211197,-31.986383],[-58.210969,-31.986347],[-58.210637,-31.986285],[-58.210134,-31.986158],[-58.209801,-31.986056],[-58.209641,-31.985991],[-58.209398,-31.985896],[-58.209205,-31.98579],[-58.209031,-31.985639],[-58.208903,-31.985495],[-58.208741,-31.985273],[-58.208527,-31.984963],[-58.208416,-31.984819],[-58.208285,-31.984688],[-58.208105,-31.984555],[-58.207831,-31.984423],[-58.207637,-31.984353],[-58.207229,-31.984229],[-58.206798,-31.984132],[-58.206226,-31.984002],[-58.205948,-31.983929],[-58.205688,-31.983843],[-58.205381,-31.983709],[-58.20519,-31.983576],[-58.205054,-31.983436],[-58.20493,-31.983278],[-58.204764,-31.983074],[-58.204533,-31.982853],[-58.204358,-31.982766],[-58.204154,-31.982722],[-58.203938,-31.982714],[-58.203469,-31.982795],[-58.202471,-31.983077],[-58.202157,-31.983132],[-58.201824,-31.983133],[-58.201605,-31.983071],[-58.201434,-31.982966],[-58.201247,-31.982796],[-58.200891,-31.982441],[-58.20055,-31.982081],[-58.1999,-31.981327],[-58.1997,-31.981013],[-58.199544,-31.980724],[-58.19944,-31.980594],[-58.199306,-31.980472],[-58.199077,-31.980359],[-58.19891,-31.980326],[-58.198567,-31.980363],[-58.198291,-31.980429],[-58.197946,-31.980479],[-58.196668,-31.980313],[-58.196242,-31.980274],[-58.196031,-31.980275],[-58.195811,-31.980285],[-58.195496,-31.980345],[-58.195125,-31.980534],[-58.194969,-31.98078],[-58.194942,-31.98095],[-58.19497,-31.981226],[-58.195034,-31.981615],[-58.195045,-31.9818],[-58.195031,-31.981971],[-58.19495,-31.982161],[-58.194854,-31.982279],[-58.19463,-31.982514],[-58.194467,-31.982665],[-58.194245,-31.982868],[-58.194004,-31.983134],[-58.193906,-31.983288],[-58.193866,-31.983448],[-58.193833,-31.983672],[-58.193741,-31.983871],[-58.193572,-31.984013],[-58.193309,-31.984188],[-58.19303,-31.984322],[-58.192828,-31.984404],[-58.192425,-31.984537],[-58.191001,-31.984897],[-58.190731,-31.984968],[-58.19038,-31.985054],[-58.190205,-31.985119],[-58.189954,-31.985227],[-58.189782,-31.985337],[-58.189667,-31.985508],[-58.189651,-31.985719],[-58.189708,-31.985942],[-58.189813,-31.986257],[-58.189855,-31.986411],[-58.189868,-31.986561],[-58.189851,-31.98674],[-58.189723,-31.987113],[-58.189632,-31.987294],[-58.189491,-31.987456],[-58.189212,-31.987634],[-58.188984,-31.987707],[-58.1888,-31.98774],[-58.188521,-31.98777],[-58.18814,-31.987787],[-58.187954,-31.987802],[-58.187776,-31.987832],[-58.187564,-31.987896],[-58.187388,-31.987966],[-58.18706,-31.988129],[-58.186623,-31.988355],[-58.186398,-31.988464],[-58.18604,-31.988608],[-58.185607,-31.988744],[-58.185387,-31.988808],[-58.185059,-31.988872],[-58.184727,-31.988913],[-58.184562,-31.988925],[-58.18434,-31.988926],[-58.183895,-31.9889],[-58.183444,-31.988842],[-58.182565,-31.988682],[-58.182385,-31.98864],[-58.18203,-31.988518],[-58.181561,-31.988329],[-58.181328,-31.988244],[-58.181091,-31.98819],[-58.180833,-31.988166],[-58.180541,-31.988196],[-58.180252,-31.98827],[-58.180066,-31.988344],[-58.179905,-31.988428],[-58.179702,-31.988533],[-58.179466,-31.988691],[-58.17902,-31.988993],[-58.1786,-31.989301],[-58.177793,-31.989937],[-58.175823,-31.991523],[-58.175584,-31.991712],[-58.17509,-31.992062],[-58.174085,-31.992745],[-58.173593,-31.993113],[-58.173394,-31.993281],[-58.173269,-31.993398],[-58.173039,-31.993646],[-58.172932,-31.993777],[-58.172733,-31.994044],[-58.172565,-31.994325],[-58.172462,-31.994515],[-58.172288,-31.994914],[-58.172244,-31.995056],[-58.172234,-31.995348],[-58.172314,-31.995941],[-58.172317,-31.99613],[-58.172245,-31.996384],[-58.172036,-31.9967],[-58.171802,-31.996988],[-58.171699,-31.997129],[-58.171623,-31.997274],[-58.171567,-31.997488],[-58.171608,-31.997665],[-58.172669,-31.999997],[-58.173078,-32.002233],[-58.172595,-32.002837],[-58.171508,-32.002595],[-58.170903,-32.001991],[-58.170058,-32.001145],[-58.169695,-32.00042],[-58.168849,-32.00042],[-58.168003,-32.000783],[-58.167158,-32.001024],[-58.166191,-32.000783],[-58.165103,-32.000662],[-58.163653,-32.000783],[-58.162445,-32.001145],[-58.162082,-32.002112],[-58.162203,-32.003079],[-58.16172,-32.004408],[-58.160632,-32.005737],[-58.160391,-32.007308],[-58.160874,-32.00912],[-58.161478,-32.010329],[-58.161841,-32.011779],[-58.162324,-32.013712],[-58.162324,-32.015766],[-58.162445,-32.017579],[-58.162566,-32.018666],[-58.161887,-32.019539],[-58.138462,-32.022156],[-58.139145,-32.017189],[-58.139621,-32.013025],[-58.139621,-32.009694],[-58.139502,-32.006243],[-58.139978,-32.002198],[-58.141524,-31.998153],[-58.14319,-31.995179],[-58.145212,-31.992799],[-58.147116,-31.989944],[-58.148644,-31.988081],[-58.150447,-31.985304],[-58.151994,-31.982211],[-58.153252,-31.979414],[-58.153778,-31.976619],[-58.153659,-31.972574],[-58.15354,-31.969005],[-58.15354,-31.965793],[-58.154135,-31.96258],[-58.154611,-31.960082],[-58.15473,-31.957464],[-58.155325,-31.954728],[-58.155801,-31.952111],[-58.156991,-31.949255],[-58.157824,-31.946638],[-58.159608,-31.94402],[-58.160917,-31.941403],[-58.162582,-31.938548],[-58.1652,-31.935335],[-58.167222,-31.933313],[-58.168531,-31.931766],[-58.171267,-31.929982],[-58.174718,-31.928316],[-58.179358,-31.92665],[-58.182451,-31.925342],[-58.185782,-31.923319],[-58.189113,-31.921059],[-58.191612,-31.91856],[-58.193634,-31.916181],[-58.194943,-31.913444],[-58.195538,-31.911184],[-58.196014,-31.908566],[-58.202248,-31.909719],[-58.20369,-31.909693],[-58.203899,-31.909674],[-58.204121,-31.909624],[-58.204418,-31.9095],[-58.20466,-31.909365],[-58.204887,-31.909211],[-58.20535,-31.908878],[-58.205695,-31.908634],[-58.205875,-31.908528],[-58.206153,-31.908399],[-58.206379,-31.908327],[-58.206531,-31.908288],[-58.206851,-31.908237],[-58.207185,-31.9082],[-58.207863,-31.908153],[-58.208375,-31.908101],[-58.208706,-31.908032],[-58.208869,-31.907993],[-58.209106,-31.907908],[-58.209447,-31.907732],[-58.209693,-31.907565],[-58.209934,-31.907358],[-58.210101,-31.907184],[-58.210208,-31.907049],[-58.210408,-31.906759],[-58.210572,-31.906455],[-58.21067,-31.906242],[-58.210827,-31.905816],[-58.210885,-31.905611],[-58.210908,-31.905473],[-58.210927,-31.905199],[-58.210915,-31.904919],[-58.21085,-31.904354],[-58.210798,-31.903933],[-58.210786,-31.903654],[-58.210788,-31.903514],[-58.210804,-31.903303],[-58.210875,-31.902995],[-58.211015,-31.90264],[-58.211121,-31.902482],[-58.211268,-31.902344],[-58.211447,-31.902242],[-58.211617,-31.902181],[-58.211894,-31.902133],[-58.212121,-31.902133],[-58.212406,-31.902184],[-58.212634,-31.902251],[-58.212981,-31.902386],[-58.213672,-31.902705],[-58.21402,-31.902853],[-58.214194,-31.902913],[-58.214454,-31.902986],[-58.214845,-31.903028],[-58.215179,-31.903],[-58.215445,-31.902952],[-58.21666,-31.902637],[-58.217064,-31.902567],[-58.217265,-31.902561],[-58.217466,-31.902564],[-58.217636,-31.902593],[-58.217885,-31.902728],[-58.218118,-31.902917],[-58.218297,-31.903028],[-58.218484,-31.90308],[-58.218663,-31.903095],[-58.218852,-31.903103],[-58.219238,-31.903095],[-58.219635,-31.903123],[-58.219804,-31.903179],[-58.219937,-31.903261],[-58.220536,-31.903702],[-58.220727,-31.903799],[-58.220971,-31.903813],[-58.221215,-31.903736],[-58.221374,-31.903675],[-58.221694,-31.903507],[-58.221853,-31.903409],[-58.222167,-31.903192],[-58.22248,-31.902956],[-58.223097,-31.902452],[-58.223317,-31.902244],[-58.223458,-31.902061],[-58.223576,-31.901876],[-58.223793,-31.901497],[-58.223964,-31.901215],[-58.224183,-31.900953],[-58.224318,-31.900837],[-58.224564,-31.900675],[-58.224892,-31.900516],[-58.225105,-31.900425],[-58.225255,-31.900377],[-58.22568,-31.900267],[-58.226208,-31.900174],[-58.226478,-31.900144],[-58.226646,-31.900128],[-58.227532,-31.900084],[-58.227829,-31.9001],[-58.228062,-31.90014],[-58.228301,-31.900208],[-58.228779,-31.900357],[-58.229133,-31.900455],[-58.229488,-31.900518],[-58.229668,-31.900521],[-58.229931,-31.900485],[-58.230301,-31.900373],[-58.230535,-31.900288],[-58.230686,-31.900221],[-58.230981,-31.900075],[-58.231191,-31.899952],[-58.231322,-31.899858],[-58.231591,-31.89967],[-58.231968,-31.899355],[-58.232207,-31.899126],[-58.232365,-31.898974],[-58.232735,-31.89856],[-58.23285,-31.898371],[-58.232907,-31.898243],[-58.233002,-31.897981],[-58.233073,-31.897785],[-58.233212,-31.897507],[-58.233306,-31.897375],[-58.2336,-31.897044],[-58.2338,-31.89684],[-58.234227,-31.896437],[-58.234448,-31.896252],[-58.23491,-31.895887],[-58.23539,-31.89554],[-58.235718,-31.895309],[-58.236416,-31.894872],[-58.23674,-31.89469],[-58.236918,-31.894611],[-58.237193,-31.8945],[-58.23761,-31.894403],[-58.237787,-31.894396],[-58.237983,-31.894431],[-58.238143,-31.894504],[-58.238385,-31.894667],[-58.238532,-31.894785],[-58.238824,-31.895052],[-58.238957,-31.895188],[-58.239218,-31.89549],[-58.23998,-31.896437],[-58.240373,-31.896902],[-58.240577,-31.897126],[-58.24091,-31.89744],[-58.241185,-31.89768],[-58.241719,-31.898164],[-58.241998,-31.89839],[-58.242145,-31.898504],[-58.242465,-31.898701],[-58.242637,-31.898788],[-58.242913,-31.898902],[-58.243221,-31.898972],[-58.243591,-31.898964],[-58.243831,-31.898914],[-58.244075,-31.898851],[-58.244565,-31.898698],[-58.244935,-31.898586],[-58.245114,-31.898552],[-58.245387,-31.898522],[-58.245628,-31.898549],[-58.246105,-31.898671],[-58.246345,-31.89868],[-58.246556,-31.89862],[-58.246707,-31.898513],[-58.246906,-31.898286],[-58.247035,-31.898089],[-58.247127,-31.897881],[-58.247165,-31.897706],[-58.247174,-31.897531],[-58.247167,-31.897171],[-58.247154,-31.8969],[-58.247174,-31.896721],[-58.247235,-31.896507],[-58.247345,-31.896317],[-58.247494,-31.896143],[-58.247704,-31.895966],[-58.247887,-31.895838],[-58.248036,-31.895753],[-58.248337,-31.895607],[-58.248635,-31.895497],[-58.248941,-31.895414],[-58.249148,-31.895381],[-58.249309,-31.895432],[-58.249419,-31.895544],[-58.249522,-31.895706],[-58.249718,-31.896105],[-58.249878,-31.896421],[-58.249987,-31.896605],[-58.250153,-31.896774],[-58.250328,-31.896852],[-58.250717,-31.896898],[-58.250938,-31.896911],[-58.251288,-31.896911],[-58.251649,-31.896879],[-58.251824,-31.896859],[-58.252163,-31.896777],[-58.252327,-31.896725],[-58.252552,-31.89662],[-58.252973,-31.89638],[-58.253175,-31.896252],[-58.253465,-31.896056],[-58.253747,-31.89585],[-58.253879,-31.895743],[-58.254139,-31.895509],[-58.254262,-31.895383],[-58.254438,-31.895192],[-58.25458,-31.894986],[-58.254674,-31.894813],[-58.254754,-31.894636],[-58.254878,-31.894276],[-58.254974,-31.894005],[-58.255101,-31.89374],[-58.255176,-31.893612],[-58.25532,-31.893419],[-58.255494,-31.893223],[-58.255611,-31.893102],[-58.255858,-31.892868],[-58.25599,-31.892765],[-58.256257,-31.892558],[-58.256535,-31.892375],[-58.25672,-31.892261],[-58.257205,-31.892027],[-58.257373,-31.891988],[-58.25755,-31.89199],[-58.257743,-31.892024],[-58.258025,-31.892129],[-58.258266,-31.892264],[-58.258512,-31.892422],[-58.259008,-31.892783],[-58.259376,-31.893053],[-58.259563,-31.893177],[-58.25993,-31.893376],[-58.260108,-31.893445],[-58.26038,-31.893496],[-58.260554,-31.893494],[-58.260776,-31.893434],[-58.261058,-31.893301],[-58.261189,-31.893211],[-58.261371,-31.893065],[-58.261479,-31.892952],[-58.261593,-31.892789],[-58.261691,-31.892532],[-58.261731,-31.892214],[-58.261718,-31.892006],[-58.261684,-31.891798],[-58.261592,-31.89138],[-58.261547,-31.891063],[-58.261539,-31.890905],[-58.261562,-31.890677],[-58.261624,-31.890391],[-58.261718,-31.89025],[-58.261886,-31.890108],[-58.262104,-31.88999],[-58.262298,-31.889961],[-58.262603,-31.890027],[-58.26297,-31.89018],[-58.263219,-31.890315],[-58.263958,-31.89078],[-58.264324,-31.891],[-58.264511,-31.891098],[-58.264793,-31.891207],[-58.265454,-31.891439],[-58.265686,-31.891497],[-58.265948,-31.891534],[-58.266128,-31.891518],[-58.266281,-31.891474],[-58.266502,-31.891379],[-58.266938,-31.891157],[-58.267365,-31.890916],[-58.2682,-31.890384],[-58.268829,-31.889998],[-58.269154,-31.889826],[-58.269677,-31.889561],[-58.270745,-31.889061],[-58.271533,-31.888672],[-58.271695,-31.888538],[-58.271782,-31.888397],[-58.271853,-31.888233],[-58.271949,-31.887863],[-58.272025,-31.887609],[-58.272088,-31.887463],[-58.272198,-31.887323],[-58.272419,-31.887241],[-58.272583,-31.887274],[-58.272751,-31.887348],[-58.273102,-31.887555],[-58.273369,-31.887695],[-58.273599,-31.887745],[-58.273788,-31.887756],[-58.274396,-31.887729],[-58.274693,-31.887754],[-58.274898,-31.887825],[-58.275139,-31.888122],[-58.275154,-31.888329],[-58.275131,-31.888531],[-58.275083,-31.88875],[-58.274932,-31.889217],[-58.274827,-31.889573],[-58.274781,-31.889743],[-58.274738,-31.890074],[-58.274746,-31.890228],[-58.274807,-31.890432],[-58.274882,-31.890552],[-58.275031,-31.890679],[-58.275392,-31.890859],[-58.275582,-31.890898],[-58.275761,-31.890909],[-58.275914,-31.890861],[-58.276132,-31.890729],[-58.2763,-31.890596],[-58.276432,-31.890489],[-58.276566,-31.890399],[-58.276744,-31.890316],[-58.276897,-31.890267],[-58.277218,-31.890189],[-58.27824,-31.890007],[-58.278571,-31.889929],[-58.278737,-31.889881],[-58.279109,-31.889737],[-58.279388,-31.88959],[-58.279652,-31.889429],[-58.280166,-31.889083],[-58.280567,-31.888832],[-58.28077,-31.888723],[-58.28132,-31.888451],[-58.281613,-31.888331],[-58.282055,-31.888212],[-58.282338,-31.888196],[-58.282604,-31.888255],[-58.282746,-31.888324],[-58.282882,-31.888446],[-58.28299,-31.888594],[-58.283227,-31.88903],[-58.28332,-31.889268],[-58.283365,-31.889432],[-58.28344,-31.889759],[-58.283493,-31.890008],[-58.283605,-31.890359],[-58.283689,-31.890524],[-58.283831,-31.890678],[-58.283967,-31.890764],[-58.284255,-31.890901],[-58.28445,-31.891017],[-58.28455,-31.891128],[-58.284591,-31.891359],[-58.28457,-31.891615],[-58.284615,-31.89186],[-58.28476,-31.891974],[-58.284928,-31.892038],[-58.285278,-31.892105],[-58.285584,-31.892112],[-58.285927,-31.892066],[-58.286214,-31.891969],[-58.286404,-31.891814],[-58.286457,-31.891649],[-58.286399,-31.89144],[-58.286281,-31.89122],[-58.286195,-31.891054],[-58.286137,-31.89089],[-58.286175,-31.890711],[-58.286279,-31.890549],[-58.286538,-31.890216],[-58.286729,-31.890003],[-58.287144,-31.889572],[-58.287456,-31.889246],[-58.287741,-31.888924],[-58.287871,-31.888757],[-58.288081,-31.888423],[-58.288129,-31.88811],[-58.28814,-31.887831],[-58.288211,-31.887523],[-58.288302,-31.887396],[-58.288434,-31.887302],[-58.288746,-31.887183],[-58.289086,-31.887087],[-58.28936,-31.887043],[-58.289779,-31.887],[-58.290059,-31.886993],[-58.29061,-31.886995],[-58.291241,-31.886996],[-58.291473,-31.886991],[-58.29194,-31.886999],[-58.29334,-31.887069],[-58.293804,-31.887073],[-58.294037,-31.887064],[-58.294381,-31.887032],[-58.294656,-31.886983],[-58.29486,-31.886919],[-58.295167,-31.886795],[-58.295757,-31.886506],[-58.296059,-31.886369],[-58.296205,-31.886307],[-58.296523,-31.886215],[-58.296704,-31.88619],[-58.297265,-31.886157],[-58.297539,-31.886122],[-58.297756,-31.886049],[-58.297897,-31.885973],[-58.298023,-31.885874],[-58.298243,-31.885653],[-58.298343,-31.885504],[-58.298379,-31.885365],[-58.298397,-31.885222],[-58.298402,-31.884916],[-58.298413,-31.884696],[-58.298444,-31.884562],[-58.29852,-31.884416],[-58.29872,-31.884266],[-58.298897,-31.884205],[-58.299087,-31.884167],[-58.299464,-31.884113],[-58.299655,-31.884084],[-58.299878,-31.884012],[-58.300324,-31.883803],[-58.300546,-31.883694],[-58.30093,-31.883461],[-58.301042,-31.883334],[-58.301299,-31.882889],[-58.301475,-31.882711],[-58.301682,-31.882633],[-58.30186,-31.882608],[-58.302044,-31.882611],[-58.302415,-31.882642],[-58.302834,-31.882644],[-58.303611,-31.882561],[-58.303997,-31.882494],[-58.304378,-31.882368],[-58.304563,-31.882276],[-58.304752,-31.882139],[-58.30492,-31.881943],[-58.305009,-31.881802],[-58.30508,-31.881651],[-58.305245,-31.881252],[-58.305282,-31.881055],[-58.305302,-31.880439],[-58.305367,-31.880145],[-58.305438,-31.880008],[-58.305585,-31.879811],[-58.305686,-31.879684],[-58.305912,-31.879444],[-58.306031,-31.879336],[-58.306285,-31.879121],[-58.306553,-31.878923],[-58.307223,-31.878466],[-58.307477,-31.878354],[-58.307652,-31.878289],[-58.308019,-31.878172],[-58.308287,-31.878083],[-58.308667,-31.877921],[-58.308899,-31.877718],[-58.30891,-31.877556],[-58.308952,-31.877364],[-58.309116,-31.87724],[-58.30939,-31.877092],[-58.309682,-31.876954],[-58.31026,-31.876701],[-58.310681,-31.876501],[-58.310883,-31.876382],[-58.311129,-31.876197],[-58.31162,-31.875788],[-58.311877,-31.875604],[-58.312085,-31.875503],[-58.312354,-31.875504],[-58.312634,-31.875564],[-58.312835,-31.875594],[-58.313034,-31.87557],[-58.313382,-31.875434],[-58.313661,-31.875291],[-58.313866,-31.875187],[-58.314174,-31.875049],[-58.314479,-31.875011],[-58.314724,-31.875124],[-58.314974,-31.87529],[-58.315166,-31.875406],[-58.315351,-31.875466],[-58.315529,-31.875442],[-58.315658,-31.875347],[-58.315731,-31.875152],[-58.315758,-31.874775],[-58.315812,-31.874642],[-58.315951,-31.874498],[-58.316313,-31.874223],[-58.316546,-31.873998],[-58.316708,-31.873734],[-58.316765,-31.873583],[-58.316803,-31.873359],[-58.316766,-31.873159],[-58.31662,-31.873023],[-58.316421,-31.87294],[-58.316175,-31.872795],[-58.315975,-31.872621],[-58.315842,-31.872495],[-58.315591,-31.872234],[-58.315385,-31.872041],[-58.315049,-31.871786],[-58.31482,-31.871674],[-58.314655,-31.871663],[-58.314477,-31.871688],[-58.314281,-31.871694],[-58.313885,-31.87159],[-58.3137,-31.871488],[-58.313572,-31.871362],[-58.313489,-31.871183],[-58.313456,-31.871047],[-58.31342,-31.870627],[-58.313355,-31.870345],[-58.313213,-31.870169],[-58.313084,-31.870074],[-58.31264,-31.869815],[-58.312439,-31.869677],[-58.312301,-31.869537],[-58.312171,-31.869298],[-58.312092,-31.869083],[-58.312034,-31.868928],[-58.311921,-31.868708],[-58.311736,-31.868552],[-58.311361,-31.868471],[-58.311205,-31.868357],[-58.311114,-31.868228],[-58.311028,-31.868053],[-58.311005,-31.867845],[-58.311082,-31.867677],[-58.311255,-31.867476],[-58.31142,-31.867347],[-58.311962,-31.866962],[-58.312202,-31.866764],[-58.312363,-31.866549],[-58.312394,-31.866402],[-58.312344,-31.866202],[-58.312382,-31.866068],[-58.312522,-31.865956],[-58.312824,-31.865738],[-58.313038,-31.86557],[-58.313371,-31.865294],[-58.314045,-31.864738],[-58.314542,-31.864315],[-58.315015,-31.863874],[-58.315285,-31.863591],[-58.315418,-31.863371],[-58.315517,-31.863131],[-58.315644,-31.862861],[-58.315853,-31.862545],[-58.315968,-31.862396],[-58.316143,-31.862173],[-58.316346,-31.861969],[-58.316457,-31.861865],[-58.316617,-31.861776],[-58.316813,-31.861756],[-58.316983,-31.86179],[-58.317208,-31.861883],[-58.317387,-31.861994],[-58.318242,-31.862606],[-58.318648,-31.862824],[-58.318849,-31.862872],[-58.319115,-31.862827],[-58.319282,-31.862707],[-58.319591,-31.862377],[-58.319699,-31.862273],[-58.319846,-31.862183],[-58.320072,-31.862106],[-58.320568,-31.861998],[-58.320808,-31.861935],[-58.321019,-31.861839],[-58.321208,-31.861702],[-58.321327,-31.861599],[-58.321557,-31.861373],[-58.321724,-31.861199],[-58.321994,-31.860975],[-58.32225,-31.860863],[-58.322449,-31.860897],[-58.322659,-31.860972],[-58.322971,-31.861056],[-58.323136,-31.861021],[-58.323277,-31.860901],[-58.323578,-31.860475],[-58.323704,-31.860381],[-58.324573,-31.859944],[-58.325017,-31.859731],[-58.327434,-31.858663],[-58.327659,-31.858536],[-58.327872,-31.858391],[-58.328296,-31.858091],[-58.328621,-31.857883],[-58.328789,-31.85779],[-58.328958,-31.857737],[-58.329157,-31.857754],[-58.329403,-31.857848],[-58.32957,-31.857949],[-58.329738,-31.858068],[-58.330083,-31.858333],[-58.330337,-31.858531],[-58.330467,-31.858621],[-58.330631,-31.858718],[-58.330838,-31.858797],[-58.331021,-31.858826],[-58.331281,-31.85875],[-58.331554,-31.858567],[-58.331757,-31.858403],[-58.332026,-31.858139],[-58.332194,-31.857947],[-58.332301,-31.857815],[-58.332568,-31.857438],[-58.332676,-31.857239],[-58.332763,-31.857035],[-58.332923,-31.856627],[-58.333065,-31.856331],[-58.333199,-31.856115],[-58.333328,-31.855967],[-58.333485,-31.855833],[-58.333809,-31.855579],[-58.334034,-31.855371],[-58.334156,-31.855146],[-58.334122,-31.854969],[-58.334091,-31.854752],[-58.334216,-31.854622],[-58.334546,-31.85453],[-58.334689,-31.854409],[-58.334988,-31.852669],[-58.335083,-31.851772],[-58.335163,-31.851644],[-58.335319,-31.851483],[-58.335488,-31.851368],[-58.335798,-31.851199],[-58.336159,-31.851095],[-58.336347,-31.851183],[-58.336539,-31.851343],[-58.336686,-31.851466],[-58.336915,-31.851587],[-58.337142,-31.851573],[-58.337353,-31.851522],[-58.337994,-31.851325],[-58.338324,-31.851251],[-58.338489,-31.851231],[-58.340222,-31.851128],[-58.341679,-31.849628],[-58.342164,-31.849123],[-58.342401,-31.848866],[-58.34274,-31.848464],[-58.342874,-31.848276],[-58.342957,-31.848148],[-58.343091,-31.847883],[-58.343257,-31.847466],[-58.343524,-31.846616],[-58.34364,-31.84621],[-58.343841,-31.845398],[-58.343867,-31.845147],[-58.343854,-31.844935],[-58.343815,-31.844722],[-58.343731,-31.8443],[-58.343696,-31.843983],[-58.343735,-31.843683],[-58.343796,-31.843532],[-58.343949,-31.843322],[-58.344136,-31.843167],[-58.344388,-31.843023],[-58.344566,-31.842953],[-58.344753,-31.842897],[-58.345135,-31.842807],[-58.345557,-31.842692],[-58.345759,-31.842614],[-58.345971,-31.842536],[-58.34644,-31.8424],[-58.34676,-31.842277],[-58.346921,-31.842161],[-58.347026,-31.841967],[-58.347538,-31.839541],[-58.34784,-31.838255],[-58.348041,-31.838249],[-58.348312,-31.838317],[-58.348523,-31.838375],[-58.348709,-31.838395],[-58.348866,-31.838315],[-58.349181,-31.837818],[-58.349788,-31.836809],[-58.349937,-31.836531],[-58.350232,-31.835956],[-58.350407,-31.835674],[-58.350509,-31.835534],[-58.35072,-31.835474],[-58.350887,-31.835561],[-58.351254,-31.835863],[-58.351441,-31.835987],[-58.351665,-31.83604],[-58.352013,-31.835994],[-58.352191,-31.835965],[-58.352448,-31.835875],[-58.352696,-31.835727],[-58.352804,-31.835627],[-58.352944,-31.835457],[-58.353043,-31.835262],[-58.353088,-31.835106],[-58.353118,-31.834878],[-58.353123,-31.83472],[-58.353115,-31.834418],[-58.353119,-31.834067],[-58.353157,-31.833528],[-58.353152,-31.833258],[-58.353131,-31.832992],[-58.353068,-31.832773],[-58.352765,-31.832609],[-58.352418,-31.832542],[-58.352146,-31.832492],[-58.351918,-31.83242],[-58.351769,-31.832284],[-58.351708,-31.832134],[-58.351651,-31.831911],[-58.351611,-31.831698],[-58.351598,-31.831549],[-58.351594,-31.83126],[-58.351627,-31.830748],[-58.351661,-31.830493],[-58.351726,-31.830103],[-58.351796,-31.829849],[-58.351837,-31.829716],[-58.351905,-31.829529],[-58.352021,-31.829317],[-58.352126,-31.829164],[-58.352322,-31.828946],[-58.352748,-31.828542],[-58.353043,-31.828234],[-58.35317,-31.828076],[-58.353259,-31.827868],[-58.353302,-31.827694],[-58.353317,-31.827496],[-58.353339,-31.82711],[-58.353378,-31.826819],[-58.353478,-31.826561],[-58.35356,-31.826442],[-58.353748,-31.826283],[-58.35394,-31.826182],[-58.35416,-31.826109],[-58.354476,-31.826066],[-58.354752,-31.826067],[-58.354934,-31.826079],[-58.355301,-31.826119],[-58.355568,-31.826151],[-58.355825,-31.826192],[-58.35603,-31.826249],[-58.35624,-31.826324],[-58.356646,-31.826474],[-58.356952,-31.826576],[-58.357261,-31.826636],[-58.357564,-31.826629],[-58.357762,-31.826578],[-58.358009,-31.826488],[-58.358245,-31.826362],[-58.358808,-31.826022],[-58.358991,-31.825885],[-58.359504,-31.82544],[-58.359764,-31.825238],[-58.359906,-31.825153],[-58.360123,-31.825075],[-58.360417,-31.825059],[-58.360624,-31.825089],[-58.36085,-31.825151],[-58.361023,-31.825216],[-58.361279,-31.825374],[-58.361503,-31.825634],[-58.361645,-31.825865],[-58.361752,-31.826044],[-58.36195,-31.82629],[-58.362082,-31.826394],[-58.362388,-31.826599],[-58.362548,-31.826685],[-58.36279,-31.826802],[-58.362958,-31.826858],[-58.36317,-31.826902],[-58.363433,-31.826902],[-58.36375,-31.826837],[-58.363959,-31.826769],[-58.364593,-31.826499],[-58.364915,-31.82638],[-58.365078,-31.826341],[-58.365475,-31.826302],[-58.36578,-31.826326],[-58.36671,-31.826495],[-58.367023,-31.826525],[-58.367183,-31.826531],[-58.367416,-31.826512],[-58.367935,-31.826423],[-58.368198,-31.826369],[-58.368596,-31.826276],[-58.368984,-31.826164],[-58.369172,-31.826099],[-58.36954,-31.825955],[-58.369724,-31.825871],[-58.369979,-31.825732],[-58.370305,-31.825532],[-58.370461,-31.825416],[-58.370673,-31.82523],[-58.370961,-31.824917],[-58.371079,-31.824763],[-58.371282,-31.82446],[-58.371455,-31.824147],[-58.371769,-31.823523],[-58.372008,-31.823059],[-58.372144,-31.82283],[-58.372718,-31.821896],[-58.373018,-31.821435],[-58.373349,-31.820969],[-58.373535,-31.820742],[-58.373722,-31.820537],[-58.373862,-31.820407],[-58.37417,-31.820171],[-58.374333,-31.820064],[-58.374675,-31.81987],[-58.375023,-31.819716],[-58.375396,-31.819576],[-58.375671,-31.81951],[-58.375865,-31.81953],[-58.376011,-31.819617],[-58.376149,-31.819757],[-58.376429,-31.820118],[-58.376647,-31.820396],[-58.376892,-31.820626],[-58.377025,-31.820707],[-58.377244,-31.820756],[-58.377579,-31.820759],[-58.378269,-31.820707],[-58.378621,-31.820684],[-58.378792,-31.820686],[-58.379031,-31.820708],[-58.379185,-31.820741],[-58.379502,-31.820833],[-58.37982,-31.820957],[-58.380454,-31.821206],[-58.380771,-31.821303],[-58.380925,-31.821335],[-58.381394,-31.821348],[-58.381623,-31.821293],[-58.381779,-31.821227],[-58.381967,-31.821112],[-58.382099,-31.821],[-58.382203,-31.820864],[-58.382295,-31.820669],[-58.382344,-31.820374],[-58.382348,-31.820135],[-58.382356,-31.81987],[-58.382335,-31.819712],[-58.382238,-31.819226],[-58.382203,-31.818865],[-58.382253,-31.818556],[-58.382297,-31.818404],[-58.382405,-31.818188],[-58.382502,-31.818043],[-58.382661,-31.817877],[-58.382863,-31.817799],[-58.383023,-31.817814],[-58.383511,-31.817917],[-58.383671,-31.817864],[-58.385002,-31.816873],[-58.385417,-31.816582],[-58.386237,-31.816053],[-58.386647,-31.815771],[-58.38685,-31.815621],[-58.387116,-31.815405],[-58.387246,-31.815284],[-58.387443,-31.815093],[-58.387805,-31.814647],[-58.38782,-31.814503],[-58.387748,-31.814307],[-58.387634,-31.814114],[-58.387562,-31.813971],[-58.387523,-31.813794],[-58.387531,-31.813209],[-58.387546,-31.812922],[-58.387584,-31.81263],[-58.387615,-31.812483],[-58.387711,-31.812194],[-58.387771,-31.812052],[-58.387898,-31.811827],[-58.388076,-31.81159],[-58.388328,-31.811352],[-58.388508,-31.811228],[-58.388714,-31.811114],[-58.388862,-31.811051],[-58.389165,-31.810954],[-58.389477,-31.810876],[-58.389687,-31.810838],[-58.390109,-31.810786],[-58.390321,-31.810767],[-58.390738,-31.810755],[-58.391163,-31.810757],[-58.391444,-31.810771],[-58.392143,-31.810824],[-58.392433,-31.810879],[-58.393304,-31.811122],[-58.39374,-31.811192],[-58.393959,-31.811191],[-58.394132,-31.811171],[-58.394475,-31.811102],[-58.394823,-31.811011],[-58.395045,-31.810938],[-58.395499,-31.810765],[-58.395809,-31.810628],[-58.396389,-31.81032],[-58.396683,-31.810178],[-58.396839,-31.81012],[-58.397008,-31.810064],[-58.39735,-31.809972],[-58.397697,-31.80989],[-58.398172,-31.80977],[-58.398172,-31.809375],[-58.398633,-31.809243],[-58.398978,-31.809473],[-58.39934,-31.809506],[-58.399866,-31.809622],[-58.400046,-31.809806],[-58.400281,-31.810048],[-58.400595,-31.810283],[-58.400831,-31.810676],[-58.400988,-31.811069],[-58.401224,-31.811305],[-58.401459,-31.811383],[-58.401852,-31.81099],[-58.402009,-31.810755],[-58.402245,-31.810441],[-58.402402,-31.810205],[-58.402716,-31.810126],[-58.403109,-31.810519],[-58.40358,-31.810912],[-58.403895,-31.810912],[-58.40413,-31.810755],[-58.404366,-31.810755],[-58.404601,-31.811147],[-58.40523,-31.811462],[-58.40578,-31.81154],[-58.406408,-31.811619],[-58.40688,-31.811619],[-58.407508,-31.811226],[-58.408294,-31.810676],[-58.408765,-31.810283],[-58.409472,-31.809969],[-58.409943,-31.809498],[-58.410493,-31.809262],[-58.410886,-31.808791],[-58.411357,-31.808241],[-58.411828,-31.808241],[-58.412221,-31.808241],[-58.412378,-31.808634],[-58.412143,-31.809105],[-58.412143,-31.809498],[-58.412378,-31.809812],[-58.41285,-31.809969],[-58.413164,-31.810048],[-58.413557,-31.810126],[-58.414107,-31.810205],[-58.414656,-31.810205],[-58.414971,-31.810048],[-58.415206,-31.809891],[-58.415678,-31.809891],[-58.41607,-31.810048],[-58.416542,-31.810205],[-58.417013,-31.810283],[-58.417406,-31.810519],[-58.417641,-31.810755],[-58.418034,-31.810833],[-58.418584,-31.810598],[-58.419291,-31.810362],[-58.419605,-31.810126],[-58.420155,-31.809969],[-58.420627,-31.809576],[-58.421019,-31.809576],[-58.421491,-31.809891],[-58.421883,-31.809891],[-58.422119,-31.809655],[-58.422512,-31.809576],[-58.423062,-31.809576],[-58.423533,-31.809812],[-58.424004,-31.810126],[-58.42424,-31.810441],[-58.424554,-31.810833],[-58.424711,-31.811305],[-58.425261,-31.811697],[-58.425575,-31.811933],[-58.426047,-31.812169],[-58.426597,-31.81209],[-58.427225,-31.811854],[-58.427618,-31.81209],[-58.428089,-31.812012],[-58.428718,-31.81154],[-58.429189,-31.81154],[-58.429896,-31.811776],[-58.430132,-31.81209],[-58.430446,-31.812876],[-58.431074,-31.813268],[-58.431781,-31.813268],[-58.432331,-31.813033],[-58.43296,-31.813033],[-58.433509,-31.81319],[-58.433745,-31.813426],[-58.434059,-31.814133],[-58.434766,-31.814525],[-58.435238,-31.81484],[-58.43563,-31.815154],[-58.43618,-31.815311],[-58.436494,-31.815311],[-58.437044,-31.815311],[-58.437516,-31.815625],[-58.437987,-31.815939],[-58.43838,-31.816175],[-58.439008,-31.816489],[-58.439401,-31.816489],[-58.439794,-31.816254],[-58.440129,-31.816137],[-58.440579,-31.816175],[-58.441662,-31.816663],[-58.4418,-31.81674],[-58.442081,-31.816759],[-58.442425,-31.81674],[-58.442803,-31.816722],[-58.442966,-31.816737],[-58.445107,-31.817111],[-58.445419,-31.817145],[-58.445732,-31.81716],[-58.446358,-31.817183],[-58.446811,-31.817208],[-58.447125,-31.817251],[-58.447292,-31.817347],[-58.44744,-31.817492],[-58.447703,-31.817825],[-58.447834,-31.817961],[-58.44798,-31.818038],[-58.44815,-31.818017],[-58.448361,-31.817862],[-58.448567,-31.817631],[-58.448734,-31.817453],[-58.44891,-31.817315],[-58.449166,-31.817247],[-58.449515,-31.817273],[-58.450236,-31.817358],[-58.450596,-31.817398],[-58.450775,-31.817404],[-58.451085,-31.81742],[-58.451691,-31.817477],[-58.452144,-31.817494],[-58.452595,-31.817442],[-58.452809,-31.817378],[-58.453295,-31.817188],[-58.453605,-31.817051],[-58.454223,-31.816762],[-58.454919,-31.816449],[-58.456799,-31.815638],[-58.457901,-31.815223],[-58.458161,-31.815237],[-58.458427,-31.815296],[-58.458623,-31.815334],[-58.458879,-31.815389],[-58.459073,-31.815463],[-58.459945,-31.815859],[-58.460134,-31.815924],[-58.460366,-31.815973],[-58.460607,-31.815959],[-58.460732,-31.815833],[-58.46082,-31.815647],[-58.460942,-31.815471],[-58.461175,-31.815345],[-58.461392,-31.815267],[-58.461625,-31.815194],[-58.462124,-31.815068],[-58.462483,-31.814955],[-58.462802,-31.814808],[-58.462936,-31.81471],[-58.463054,-31.814601],[-58.463162,-31.814447],[-58.463253,-31.814257],[-58.463319,-31.814052],[-58.463433,-31.813647],[-58.46354,-31.813353],[-58.463615,-31.813212],[-58.463855,-31.812833],[-58.464367,-31.812086],[-58.464477,-31.811941],[-58.464707,-31.811657],[-58.464955,-31.811382],[-58.465459,-31.810837],[-58.465817,-31.810422],[-58.466022,-31.810101],[-58.465977,-31.809901],[-58.465863,-31.80969],[-58.465778,-31.809534],[-58.465755,-31.809317],[-58.465889,-31.809164],[-58.466041,-31.809066],[-58.466197,-31.808999],[-58.466645,-31.808858],[-58.466862,-31.808825],[-58.46751,-31.808789],[-58.46783,-31.80872],[-58.467991,-31.808663],[-58.468289,-31.808493],[-58.468421,-31.80839],[-58.468605,-31.808234],[-58.468834,-31.807977],[-58.468988,-31.807685],[-58.469047,-31.807439],[-58.46903,-31.807259],[-58.46897,-31.807076],[-58.468803,-31.806715],[-58.468696,-31.806436],[-58.468673,-31.8063],[-58.468644,-31.805867],[-58.468655,-31.805651],[-58.468702,-31.805504],[-58.468792,-31.805323],[-58.468892,-31.805214],[-58.469023,-31.805124],[-58.469241,-31.805042],[-58.469449,-31.804995],[-58.469772,-31.804971],[-58.470112,-31.805023],[-58.470288,-31.805201],[-58.470464,-31.805432],[-58.470595,-31.805599],[-58.470734,-31.805721],[-58.470925,-31.805755],[-58.471279,-31.805628],[-58.471455,-31.805544],[-58.472114,-31.805162],[-58.472419,-31.804961],[-58.472707,-31.804737],[-58.472881,-31.804568],[-58.472932,-31.804345],[-58.472918,-31.803975],[-58.47297,-31.803828],[-58.473227,-31.803527],[-58.473384,-31.803402],[-58.473639,-31.803244],[-58.473819,-31.803174],[-58.474041,-31.803123],[-58.474369,-31.803099],[-58.474781,-31.803141],[-58.475025,-31.803204],[-58.475202,-31.803268],[-58.47543,-31.803389],[-58.475633,-31.803558],[-58.475757,-31.80372],[-58.475854,-31.803899],[-58.476024,-31.804288],[-58.476155,-31.804581],[-58.476319,-31.804844],[-58.476421,-31.804964],[-58.476617,-31.805106],[-58.477005,-31.805318],[-58.477206,-31.805411],[-58.477517,-31.805526],[-58.477832,-31.805613]]]}},{"type":"Feature","properties":{"departamento":"Colón","distrito":"Distrito 2°","techo_ha":51.0,"total_ha":168.61,"ep":395,"potencia_kwp":84302,"inversion_musd":59.0,"generacion_gwh":96.3,"co2_tn":42235},"geometry":{"type":"Polygon","coordinates":[[[-58.138462,-32.022156],[-58.161887,-32.019539],[-58.162566,-32.018666],[-58.162445,-32.017579],[-58.162324,-32.015766],[-58.162324,-32.013712],[-58.161841,-32.011779],[-58.161478,-32.010329],[-58.160874,-32.00912],[-58.160391,-32.007308],[-58.160632,-32.005737],[-58.16172,-32.004408],[-58.162203,-32.003079],[-58.162082,-32.002112],[-58.162445,-32.001145],[-58.163653,-32.000783],[-58.165103,-32.000662],[-58.166191,-32.000783],[-58.167158,-32.001024],[-58.168003,-32.000783],[-58.168849,-32.00042],[-58.169695,-32.00042],[-58.170058,-32.001145],[-58.170903,-32.001991],[-58.171508,-32.002595],[-58.172595,-32.002837],[-58.173078,-32.002233],[-58.172669,-31.999997],[-58.171608,-31.997665],[-58.171567,-31.997488],[-58.171623,-31.997274],[-58.171699,-31.997129],[-58.171802,-31.996988],[-58.172036,-31.9967],[-58.172245,-31.996384],[-58.172317,-31.99613],[-58.172314,-31.995941],[-58.172234,-31.995348],[-58.172244,-31.995056],[-58.172288,-31.994914],[-58.172462,-31.994515],[-58.172565,-31.994325],[-58.172733,-31.994044],[-58.172932,-31.993777],[-58.173039,-31.993646],[-58.173269,-31.993398],[-58.173394,-31.993281],[-58.173593,-31.993113],[-58.174085,-31.992745],[-58.17509,-31.992062],[-58.175584,-31.991712],[-58.175823,-31.991523],[-58.177793,-31.989937],[-58.1786,-31.989301],[-58.17902,-31.988993],[-58.179466,-31.988691],[-58.179702,-31.988533],[-58.179905,-31.988428],[-58.180066,-31.988344],[-58.180252,-31.98827],[-58.180541,-31.988196],[-58.180833,-31.988166],[-58.181091,-31.98819],[-58.181328,-31.988244],[-58.181561,-31.988329],[-58.18203,-31.988518],[-58.182385,-31.98864],[-58.182565,-31.988682],[-58.183444,-31.988842],[-58.183895,-31.9889],[-58.18434,-31.988926],[-58.184562,-31.988925],[-58.184727,-31.988913],[-58.185059,-31.988872],[-58.185387,-31.988808],[-58.185607,-31.988744],[-58.18604,-31.988608],[-58.186398,-31.988464],[-58.186623,-31.988355],[-58.18706,-31.988129],[-58.187388,-31.987966],[-58.187564,-31.987896],[-58.187776,-31.987832],[-58.187954,-31.987802],[-58.18814,-31.987787],[-58.188521,-31.98777],[-58.1888,-31.98774],[-58.188984,-31.987707],[-58.189212,-31.987634],[-58.189491,-31.987456],[-58.189632,-31.987294],[-58.189723,-31.987113],[-58.189851,-31.98674],[-58.189868,-31.986561],[-58.189855,-31.986411],[-58.189813,-31.986257],[-58.189708,-31.985942],[-58.189651,-31.985719],[-58.189667,-31.985508],[-58.189782,-31.985337],[-58.189954,-31.985227],[-58.190205,-31.985119],[-58.19038,-31.985054],[-58.190731,-31.984968],[-58.191001,-31.984897],[-58.192425,-31.984537],[-58.192828,-31.984404],[-58.19303,-31.984322],[-58.193309,-31.984188],[-58.193572,-31.984013],[-58.193741,-31.983871],[-58.193833,-31.983672],[-58.193866,-31.983448],[-58.193906,-31.983288],[-58.194004,-31.983134],[-58.194245,-31.982868],[-58.194467,-31.982665],[-58.19463,-31.982514],[-58.194854,-31.982279],[-58.19495,-31.982161],[-58.195031,-31.981971],[-58.195045,-31.9818],[-58.195034,-31.981615],[-58.19497,-31.981226],[-58.194942,-31.98095],[-58.194969,-31.98078],[-58.195125,-31.980534],[-58.195496,-31.980345],[-58.195811,-31.980285],[-58.196031,-31.980275],[-58.196242,-31.980274],[-58.196668,-31.980313],[-58.197946,-31.980479],[-58.198291,-31.980429],[-58.198567,-31.980363],[-58.19891,-31.980326],[-58.199077,-31.980359],[-58.199306,-31.980472],[-58.19944,-31.980594],[-58.199544,-31.980724],[-58.1997,-31.981013],[-58.1999,-31.981327],[-58.20055,-31.982081],[-58.200891,-31.982441],[-58.201247,-31.982796],[-58.201434,-31.982966],[-58.201605,-31.983071],[-58.201824,-31.983133],[-58.202157,-31.983132],[-58.202471,-31.983077],[-58.203469,-31.982795],[-58.203938,-31.982714],[-58.204154,-31.982722],[-58.204358,-31.982766],[-58.204533,-31.982853],[-58.204764,-31.983074],[-58.20493,-31.983278],[-58.205054,-31.983436],[-58.20519,-31.983576],[-58.205381,-31.983709],[-58.205688,-31.983843],[-58.205948,-31.983929],[-58.206226,-31.984002],[-58.206798,-31.984132],[-58.207229,-31.984229],[-58.207637,-31.984353],[-58.207831,-31.984423],[-58.208105,-31.984555],[-58.208285,-31.984688],[-58.208416,-31.984819],[-58.208527,-31.984963],[-58.208741,-31.985273],[-58.208903,-31.985495],[-58.209031,-31.985639],[-58.209205,-31.98579],[-58.209398,-31.985896],[-58.209641,-31.985991],[-58.209801,-31.986056],[-58.210134,-31.986158],[-58.210637,-31.986285],[-58.210969,-31.986347],[-58.211197,-31.986383],[-58.211654,-31.986441],[-58.212044,-31.986456],[-58.212367,-31.986441],[-58.212686,-31.986408],[-58.213329,-31.986324],[-58.213802,-31.986279],[-58.214269,-31.986288],[-58.214492,-31.986319],[-58.214822,-31.986412],[-58.215342,-31.986616],[-58.216361,-31.987033],[-58.217137,-31.987346],[-58.219016,-31.988092],[-58.219964,-31.988457],[-58.220303,-31.988542],[-58.220741,-31.988558],[-58.221038,-31.988533],[-58.221333,-31.988486],[-58.221531,-31.988444],[-58.222008,-31.988309],[-58.222202,-31.98819],[-58.222318,-31.988091],[-58.222541,-31.987865],[-58.222836,-31.98762],[-58.223004,-31.987536],[-58.223167,-31.987511],[-58.223471,-31.987495],[-58.224079,-31.987491],[-58.224686,-31.987505],[-58.225899,-31.987546],[-58.226807,-31.987562],[-58.227417,-31.987558],[-58.227718,-31.987565],[-58.227943,-31.987556],[-58.228283,-31.987505],[-58.22845,-31.987453],[-58.22877,-31.987339],[-58.229073,-31.987202],[-58.229657,-31.9869],[-58.230091,-31.986673],[-58.230315,-31.986569],[-58.230529,-31.986469],[-58.230953,-31.986251],[-58.231275,-31.986105],[-58.231586,-31.986014],[-58.23185,-31.986006],[-58.232048,-31.986121],[-58.232265,-31.986354],[-58.232514,-31.986593],[-58.232995,-31.986895],[-58.234013,-31.987487],[-58.234504,-31.987794],[-58.234733,-31.987964],[-58.234878,-31.988123],[-58.234978,-31.988338],[-58.235009,-31.988502],[-58.235058,-31.98903],[-58.235089,-31.989202],[-58.235161,-31.989403],[-58.235268,-31.989574],[-58.235375,-31.989695],[-58.235612,-31.98992],[-58.235866,-31.990119],[-58.236183,-31.990311],[-58.236527,-31.990463],[-58.236832,-31.990538],[-58.237037,-31.990554],[-58.23734,-31.99053],[-58.237613,-31.99045],[-58.237843,-31.990288],[-58.238052,-31.990093],[-58.23824,-31.989879],[-58.238593,-31.989433],[-58.238881,-31.989116],[-58.23904,-31.988968],[-58.239586,-31.988521],[-58.239864,-31.988302],[-58.240302,-31.987998],[-58.240608,-31.987807],[-58.240774,-31.987719],[-58.241012,-31.987597],[-58.241222,-31.987524],[-58.241471,-31.987466],[-58.241829,-31.987439],[-58.24215,-31.987456],[-58.242465,-31.987499],[-58.242672,-31.987534],[-58.243061,-31.98762],[-58.243348,-31.98773],[-58.243571,-31.98786],[-58.243786,-31.988008],[-58.244205,-31.988334],[-58.244526,-31.988553],[-58.244861,-31.988714],[-58.245043,-31.988762],[-58.245323,-31.988777],[-58.249157,-31.98848],[-58.249984,-31.988488],[-58.250403,-31.988495],[-58.25103,-31.988532],[-58.251656,-31.988587],[-58.251966,-31.988625],[-58.252206,-31.98867],[-58.252461,-31.988757],[-58.25266,-31.988845],[-58.252796,-31.988922],[-58.253074,-31.989099],[-58.253863,-31.989674],[-58.254132,-31.989841],[-58.254266,-31.989918],[-58.254472,-31.990021],[-58.254802,-31.990123],[-58.255116,-31.990175],[-58.255485,-31.990198],[-58.255791,-31.990192],[-58.256025,-31.990178],[-58.256492,-31.990123],[-58.256959,-31.990037],[-58.257258,-31.989967],[-58.257457,-31.989912],[-58.257833,-31.989791],[-58.258077,-31.989669],[-58.258258,-31.989537],[-58.258427,-31.989381],[-58.258743,-31.989041],[-58.25898,-31.988798],[-58.259236,-31.988605],[-58.259377,-31.988529],[-58.259602,-31.988466],[-58.259941,-31.988442],[-58.260226,-31.988453],[-58.260662,-31.98851],[-58.260949,-31.988566],[-58.261494,-31.988708],[-58.261829,-31.988828],[-58.262097,-31.988951],[-58.263279,-31.989589],[-58.263672,-31.989766],[-58.263874,-31.989837],[-58.264072,-31.989885],[-58.264279,-31.989915],[-58.264507,-31.989905],[-58.264678,-31.989871],[-58.264931,-31.989777],[-58.265084,-31.989684],[-58.265239,-31.989546],[-58.265377,-31.989366],[-58.265609,-31.989024],[-58.265743,-31.988786],[-58.265999,-31.988318],[-58.266189,-31.987965],[-58.267234,-31.986081],[-58.267318,-31.985949],[-58.267505,-31.985704],[-58.267722,-31.985474],[-58.268001,-31.985241],[-58.268338,-31.985015],[-58.268533,-31.984923],[-58.268887,-31.984811],[-58.269185,-31.984768],[-58.269574,-31.984751],[-58.270045,-31.984782],[-58.270355,-31.984829],[-58.270657,-31.984904],[-58.27085,-31.984956],[-58.271314,-31.985126],[-58.271504,-31.985241],[-58.271626,-31.985332],[-58.271861,-31.985529],[-58.272039,-31.985676],[-58.272338,-31.985867],[-58.2725,-31.98594],[-58.272908,-31.986082],[-58.273121,-31.986144],[-58.273434,-31.986223],[-58.273751,-31.986284],[-58.27391,-31.986308],[-58.274377,-31.98633],[-58.274602,-31.986312],[-58.274875,-31.986254],[-58.275097,-31.986191],[-58.275429,-31.986059],[-58.276081,-31.985754],[-58.276413,-31.985623],[-58.276582,-31.985566],[-58.276841,-31.985508],[-58.277326,-31.985436],[-58.27766,-31.985413],[-58.277882,-31.985403],[-58.27832,-31.985401],[-58.278606,-31.985448],[-58.278834,-31.985528],[-58.279064,-31.985632],[-58.279517,-31.985865],[-58.27985,-31.986012],[-58.280071,-31.986079],[-58.280337,-31.986093],[-58.280575,-31.986035],[-58.282122,-31.985331],[-58.284409,-31.984304],[-58.28463,-31.984227],[-58.284894,-31.984174],[-58.285107,-31.984155],[-58.285439,-31.984154],[-58.286124,-31.984188],[-58.286636,-31.984207],[-58.286962,-31.984188],[-58.287121,-31.984171],[-58.287354,-31.984112],[-58.287673,-31.983967],[-58.287842,-31.98386],[-58.288139,-31.983633],[-58.288418,-31.983387],[-58.289028,-31.982775],[-58.289192,-31.982573],[-58.289299,-31.982433],[-58.289501,-31.982157],[-58.289654,-31.98196],[-58.289932,-31.981678],[-58.290092,-31.981549],[-58.290381,-31.981366],[-58.290577,-31.981265],[-58.290985,-31.981087],[-58.291197,-31.981005],[-58.29163,-31.980868],[-58.292942,-31.980516],[-58.293231,-31.980445],[-58.293454,-31.980517],[-58.294853,-31.981001],[-58.294936,-31.98113],[-58.294948,-31.981311],[-58.294884,-31.981732],[-58.294877,-31.981875],[-58.294903,-31.982038],[-58.294979,-31.982163],[-58.295226,-31.982379],[-58.295353,-31.982478],[-58.295558,-31.982608],[-58.295777,-31.98271],[-58.295993,-31.982772],[-58.296214,-31.982735],[-58.296369,-31.982665],[-58.296674,-31.982487],[-58.296899,-31.982365],[-58.297116,-31.982296],[-58.297359,-31.982355],[-58.297486,-31.982454],[-58.297718,-31.98267],[-58.297918,-31.982898],[-58.298271,-31.983384],[-58.298387,-31.983591],[-58.298451,-31.983782],[-58.298499,-31.983973],[-58.29859,-31.984364],[-58.298688,-31.984624],[-58.298772,-31.984785],[-58.298934,-31.98493],[-58.29913,-31.985018],[-58.299328,-31.985066],[-58.299724,-31.985131],[-58.299995,-31.985154],[-58.300529,-31.985187],[-58.300929,-31.98522],[-58.301461,-31.985258],[-58.302167,-31.985284],[-58.302512,-31.985306],[-58.302867,-31.985342],[-58.303042,-31.985366],[-58.30331,-31.985412],[-58.303489,-31.985473],[-58.303666,-31.985578],[-58.303784,-31.985686],[-58.303946,-31.985873],[-58.304042,-31.986016],[-58.304215,-31.986301],[-58.304416,-31.986606],[-58.304512,-31.986753],[-58.304688,-31.987071],[-58.305117,-31.988082],[-58.305282,-31.988376],[-58.305373,-31.988505],[-58.305533,-31.988678],[-58.305719,-31.988721],[-58.305877,-31.988673],[-58.306113,-31.988546],[-58.306301,-31.988495],[-58.30643,-31.988283],[-58.306534,-31.988166],[-58.306721,-31.98792],[-58.307178,-31.987145],[-58.307357,-31.986899],[-58.307458,-31.986786],[-58.307629,-31.98663],[-58.308213,-31.986166],[-58.30852,-31.985943],[-58.308837,-31.985734],[-58.308998,-31.985637],[-58.309342,-31.985469],[-58.309513,-31.98539],[-58.309787,-31.985292],[-58.310761,-31.984995],[-58.311418,-31.984808],[-58.31272,-31.984442],[-58.314891,-31.983874],[-58.315276,-31.983784],[-58.316047,-31.983642],[-58.316623,-31.983528],[-58.316873,-31.983447],[-58.31706,-31.983355],[-58.317874,-31.982867],[-58.318061,-31.98278],[-58.318305,-31.982708],[-58.318539,-31.982685],[-58.319222,-31.982688],[-58.320592,-31.982716],[-58.322066,-31.982757],[-58.322518,-31.982751],[-58.32282,-31.982739],[-58.323414,-31.982689],[-58.323577,-31.982601],[-58.323653,-31.982406],[-58.323682,-31.982105],[-58.323701,-31.98188],[-58.32375,-31.981698],[-58.323914,-31.981587],[-58.324101,-31.981594],[-58.324261,-31.981626],[-58.324417,-31.981673],[-58.324735,-31.981806],[-58.324973,-31.9819],[-58.32534,-31.982],[-58.325528,-31.982006],[-58.326294,-31.981954],[-58.326806,-31.981905],[-58.327149,-31.981864],[-58.327827,-31.981767],[-58.328119,-31.981697],[-58.32835,-31.98162],[-58.329349,-31.981175],[-58.329669,-31.98107],[-58.329829,-31.98104],[-58.330067,-31.98103],[-58.330226,-31.981135],[-58.330279,-31.981277],[-58.330345,-31.981639],[-58.330398,-31.981803],[-58.330527,-31.981957],[-58.330818,-31.982112],[-58.330968,-31.98218],[-58.331201,-31.982274],[-58.33144,-31.982351],[-58.33167,-31.982404],[-58.33204,-31.9824],[-58.33234,-31.982366],[-58.33256,-31.982338],[-58.332883,-31.982336],[-58.333146,-31.982409],[-58.333321,-31.982546],[-58.333416,-31.982662],[-58.333584,-31.982925],[-58.333709,-31.983128],[-58.333934,-31.98337],[-58.334151,-31.983473],[-58.334423,-31.983519],[-58.334652,-31.983532],[-58.334821,-31.983542],[-58.335065,-31.983574],[-58.335301,-31.983655],[-58.335532,-31.983785],[-58.335683,-31.983889],[-58.335983,-31.984116],[-58.336209,-31.984291],[-58.336547,-31.984502],[-58.336731,-31.984572],[-58.337058,-31.984647],[-58.337239,-31.984667],[-58.337521,-31.984673],[-58.337939,-31.984612],[-58.338116,-31.984555],[-58.338311,-31.984459],[-58.338463,-31.984338],[-58.338623,-31.984097],[-58.338715,-31.983893],[-58.338832,-31.983677],[-58.339111,-31.983277],[-58.339658,-31.982442],[-58.339851,-31.982174],[-58.33995,-31.982043],[-58.340118,-31.98186],[-58.340359,-31.981635],[-58.340485,-31.981536],[-58.340695,-31.981404],[-58.341044,-31.981246],[-58.34164,-31.981056],[-58.342837,-31.980731],[-58.346034,-31.979876],[-58.347033,-31.979809],[-58.347321,-31.979815],[-58.347546,-31.97985],[-58.347877,-31.979943],[-58.348095,-31.980019],[-58.348527,-31.980197],[-58.348854,-31.980317],[-58.349026,-31.980364],[-58.349282,-31.980418],[-58.350417,-31.98059],[-58.352715,-31.980909],[-58.35299,-31.980951],[-58.35354,-31.981043],[-58.355182,-31.981373],[-58.355732,-31.98147],[-58.356002,-31.981511],[-58.356411,-31.981558],[-58.356957,-31.981582],[-58.357226,-31.981579],[-58.357627,-31.981553],[-58.358029,-31.981491],[-58.358223,-31.981453],[-58.360698,-31.980859],[-58.362495,-31.98038],[-58.370248,-31.980765],[-58.392814,-31.980765],[-58.419036,-31.980144],[-58.420241,-31.98001],[-58.42222,-31.979419],[-58.422492,-31.98037],[-58.422624,-31.980852],[-58.422683,-31.981138],[-58.422794,-31.981728],[-58.422927,-31.982511],[-58.423008,-31.982906],[-58.423153,-31.983483],[-58.423251,-31.98364],[-58.423455,-31.983733],[-58.423668,-31.983758],[-58.424038,-31.983749],[-58.424559,-31.983732],[-58.424812,-31.98375],[-58.425,-31.983789],[-58.425227,-31.983905],[-58.425526,-31.984213],[-58.425643,-31.984366],[-58.4258,-31.984592],[-58.425926,-31.984822],[-58.426011,-31.98509],[-58.426023,-31.985271],[-58.425991,-31.985427],[-58.425899,-31.985627],[-58.425796,-31.985785],[-58.425595,-31.986012],[-58.425437,-31.986159],[-58.425096,-31.98644],[-58.424955,-31.986511],[-58.424768,-31.986549],[-58.424609,-31.986562],[-58.424126,-31.986553],[-58.423916,-31.986582],[-58.423753,-31.986675],[-58.423664,-31.986816],[-58.423618,-31.987053],[-58.423629,-31.987292],[-58.423653,-31.987459],[-58.423734,-31.987791],[-58.423852,-31.988232],[-58.423896,-31.988459],[-58.423928,-31.988676],[-58.42394,-31.989023],[-58.423932,-31.98918],[-58.423898,-31.98949],[-58.423814,-31.989955],[-58.42374,-31.990268],[-58.423551,-31.990891],[-58.42348,-31.991042],[-58.423302,-31.991314],[-58.422883,-31.991831],[-58.422769,-31.992007],[-58.422682,-31.992202],[-58.422653,-31.992412],[-58.422658,-31.992633],[-58.422672,-31.992782],[-58.422737,-31.993059],[-58.422832,-31.993238],[-58.422935,-31.993345],[-58.423194,-31.993553],[-58.423787,-31.993943],[-58.423947,-31.99408],[-58.424092,-31.994247],[-58.424151,-31.99438],[-58.424152,-31.994623],[-58.424087,-31.994864],[-58.423897,-31.995348],[-58.423827,-31.995588],[-58.423808,-31.995759],[-58.423833,-31.996111],[-58.423862,-31.996418],[-58.42387,-31.996576],[-58.42385,-31.996814],[-58.423806,-31.996961],[-58.423715,-31.997147],[-58.423611,-31.997269],[-58.423458,-31.997376],[-58.423221,-31.997458],[-58.422948,-31.997475],[-58.422498,-31.997445],[-58.42186,-31.997359],[-58.421542,-31.997329],[-58.421341,-31.997336],[-58.421105,-31.997363],[-58.420901,-31.997419],[-58.420452,-31.997623],[-58.420238,-31.997737],[-58.41993,-31.997933],[-58.419639,-31.998152],[-58.419514,-31.998274],[-58.419419,-31.998486],[-58.419453,-31.998744],[-58.419551,-31.998901],[-58.419782,-31.999044],[-58.420216,-31.999191],[-58.420838,-31.999321],[-58.421135,-31.999409],[-58.42131,-31.999491],[-58.421504,-31.999629],[-58.421834,-31.999937],[-58.421901,-31.999999],[-58.421837,-32.000718],[-58.422057,-32.001304],[-58.422496,-32.001817],[-58.422716,-32.00255],[-58.422643,-32.003135],[-58.422496,-32.003575],[-58.42213,-32.003795],[-58.421471,-32.003795],[-58.420885,-32.003868],[-58.420226,-32.003868],[-58.41954,-32.003782],[-58.419212,-32.003752],[-58.419174,-32.003926],[-58.419113,-32.004086],[-58.418948,-32.004156],[-58.41848,-32.004275],[-58.418322,-32.004417],[-58.418401,-32.004591],[-58.418485,-32.004707],[-58.418682,-32.004939],[-58.418873,-32.005095],[-58.419013,-32.005185],[-58.419189,-32.005367],[-58.419193,-32.005512],[-58.41907,-32.005791],[-58.418878,-32.006527],[-58.418786,-32.006785],[-58.418576,-32.007286],[-58.418448,-32.007673],[-58.418186,-32.008794],[-58.418124,-32.00903],[-58.417927,-32.009914],[-58.418256,-32.010314],[-58.418384,-32.010435],[-58.418595,-32.010668],[-58.418877,-32.010989],[-58.419057,-32.011049],[-58.419373,-32.011056],[-58.419528,-32.01113],[-58.419705,-32.011294],[-58.419848,-32.011389],[-58.420055,-32.011437],[-58.42065,-32.011472],[-58.420819,-32.011528],[-58.421118,-32.011723],[-58.421337,-32.011906],[-58.421611,-32.012178],[-58.421723,-32.012326],[-58.421786,-32.012477],[-58.421811,-32.012613],[-58.421798,-32.012819],[-58.421737,-32.013047],[-58.421666,-32.013206],[-58.421572,-32.013324],[-58.421295,-32.01353],[-58.421154,-32.013714],[-58.421103,-32.013938],[-58.42109,-32.014194],[-58.421097,-32.014388],[-58.421153,-32.014687],[-58.421241,-32.014893],[-58.421409,-32.015074],[-58.421568,-32.015206],[-58.421791,-32.015413],[-58.421876,-32.01556],[-58.421927,-32.015746],[-58.421998,-32.016127],[-58.422058,-32.016413],[-58.422203,-32.01685],[-58.422322,-32.01721],[-58.422366,-32.017392],[-58.422386,-32.017577],[-58.422357,-32.017783],[-58.422292,-32.01793],[-58.422193,-32.018057],[-58.422019,-32.018199],[-58.421792,-32.018308],[-58.421631,-32.018352],[-58.421127,-32.01845],[-58.420456,-32.018548],[-58.420151,-32.01851],[-58.419919,-32.018551],[-58.419739,-32.018675],[-58.419589,-32.018863],[-58.419522,-32.018996],[-58.419467,-32.019142],[-58.419381,-32.019445],[-58.4193,-32.019785],[-58.419292,-32.019955],[-58.419362,-32.020197],[-58.419502,-32.0204],[-58.419749,-32.020643],[-58.419979,-32.020809],[-58.420127,-32.020954],[-58.420306,-32.021185],[-58.420623,-32.021566],[-58.420706,-32.021686],[-58.420834,-32.021929],[-58.420925,-32.022185],[-58.421059,-32.022825],[-58.420956,-32.022996],[-58.420781,-32.023062],[-58.420562,-32.023099],[-58.420268,-32.02317],[-58.420167,-32.023279],[-58.420117,-32.023493],[-58.420097,-32.023726],[-58.420086,-32.02396],[-58.420192,-32.024162],[-58.420425,-32.02436],[-58.420676,-32.024522],[-58.420947,-32.024712],[-58.421435,-32.025144],[-58.4216,-32.025294],[-58.421893,-32.02561],[-58.421902,-32.026174],[-58.422634,-32.026605],[-58.423083,-32.026599],[-58.423948,-32.026594],[-58.424291,-32.026553],[-58.424792,-32.026562],[-58.425041,-32.026611],[-58.425309,-32.02663],[-58.425472,-32.026595],[-58.425637,-32.026529],[-58.425956,-32.026379],[-58.426118,-32.026313],[-58.426324,-32.026266],[-58.426643,-32.026282],[-58.426807,-32.026324],[-58.427132,-32.02643],[-58.427358,-32.026569],[-58.427451,-32.026716],[-58.427455,-32.026897],[-58.427366,-32.027209],[-58.42726,-32.027475],[-58.427208,-32.027671],[-58.427198,-32.027824],[-58.427232,-32.028145],[-58.42722,-32.028374],[-58.427143,-32.028551],[-58.426902,-32.028871],[-58.426765,-32.029132],[-58.426675,-32.029507],[-58.426644,-32.0297],[-58.426609,-32.029987],[-58.426602,-32.03018],[-58.426617,-32.030577],[-58.426667,-32.030952],[-58.426795,-32.031132],[-58.426971,-32.031256],[-58.427192,-32.03134],[-58.427493,-32.031387],[-58.4278,-32.031385],[-58.428444,-32.031345],[-58.428632,-32.031352],[-58.428836,-32.031332],[-58.429059,-32.031201],[-58.429245,-32.031018],[-58.429425,-32.03071],[-58.429481,-32.030374],[-58.429481,-32.030216],[-58.429549,-32.030016],[-58.429665,-32.029863],[-58.429794,-32.029714],[-58.430085,-32.029446],[-58.430328,-32.029225],[-58.430458,-32.029117],[-58.430663,-32.029025],[-58.430831,-32.029009],[-58.43106,-32.029031],[-58.431251,-32.02911],[-58.43143,-32.029224],[-58.431594,-32.029397],[-58.431672,-32.029575],[-58.431698,-32.029788],[-58.431682,-32.030224],[-58.431705,-32.030657],[-58.431753,-32.030879],[-58.431754,-32.031159],[-58.431706,-32.031386],[-58.431629,-32.031609],[-58.431388,-32.03214],[-58.431267,-32.032307],[-58.431203,-32.032634],[-58.431351,-32.033053],[-58.431687,-32.033534],[-58.431862,-32.033675],[-58.432148,-32.033811],[-58.432342,-32.03385],[-58.432689,-32.033831],[-58.43306,-32.033714],[-58.433269,-32.033555],[-58.433426,-32.033466],[-58.433708,-32.033431],[-58.433951,-32.033485],[-58.434086,-32.033593],[-58.434181,-32.033754],[-58.434228,-32.033931],[-58.434269,-32.034226],[-58.434273,-32.03446],[-58.434211,-32.034642],[-58.433964,-32.034994],[-58.433908,-32.035158],[-58.434001,-32.035355],[-58.434306,-32.035654],[-58.434395,-32.035784],[-58.434482,-32.03594],[-58.434563,-32.03606],[-58.43476,-32.036297],[-58.434877,-32.036404],[-58.435046,-32.036555],[-58.435234,-32.036665],[-58.435477,-32.036665],[-58.435603,-32.03657],[-58.435737,-32.036489],[-58.436176,-32.036379],[-58.436404,-32.036356],[-58.436612,-32.036381],[-58.436768,-32.036473],[-58.436915,-32.036708],[-58.437234,-32.036944],[-58.437404,-32.036982],[-58.437602,-32.036971],[-58.437782,-32.036923],[-58.437977,-32.036827],[-58.438168,-32.036807],[-58.438491,-32.036809],[-58.438751,-32.036837],[-58.439107,-32.036913],[-58.439274,-32.037004],[-58.439385,-32.037157],[-58.439426,-32.037356],[-58.439408,-32.0375],[-58.43932,-32.037726],[-58.439217,-32.037889],[-58.43874,-32.038484],[-58.438469,-32.038835],[-58.438351,-32.039083],[-58.438367,-32.039299],[-58.438416,-32.039472],[-58.438449,-32.039609],[-58.438503,-32.039903],[-58.438629,-32.040133],[-58.438835,-32.040248],[-58.439148,-32.040332],[-58.439369,-32.040403],[-58.439519,-32.040485],[-58.439666,-32.040652],[-58.439873,-32.040907],[-58.440033,-32.04103],[-58.440233,-32.041064],[-58.440438,-32.041022],[-58.440687,-32.040968],[-58.441169,-32.040832],[-58.441541,-32.040751],[-58.441726,-32.040735],[-58.442115,-32.040781],[-58.442306,-32.040783],[-58.4425,-32.040745],[-58.442683,-32.04068],[-58.442973,-32.040533],[-58.443188,-32.040374],[-58.443456,-32.04014],[-58.443565,-32.040018],[-58.443741,-32.039709],[-58.443794,-32.039495],[-58.443855,-32.03934],[-58.444119,-32.038962],[-58.444264,-32.038814],[-58.444358,-32.038687],[-58.444436,-32.038496],[-58.444457,-32.038335],[-58.444455,-32.03801],[-58.444492,-32.037733],[-58.444595,-32.037529],[-58.444701,-32.037416],[-58.444835,-32.037317],[-58.445129,-32.037148],[-58.445691,-32.037168],[-58.446147,-32.037621],[-58.446312,-32.037812],[-58.446438,-32.038046],[-58.446518,-32.038301],[-58.446598,-32.038484],[-58.44679,-32.038734],[-58.446903,-32.038846],[-58.447094,-32.038992],[-58.44744,-32.039149],[-58.447647,-32.039188],[-58.44788,-32.039178],[-58.448059,-32.039144],[-58.448441,-32.039018],[-58.448872,-32.038962],[-58.449098,-32.038988],[-58.449263,-32.039057],[-58.449409,-32.03922],[-58.449433,-32.039477],[-58.449383,-32.039687],[-58.449276,-32.04003],[-58.449086,-32.040298],[-58.448844,-32.040469],[-58.448668,-32.040612],[-58.44842,-32.040918],[-58.448314,-32.041139],[-58.448303,-32.041359],[-58.448342,-32.041586],[-58.448399,-32.041876],[-58.448456,-32.042009],[-58.448551,-32.04212],[-58.448716,-32.042198],[-58.448902,-32.042196],[-58.449158,-32.042205],[-58.449364,-32.042154],[-58.449444,-32.042017],[-58.449482,-32.041794],[-58.449586,-32.041568],[-58.449871,-32.041312],[-58.450035,-32.041197],[-58.450303,-32.041062],[-58.450516,-32.041029],[-58.450679,-32.041058],[-58.451031,-32.04121],[-58.451192,-32.041315],[-58.451413,-32.041489],[-58.451503,-32.04161],[-58.451632,-32.041875],[-58.451766,-32.042047],[-58.452039,-32.04225],[-58.452174,-32.042345],[-58.452395,-32.042479],[-58.452604,-32.042595],[-58.452881,-32.042708],[-58.452918,-32.042858],[-58.453061,-32.042962],[-58.453547,-32.043178],[-58.45365,-32.043285],[-58.453719,-32.043499],[-58.453711,-32.043711],[-58.45364,-32.043866],[-58.453506,-32.044073],[-58.453424,-32.044232],[-58.453323,-32.044557],[-58.453267,-32.044685],[-58.453117,-32.044932],[-58.453025,-32.045122],[-58.452996,-32.045297],[-58.453014,-32.045464],[-58.453092,-32.045656],[-58.453198,-32.045804],[-58.453622,-32.04627],[-58.454042,-32.046703],[-58.454349,-32.046958],[-58.454532,-32.04705],[-58.454711,-32.047115],[-58.455086,-32.047223],[-58.45536,-32.047305],[-58.455871,-32.04749],[-58.456128,-32.047593],[-58.456283,-32.047666],[-58.45658,-32.047853],[-58.456733,-32.04798],[-58.456828,-32.048136],[-58.456856,-32.048322],[-58.45679,-32.048639],[-58.456699,-32.048879],[-58.456607,-32.049029],[-58.456273,-32.049427],[-58.456226,-32.04956],[-58.456256,-32.049809],[-58.456337,-32.050001],[-58.45644,-32.050153],[-58.456751,-32.050538],[-58.456795,-32.05067],[-58.456802,-32.051058],[-58.456848,-32.051622],[-58.456887,-32.051907],[-58.456937,-32.052076],[-58.457042,-32.052251],[-58.457222,-32.05241],[-58.457458,-32.052455],[-58.457725,-32.052442],[-58.458001,-32.052483],[-58.458397,-32.052709],[-58.458676,-32.052949],[-58.458766,-32.053092],[-58.458877,-32.053415],[-58.458979,-32.053649],[-58.459225,-32.053919],[-58.459445,-32.054116],[-58.459756,-32.054415],[-58.460019,-32.054645],[-58.460098,-32.054823],[-58.460101,-32.055175],[-58.460134,-32.056013],[-58.460219,-32.05621],[-58.460361,-32.056499],[-58.460462,-32.056647],[-58.46061,-32.05681],[-58.460781,-32.056937],[-58.460958,-32.056998],[-58.461438,-32.057019],[-58.461787,-32.057063],[-58.462077,-32.057182],[-58.462207,-32.05734],[-58.462376,-32.057391],[-58.462678,-32.057393],[-58.462895,-32.057441],[-58.463172,-32.057604],[-58.463286,-32.057703],[-58.463391,-32.057877],[-58.463394,-32.058026],[-58.463369,-32.058174],[-58.463314,-32.058474],[-58.463298,-32.058703],[-58.463306,-32.059234],[-58.463315,-32.059793],[-58.463336,-32.060172],[-58.463372,-32.060358],[-58.463469,-32.060631],[-58.463653,-32.060877],[-58.463782,-32.06098],[-58.463971,-32.061064],[-58.46413,-32.061105],[-58.464442,-32.061211],[-58.464671,-32.061341],[-58.464776,-32.061466],[-58.464662,-32.061584],[-58.46439,-32.061736],[-58.464257,-32.061817],[-58.464143,-32.061921],[-58.464069,-32.062567],[-58.464709,-32.063193],[-58.464885,-32.063339],[-58.465167,-32.063552],[-58.465374,-32.063663],[-58.465702,-32.06376],[-58.46594,-32.063764],[-58.466103,-32.063711],[-58.466294,-32.063597],[-58.466445,-32.063539],[-58.466613,-32.063518],[-58.466952,-32.063494],[-58.467205,-32.063472],[-58.467381,-32.063437],[-58.46793,-32.063281],[-58.468143,-32.063199],[-58.468304,-32.063155],[-58.468514,-32.06319],[-58.468757,-32.063361],[-58.469353,-32.063819],[-58.469395,-32.063987],[-58.46936,-32.064161],[-58.469247,-32.064306],[-58.469051,-32.064366],[-58.468742,-32.064409],[-58.468499,-32.064518],[-58.468133,-32.064964],[-58.467788,-32.06537],[-58.467686,-32.065547],[-58.46764,-32.065739],[-58.46766,-32.065928],[-58.468018,-32.066923],[-58.46824,-32.067566],[-58.468181,-32.067735],[-58.46814,-32.067868],[-58.468117,-32.068178],[-58.46812,-32.068336],[-58.46815,-32.068571],[-58.468262,-32.068872],[-58.468402,-32.069098],[-58.468494,-32.069214],[-58.468644,-32.069327],[-58.468856,-32.06943],[-58.469101,-32.069497],[-58.469303,-32.069531],[-58.470127,-32.069601],[-58.47047,-32.069627],[-58.471057,-32.069675],[-58.471881,-32.06975],[-58.472202,-32.070054],[-58.472835,-32.070126],[-58.472981,-32.070221],[-58.47311,-32.070356],[-58.473786,-32.071006],[-58.474014,-32.070776],[-58.474076,-32.070499],[-58.474202,-32.069815],[-58.47425,-32.06965],[-58.47436,-32.069447],[-58.474506,-32.069281],[-58.474668,-32.069219],[-58.474891,-32.069245],[-58.475054,-32.069309],[-58.475399,-32.069506],[-58.475513,-32.069654],[-58.475487,-32.069811],[-58.475506,-32.069965],[-58.47562,-32.070235],[-58.475625,-32.070383],[-58.475495,-32.07077],[-58.475393,-32.071136],[-58.475357,-32.071319],[-58.475356,-32.071508],[-58.47541,-32.071695],[-58.47559,-32.071954],[-58.475751,-32.07218],[-58.475899,-32.072293],[-58.476105,-32.072292],[-58.476657,-32.072199],[-58.476887,-32.072203],[-58.47709,-32.072165],[-58.477247,-32.072094],[-58.477392,-32.071996],[-58.477698,-32.071723],[-58.477856,-32.071535],[-58.478023,-32.071424],[-58.478379,-32.071211],[-58.478641,-32.071059],[-58.478791,-32.070956],[-58.478974,-32.070904],[-58.479165,-32.070893],[-58.47938,-32.070914],[-58.479534,-32.070955],[-58.479817,-32.071074],[-58.480075,-32.071195],[-58.480244,-32.07131],[-58.480365,-32.071489],[-58.480445,-32.071681],[-58.480529,-32.071905],[-58.480545,-32.072131],[-58.480483,-32.072259],[-58.480386,-32.0724],[-58.480174,-32.072617],[-58.479984,-32.072777],[-58.479636,-32.073017],[-58.47947,-32.07311],[-58.479095,-32.073268],[-58.478929,-32.07337],[-58.47882,-32.073474],[-58.478767,-32.073652],[-58.478784,-32.073846],[-58.47876,-32.074053],[-58.478685,-32.074194],[-58.478507,-32.074462],[-58.478425,-32.074676],[-58.478368,-32.075205],[-58.478215,-32.076307],[-58.478307,-32.076491],[-58.478467,-32.076667],[-58.478603,-32.076875],[-58.478627,-32.07702],[-58.478641,-32.077322],[-58.478683,-32.077549],[-58.478827,-32.077946],[-58.478921,-32.078134],[-58.479112,-32.078397],[-58.479286,-32.07857],[-58.479497,-32.078798],[-58.479855,-32.079153],[-58.47992,-32.07939],[-58.480038,-32.079565],[-58.480374,-32.079617],[-58.480717,-32.079585],[-58.480981,-32.079536],[-58.481494,-32.079428],[-58.482248,-32.079212],[-58.482433,-32.07916],[-58.482814,-32.079034],[-58.4831,-32.078981],[-58.483287,-32.078983],[-58.48349,-32.079053],[-58.484065,-32.079416],[-58.484401,-32.079572],[-58.484502,-32.079715],[-58.484504,-32.080008],[-58.484515,-32.080747],[-58.484529,-32.081054],[-58.484554,-32.081672],[-58.484565,-32.08214],[-58.484542,-32.082603],[-58.48452,-32.082837],[-58.484458,-32.082969],[-58.484254,-32.083138],[-58.483988,-32.083272],[-58.483804,-32.083374],[-58.483637,-32.083472],[-58.48332,-32.083645],[-58.483082,-32.083789],[-58.482925,-32.083914],[-58.482673,-32.084203],[-58.48254,-32.084445],[-58.482497,-32.084606],[-58.482385,-32.084796],[-58.482337,-32.084952],[-58.482383,-32.085417],[-58.482379,-32.085565],[-58.482367,-32.085849],[-58.482376,-32.085993],[-58.482419,-32.086143],[-58.482547,-32.086382],[-58.482684,-32.086562],[-58.482788,-32.086706],[-58.483085,-32.087113],[-58.483247,-32.087317],[-58.483484,-32.087559],[-58.483627,-32.087663],[-58.483944,-32.087832],[-58.484497,-32.088091],[-58.484723,-32.088112],[-58.484883,-32.088145],[-58.485061,-32.088228],[-58.48545,-32.088444],[-58.485661,-32.088515],[-58.485816,-32.088372],[-58.486083,-32.088147],[-58.486272,-32.088019],[-58.48648,-32.087995],[-58.48671,-32.088035],[-58.487012,-32.088144],[-58.487126,-32.088239],[-58.487182,-32.088403],[-58.487122,-32.088599],[-58.486968,-32.088818],[-58.486818,-32.088975],[-58.486729,-32.089098],[-58.486526,-32.089514],[-58.486384,-32.089824],[-58.486363,-32.089985],[-58.486455,-32.090155],[-58.486691,-32.090303],[-58.486912,-32.090379],[-58.487149,-32.090396],[-58.487328,-32.090376],[-58.487659,-32.090302],[-58.488311,-32.090109],[-58.488641,-32.090031],[-58.488808,-32.090005],[-58.489048,-32.090036],[-58.48925,-32.090107],[-58.489479,-32.090236],[-58.489619,-32.090453],[-58.489531,-32.090634],[-58.489371,-32.090822],[-58.489258,-32.090917],[-58.48898,-32.091097],[-58.488862,-32.091272],[-58.48899,-32.091421],[-58.489208,-32.091568],[-58.489388,-32.091769],[-58.489494,-32.092146],[-58.489536,-32.092409],[-58.489539,-32.092616],[-58.488725,-32.093321],[-58.488637,-32.093489],[-58.488666,-32.093643],[-58.488731,-32.09378],[-58.488895,-32.093998],[-58.489044,-32.094138],[-58.4892,-32.094252],[-58.489518,-32.094443],[-58.489746,-32.0946],[-58.490102,-32.094897],[-58.490269,-32.095051],[-58.490513,-32.095298],[-58.490662,-32.095502],[-58.490733,-32.095716],[-58.490716,-32.095851],[-58.490631,-32.096014],[-58.490502,-32.096163],[-58.490391,-32.096267],[-58.490157,-32.096452],[-58.489989,-32.096536],[-58.4897,-32.096598],[-58.489388,-32.096605],[-58.489017,-32.096627],[-58.488842,-32.096675],[-58.488711,-32.096765],[-58.488419,-32.097056],[-58.488316,-32.097215],[-58.488234,-32.097473],[-58.488229,-32.09764],[-58.488244,-32.097973],[-58.488292,-32.098349],[-58.488323,-32.09853],[-58.488384,-32.09873],[-58.488537,-32.099118],[-58.48867,-32.099528],[-58.488705,-32.099885],[-58.48877,-32.100014],[-58.488877,-32.100153],[-58.488995,-32.100279],[-58.489345,-32.100597],[-58.489635,-32.100819],[-58.489732,-32.100953],[-58.489819,-32.101127],[-58.489886,-32.101423],[-58.48989,-32.101657],[-58.489879,-32.101828],[-58.489831,-32.102164],[-58.489794,-32.10232],[-58.489704,-32.102488],[-58.489497,-32.102606],[-58.489178,-32.102694],[-58.489024,-32.102752],[-58.488879,-32.10285],[-58.488682,-32.1031],[-58.488606,-32.103246],[-58.488556,-32.103392],[-58.488552,-32.10359],[-58.488646,-32.10372],[-58.488988,-32.103921],[-58.489228,-32.104038],[-58.489873,-32.104317],[-58.490292,-32.104454],[-58.490422,-32.104553],[-58.4906,-32.104812],[-58.490823,-32.105013],[-58.491268,-32.105421],[-58.491508,-32.105605],[-58.492015,-32.105947],[-58.492268,-32.106132],[-58.492442,-32.106296],[-58.492505,-32.106523],[-58.492435,-32.106656],[-58.492161,-32.106943],[-58.492076,-32.107075],[-58.491925,-32.107336],[-58.491925,-32.107502],[-58.492211,-32.108147],[-58.492496,-32.108792],[-58.492569,-32.108921],[-58.492798,-32.109226],[-58.492909,-32.109334],[-58.493039,-32.109424],[-58.493305,-32.109609],[-58.493499,-32.109751],[-58.49367,-32.109933],[-58.493724,-32.110074],[-58.493734,-32.110363],[-58.493739,-32.110525],[-58.493766,-32.11067],[-58.493912,-32.111085],[-58.494029,-32.111459],[-58.494146,-32.11172],[-58.494273,-32.111873],[-58.494625,-32.11225],[-58.494744,-32.112349],[-58.495034,-32.11249],[-58.49522,-32.112627],[-58.495257,-32.112786],[-58.495224,-32.112924],[-58.495088,-32.113167],[-58.495002,-32.113286],[-58.494793,-32.113508],[-58.494664,-32.113607],[-58.494247,-32.113853],[-58.49405,-32.113981],[-58.493892,-32.114129],[-58.493794,-32.114292],[-58.493579,-32.114851],[-58.493416,-32.115102],[-58.493289,-32.115206],[-58.493108,-32.115289],[-58.492947,-32.115329],[-58.492763,-32.115349],[-58.491982,-32.11542],[-58.49158,-32.115685],[-58.491401,-32.115877],[-58.491263,-32.116057],[-58.491206,-32.11619],[-58.491238,-32.116411],[-58.491426,-32.116675],[-58.491555,-32.116788],[-58.491735,-32.116902],[-58.4921,-32.117113],[-58.492356,-32.11728],[-58.493093,-32.117847],[-58.493965,-32.118517],[-58.494099,-32.118679],[-58.494182,-32.118826],[-58.494354,-32.119049],[-58.49453,-32.119168],[-58.494675,-32.11924],[-58.494976,-32.119364],[-58.495194,-32.119452],[-58.495376,-32.119558],[-58.495522,-32.119716],[-58.495548,-32.119893],[-58.495491,-32.120138],[-58.4954,-32.12032],[-58.495201,-32.120596],[-58.495027,-32.120802],[-58.494866,-32.1209],[-58.494686,-32.121172],[-58.494613,-32.121309],[-58.49453,-32.121649],[-58.494564,-32.121817],[-58.494796,-32.122379],[-58.495613,-32.12302],[-58.49593,-32.123311],[-58.496113,-32.12352],[-58.496459,-32.123951],[-58.496616,-32.1242],[-58.496681,-32.124378],[-58.496769,-32.124754],[-58.496803,-32.125017],[-58.496853,-32.125361],[-58.496878,-32.125537],[-58.496959,-32.125788],[-58.497243,-32.126253],[-58.497065,-32.127062],[-58.49697,-32.127432],[-58.496932,-32.127624],[-58.496883,-32.127906],[-58.496888,-32.128077],[-58.496907,-32.128281],[-58.496975,-32.128679],[-58.497018,-32.128987],[-58.497031,-32.129154],[-58.49702,-32.129487],[-58.496991,-32.129707],[-58.496921,-32.130154],[-58.496867,-32.13049],[-58.49684,-32.130823],[-58.496838,-32.130989],[-58.496868,-32.131238],[-58.496949,-32.131583],[-58.497011,-32.131774],[-58.497129,-32.132067],[-58.497224,-32.132232],[-58.49736,-32.132408],[-58.497477,-32.132507],[-58.497642,-32.132553],[-58.497808,-32.132514],[-58.499999,-32.131401],[-58.500003,-32.131399],[-58.500225,-32.131465],[-58.500377,-32.131543],[-58.500561,-32.13173],[-58.500708,-32.13196],[-58.500825,-32.132122],[-58.500938,-32.132292],[-58.501061,-32.132544],[-58.50122,-32.132753],[-58.501373,-32.132821],[-58.502678,-32.13312],[-58.502776,-32.133231],[-58.502982,-32.13345],[-58.503098,-32.133558],[-58.503358,-32.133765],[-58.50354,-32.133889],[-58.503923,-32.134123],[-58.504205,-32.134304],[-58.504481,-32.134499],[-58.504611,-32.134607],[-58.504795,-32.13478],[-58.50494,-32.135019],[-58.505012,-32.135225],[-58.505101,-32.135552],[-58.505135,-32.135724],[-58.505173,-32.135987],[-58.505172,-32.13637],[-58.505143,-32.136535],[-58.505077,-32.13674],[-58.504928,-32.136973],[-58.504814,-32.137095],[-58.504682,-32.137203],[-58.504391,-32.1374],[-58.504086,-32.137646],[-58.503952,-32.137776],[-58.503635,-32.13804],[-58.503502,-32.13817],[-58.503399,-32.138324],[-58.503396,-32.138486],[-58.503483,-32.138602],[-58.503663,-32.138766],[-58.503795,-32.138869],[-58.504089,-32.139078],[-58.504312,-32.139239],[-58.504804,-32.139612],[-58.505081,-32.139784],[-58.505306,-32.139887],[-58.505452,-32.139941],[-58.505917,-32.140062],[-58.50624,-32.140109],[-58.506559,-32.140143],[-58.507202,-32.140188],[-58.507596,-32.140198],[-58.507855,-32.140207],[-58.508483,-32.140189],[-58.508701,-32.140165],[-58.50935,-32.14004],[-58.509675,-32.140006],[-58.509949,-32.14002],[-58.510177,-32.140069],[-58.510402,-32.140131],[-58.510852,-32.140273],[-58.511077,-32.14034],[-58.511521,-32.140459],[-58.511846,-32.140579],[-58.512158,-32.140743],[-58.512316,-32.140852],[-58.512493,-32.141025],[-58.512635,-32.141264],[-58.512688,-32.141432],[-58.512719,-32.1416],[-58.512688,-32.142022],[-58.512471,-32.142222],[-58.512435,-32.142378],[-58.513359,-32.143766],[-58.514447,-32.145435],[-58.514489,-32.145653],[-58.514431,-32.145817],[-58.514331,-32.145958],[-58.513968,-32.146391],[-58.513877,-32.146536],[-58.513804,-32.146718],[-58.513818,-32.146876],[-58.513935,-32.147187],[-58.514007,-32.147333],[-58.514136,-32.147558],[-58.514375,-32.147869],[-58.514681,-32.14815],[-58.514946,-32.148303],[-58.515113,-32.148251],[-58.515332,-32.148096],[-58.515575,-32.14801],[-58.516208,-32.148096],[-58.516526,-32.148148],[-58.51736,-32.148312],[-58.517773,-32.148408],[-58.518265,-32.148525],[-58.518513,-32.148592],[-58.518875,-32.148713],[-58.519212,-32.14886],[-58.519371,-32.148947],[-58.519642,-32.149154],[-58.519753,-32.149271],[-58.519852,-32.149409],[-58.519948,-32.149606],[-58.520047,-32.149849],[-58.520127,-32.150099],[-58.520259,-32.150599],[-58.520368,-32.150972],[-58.52042,-32.151159],[-58.520553,-32.151452],[-58.520698,-32.151691],[-58.521176,-32.15241],[-58.521347,-32.152763],[-58.521392,-32.152918],[-58.521414,-32.153108],[-58.521401,-32.153265],[-58.521281,-32.153508],[-58.521137,-32.153701],[-58.521099,-32.154366],[-58.521814,-32.155279],[-58.522031,-32.155485],[-58.522376,-32.155677],[-58.522636,-32.155781],[-58.522816,-32.155841],[-58.523186,-32.155953],[-58.523449,-32.156035],[-58.523811,-32.15616],[-58.524095,-32.15631],[-58.524189,-32.156484],[-58.524076,-32.156588],[-58.523877,-32.156698],[-58.523712,-32.156774],[-58.523326,-32.156922],[-58.522895,-32.157091],[-58.522643,-32.157204],[-58.522434,-32.157354],[-58.522385,-32.157501],[-58.522485,-32.157995],[-58.522556,-32.158286],[-58.522705,-32.158751],[-58.522832,-32.159075],[-58.522906,-32.159235],[-58.523024,-32.159469],[-58.523216,-32.159773],[-58.523328,-32.159917],[-58.523503,-32.160116],[-58.523698,-32.160303],[-58.523885,-32.160432],[-58.524169,-32.160518],[-58.524423,-32.160802],[-58.524883,-32.161399],[-58.52512,-32.1617],[-58.52525,-32.161844],[-58.525512,-32.162128],[-58.526021,-32.162709],[-58.526296,-32.162985],[-58.52644,-32.163111],[-58.526751,-32.163357],[-58.526928,-32.163466],[-58.527308,-32.16366],[-58.52753,-32.163713],[-58.527759,-32.163739],[-58.528226,-32.163733],[-58.528572,-32.163736],[-58.528741,-32.163756],[-58.529568,-32.163893],[-58.529973,-32.163989],[-58.530372,-32.16412],[-58.530566,-32.164208],[-58.530705,-32.164294],[-58.530807,-32.164419],[-58.530887,-32.164629],[-58.530911,-32.164841],[-58.530896,-32.165521],[-58.530926,-32.165837],[-58.530982,-32.165979],[-58.531125,-32.16615],[-58.531367,-32.166334],[-58.531906,-32.166691],[-58.532161,-32.166876],[-58.532281,-32.166975],[-58.532585,-32.167247],[-58.532729,-32.167387],[-58.532933,-32.167606],[-58.533061,-32.167799],[-58.533135,-32.167964],[-58.533179,-32.16815],[-58.533248,-32.168517],[-58.533296,-32.168794],[-58.533348,-32.168976],[-58.533439,-32.169177],[-58.533563,-32.169348],[-58.533709,-32.169434],[-58.533847,-32.169534],[-58.533963,-32.169664],[-58.534267,-32.170093],[-58.534385,-32.170228],[-58.534577,-32.170361],[-58.53473,-32.170434],[-58.535046,-32.170562],[-58.535367,-32.170664],[-58.535587,-32.170721],[-58.536037,-32.170814],[-58.536392,-32.170867],[-58.537109,-32.170941],[-58.537472,-32.170981],[-58.53765,-32.171015],[-58.537953,-32.171097],[-58.538273,-32.171221],[-58.538611,-32.171395],[-58.538778,-32.171509],[-58.539013,-32.17172],[-58.539176,-32.171911],[-58.53926,-32.172031],[-58.539395,-32.17231],[-58.539463,-32.172605],[-58.539482,-32.1728],[-58.539478,-32.172939],[-58.539425,-32.173257],[-58.539311,-32.173541],[-58.53923,-32.173678],[-58.539074,-32.173848],[-58.538932,-32.173928],[-58.53867,-32.173973],[-58.538372,-32.173967],[-58.537996,-32.173967],[-58.537816,-32.174006],[-58.537675,-32.174082],[-58.537473,-32.174219],[-58.537038,-32.174505],[-58.536719,-32.174737],[-58.536446,-32.174962],[-58.536338,-32.17507],[-58.536232,-32.175224],[-58.53616,-32.175402],[-58.536181,-32.175565],[-58.536277,-32.175708],[-58.536393,-32.175824],[-58.53661,-32.175994],[-58.537123,-32.176323],[-58.53732,-32.17642],[-58.537486,-32.176484],[-58.538259,-32.17666],[-58.538417,-32.176725],[-58.538598,-32.176821],[-58.538737,-32.176943],[-58.538887,-32.177133],[-58.538974,-32.177253],[-58.53912,-32.177515],[-58.539187,-32.177643],[-58.539296,-32.177904],[-58.539378,-32.178181],[-58.53951,-32.178735],[-58.539547,-32.178953],[-58.539608,-32.179392],[-58.539669,-32.179714],[-58.539734,-32.179941],[-58.539895,-32.180397],[-58.540486,-32.181742],[-58.540641,-32.182202],[-58.540704,-32.18243],[-58.54076,-32.182783],[-58.540806,-32.183419],[-58.540826,-32.184699],[-58.540839,-32.185339],[-58.540863,-32.185659],[-58.541051,-32.187724],[-58.541114,-32.188613],[-58.541143,-32.189051],[-58.541166,-32.189718],[-58.541153,-32.189921],[-58.541139,-32.190055],[-58.541081,-32.190319],[-58.540948,-32.19071],[-58.540581,-32.191553],[-58.540474,-32.191734],[-58.540078,-32.192251],[-58.53992,-32.192511],[-58.539871,-32.19264],[-58.539867,-32.192834],[-58.539928,-32.192984],[-58.540019,-32.193136],[-58.540287,-32.193438],[-58.540488,-32.193671],[-58.540605,-32.193828],[-58.540703,-32.194029],[-58.540726,-32.194219],[-58.540692,-32.194583],[-58.5406,-32.195341],[-58.540551,-32.195902],[-58.540527,-32.197211],[-58.540492,-32.197534],[-58.540427,-32.197789],[-58.540351,-32.198043],[-58.540162,-32.198549],[-58.540027,-32.198923],[-58.539932,-32.199298],[-58.539905,-32.199486],[-58.539907,-32.199765],[-58.539958,-32.20001],[-58.540096,-32.20029],[-58.540222,-32.200474],[-58.540449,-32.200818],[-58.540843,-32.201415],[-58.539864,-32.20124],[-58.538989,-32.200881],[-58.53877,-32.200869],[-58.538594,-32.200777],[-58.538506,-32.200639],[-58.538403,-32.200306],[-58.538306,-32.200172],[-58.538128,-32.200022],[-58.537876,-32.199869],[-58.537652,-32.199802],[-58.537339,-32.199742],[-58.537116,-32.199653],[-58.536964,-32.199562],[-58.53667,-32.199353],[-58.536515,-32.199271],[-58.536322,-32.199206],[-58.536063,-32.199138],[-58.535839,-32.199022],[-58.535709,-32.19891],[-58.535233,-32.19874],[-58.534859,-32.198641],[-58.53471,-32.198717],[-58.534568,-32.198865],[-58.534379,-32.198773],[-58.534321,-32.198536],[-58.534327,-32.198307],[-58.534255,-32.197994],[-58.5342,-32.19783],[-58.534051,-32.197509],[-58.533868,-32.19726],[-58.5336,-32.196939],[-58.533487,-32.196769],[-58.533429,-32.196591],[-58.533391,-32.196333],[-58.533271,-32.196023],[-58.533149,-32.195879],[-58.532926,-32.195839],[-58.532699,-32.195822],[-58.531925,-32.195727],[-58.531612,-32.19568],[-58.531235,-32.195595],[-58.530902,-32.195475],[-58.530561,-32.195305],[-58.53035,-32.195181],[-58.529934,-32.194905],[-58.52971,-32.194735],[-58.529397,-32.194733],[-58.529102,-32.194655],[-58.528854,-32.194529],[-58.528713,-32.194429],[-58.528489,-32.194205],[-58.528371,-32.193953],[-58.528363,-32.19375],[-58.528424,-32.193581],[-58.528527,-32.193473],[-58.528698,-32.193384],[-58.529317,-32.193244],[-58.529805,-32.193054],[-58.530163,-32.192891],[-58.530332,-32.192793],[-58.530467,-32.192677],[-58.530606,-32.192497],[-58.530705,-32.191992],[-58.530717,-32.19174],[-58.530658,-32.191436],[-58.530561,-32.191248],[-58.530425,-32.191104],[-58.530167,-32.190973],[-58.529889,-32.190905],[-58.529698,-32.190871],[-58.52946,-32.190862],[-58.529259,-32.1909],[-58.52905,-32.191019],[-58.528809,-32.191222],[-58.528678,-32.191307],[-58.528482,-32.191373],[-58.528198,-32.191443],[-58.528024,-32.191536],[-58.527835,-32.191863],[-58.527645,-32.192027],[-58.527424,-32.19215],[-58.527194,-32.192259],[-58.527035,-32.192321],[-58.526711,-32.192431],[-58.526448,-32.192503],[-58.526173,-32.192552],[-58.525981,-32.192531],[-58.525693,-32.192354],[-58.525398,-32.192105],[-58.52513,-32.191902],[-58.524716,-32.191703],[-58.52451,-32.191691],[-58.524315,-32.191725],[-58.524128,-32.191714],[-58.524017,-32.191611],[-58.523968,-32.191469],[-58.523707,-32.191221],[-58.523415,-32.191031],[-58.523187,-32.190928],[-58.522729,-32.190759],[-58.522525,-32.190707],[-58.522258,-32.190967],[-58.522118,-32.19107],[-58.52179,-32.191167],[-58.52163,-32.191251],[-58.521396,-32.191545],[-58.521221,-32.191759],[-58.52106,-32.191866],[-58.520814,-32.191916],[-58.520448,-32.191822],[-58.520295,-32.191744],[-58.520108,-32.191625],[-58.519859,-32.1914],[-58.519671,-32.191186],[-58.51933,-32.190863],[-58.519202,-32.190764],[-58.519008,-32.190672],[-58.518838,-32.190679],[-58.518487,-32.190878],[-58.518264,-32.191051],[-58.518081,-32.191215],[-58.517819,-32.191382],[-58.517598,-32.191464],[-58.51744,-32.191499],[-58.517128,-32.191546],[-58.516761,-32.191569],[-58.516582,-32.191563],[-58.516359,-32.191519],[-58.515984,-32.191537],[-58.515175,-32.191526],[-58.514969,-32.191519],[-58.51477,-32.191458],[-58.514608,-32.191376],[-58.514462,-32.191267],[-58.514183,-32.191023],[-58.513816,-32.190676],[-58.513732,-32.190556],[-58.513537,-32.190473],[-58.513386,-32.190432],[-58.513148,-32.190414],[-58.512679,-32.19042],[-58.512432,-32.190443],[-58.512096,-32.190485],[-58.511932,-32.190488],[-58.511764,-32.190464],[-58.511536,-32.190415],[-58.511187,-32.190286],[-58.510963,-32.190161],[-58.510639,-32.189911],[-58.510518,-32.189794],[-58.510289,-32.189542],[-58.510167,-32.189389],[-58.509952,-32.189076],[-58.509923,-32.188917],[-58.51007,-32.188512],[-58.510098,-32.188374],[-58.510052,-32.188242],[-58.509816,-32.188026],[-58.50958,-32.187874],[-58.509364,-32.187789],[-58.509141,-32.18775],[-58.508896,-32.187782],[-58.508628,-32.187898],[-58.508419,-32.188066],[-58.508262,-32.188232],[-58.508075,-32.188378],[-58.507889,-32.188444],[-58.507721,-32.188469],[-58.507443,-32.188468],[-58.506589,-32.188335],[-58.505443,-32.188222],[-58.505191,-32.188181],[-58.504993,-32.188116],[-58.504859,-32.18803],[-58.504607,-32.187836],[-58.504474,-32.187746],[-58.504272,-32.187644],[-58.503849,-32.187471],[-58.50365,-32.187433],[-58.503423,-32.187425],[-58.503247,-32.187441],[-58.503052,-32.187529],[-58.502823,-32.187719],[-58.502621,-32.187792],[-58.502449,-32.187791],[-58.502106,-32.187761],[-58.501893,-32.187789],[-58.501636,-32.188014],[-58.501492,-32.188085],[-58.501211,-32.188042],[-58.500922,-32.187903],[-58.500691,-32.187753],[-58.500438,-32.187557],[-58.500241,-32.187338],[-58.499895,-32.18698],[-58.499491,-32.186749],[-58.499238,-32.186658],[-58.499018,-32.18653],[-58.498706,-32.186437],[-58.498418,-32.18638],[-58.498114,-32.186402],[-58.497822,-32.186365],[-58.497656,-32.1864],[-58.497348,-32.186533],[-58.497154,-32.186665],[-58.497035,-32.18676],[-58.496802,-32.186968],[-58.496473,-32.187321],[-58.496029,-32.187787],[-58.495793,-32.187995],[-58.495549,-32.188175],[-58.495205,-32.188334],[-58.494934,-32.188401],[-58.494743,-32.188417],[-58.494336,-32.188402],[-58.494061,-32.188379],[-58.493682,-32.188347],[-58.493497,-32.188341],[-58.493232,-32.188345],[-58.492936,-32.188384],[-58.492747,-32.188449],[-58.492587,-32.188538],[-58.492378,-32.188688],[-58.492077,-32.188898],[-58.491931,-32.189113],[-58.491703,-32.189222],[-58.490391,-32.189085],[-58.489476,-32.188161],[-58.489247,-32.188036],[-58.489086,-32.187904],[-58.488961,-32.187818],[-58.488655,-32.187843],[-58.488029,-32.187916],[-58.487441,-32.18798],[-58.487098,-32.188017],[-58.486913,-32.188011],[-58.486668,-32.187975],[-58.486224,-32.187964],[-58.486057,-32.187971],[-58.485333,-32.18804],[-58.484609,-32.188072],[-58.484376,-32.188118],[-58.484196,-32.188229],[-58.484101,-32.188374],[-58.483941,-32.188508],[-58.483784,-32.188579],[-58.483617,-32.188586],[-58.483441,-32.188553],[-58.483219,-32.18845],[-58.482917,-32.188183],[-58.482811,-32.188067],[-58.482723,-32.187924],[-58.482619,-32.187722],[-58.482444,-32.187473],[-58.481418,-32.186594],[-58.480179,-32.187022],[-58.47979,-32.18722],[-58.479613,-32.187371],[-58.479411,-32.187603],[-58.47928,-32.187693],[-58.47908,-32.187775],[-58.478798,-32.187788],[-58.478241,-32.187768],[-58.477967,-32.18774],[-58.477672,-32.187608],[-58.477382,-32.187521],[-58.477124,-32.187489],[-58.476907,-32.187544],[-58.476554,-32.187775],[-58.476344,-32.187952],[-58.476216,-32.188083],[-58.475985,-32.188349],[-58.475442,-32.189063],[-58.475239,-32.189362],[-58.474971,-32.189479],[-58.474804,-32.189581],[-58.474637,-32.189755],[-58.473525,-32.190332],[-58.4726,-32.189353],[-58.472259,-32.189071],[-58.472068,-32.188906],[-58.471885,-32.188823],[-58.471393,-32.188761],[-58.470956,-32.188713],[-58.470733,-32.18871],[-58.470528,-32.188748],[-58.470371,-32.18881],[-58.470155,-32.18895],[-58.47002,-32.189058],[-58.46978,-32.189306],[-58.469666,-32.189455],[-58.469548,-32.189654],[-58.469312,-32.189933],[-58.469066,-32.190141],[-58.468915,-32.190198],[-58.46862,-32.190161],[-58.468446,-32.190091],[-58.4683,-32.19],[-58.468139,-32.189873],[-58.46803,-32.189725],[-58.467994,-32.189494],[-58.46801,-32.189121],[-58.468049,-32.188807],[-58.46807,-32.18865],[-58.468177,-32.188375],[-58.468223,-32.188179],[-58.468202,-32.188029],[-58.468132,-32.187892],[-58.467918,-32.187654],[-58.467766,-32.187532],[-58.467434,-32.187335],[-58.467187,-32.187236],[-58.467015,-32.187185],[-58.466667,-32.18711],[-58.466445,-32.187088],[-58.466159,-32.187105],[-58.465993,-32.187144],[-58.465748,-32.187266],[-58.465602,-32.187391],[-58.465503,-32.187505],[-58.465386,-32.187734],[-58.465283,-32.188059],[-58.465203,-32.188214],[-58.465078,-32.188349],[-58.464828,-32.188412],[-58.464622,-32.18836],[-58.464477,-32.188283],[-58.46434,-32.18817],[-58.464187,-32.187998],[-58.463855,-32.187806],[-58.463536,-32.187677],[-58.46321,-32.18762],[-58.462914,-32.187605],[-58.462634,-32.187541],[-58.461808,-32.187075],[-58.461591,-32.187013],[-58.461371,-32.187014],[-58.461116,-32.18714],[-58.460987,-32.187225],[-58.46074,-32.187414],[-58.460452,-32.187661],[-58.460083,-32.188003],[-58.459887,-32.188158],[-58.459705,-32.188197],[-58.459424,-32.188169],[-58.459229,-32.188247],[-58.459126,-32.188405],[-58.459011,-32.188631],[-58.458851,-32.188819],[-58.458247,-32.189031],[-58.457973,-32.189111],[-58.45755,-32.189218],[-58.457,-32.189311],[-58.456748,-32.189423],[-58.456439,-32.189619],[-58.456284,-32.189699],[-58.455993,-32.189806],[-58.455829,-32.189849],[-58.455666,-32.189875],[-58.455498,-32.189855],[-58.45535,-32.189742],[-58.455304,-32.18956],[-58.455311,-32.189308],[-58.455249,-32.188788],[-58.455193,-32.188593],[-58.455113,-32.188437],[-58.455021,-32.188325],[-58.454854,-32.188166],[-58.454724,-32.188076],[-58.454457,-32.1879],[-58.454161,-32.187772],[-58.45375,-32.187636],[-58.453564,-32.187548],[-58.453334,-32.187319],[-58.453128,-32.187208],[-58.452945,-32.187219],[-58.45269,-32.187282],[-58.452442,-32.187372],[-58.452274,-32.187456],[-58.451939,-32.187629],[-58.451787,-32.187722],[-58.45153,-32.187929],[-58.451442,-32.188111],[-58.451405,-32.188303],[-58.451304,-32.188421],[-58.450154,-32.188443],[-58.44936,-32.18845],[-58.447697,-32.188295],[-58.44596,-32.187756],[-58.445316,-32.187557],[-58.444985,-32.187468],[-58.444225,-32.187301],[-58.443843,-32.18722],[-58.443622,-32.187189],[-58.443383,-32.187199],[-58.443183,-32.187227],[-58.442874,-32.187315],[-58.442704,-32.187381],[-58.442368,-32.187531],[-58.44225,-32.187622],[-58.442036,-32.187929],[-58.441853,-32.188094],[-58.44167,-32.188163],[-58.441415,-32.188226],[-58.441159,-32.188262],[-58.440652,-32.188284],[-58.440146,-32.188289],[-58.439891,-32.18827],[-58.439641,-32.188234],[-58.439393,-32.188167],[-58.439187,-32.188051],[-58.438807,-32.187749],[-58.438674,-32.187663],[-58.438435,-32.187578],[-58.438072,-32.187525],[-58.437569,-32.187475],[-58.437327,-32.187435],[-58.437179,-32.187384],[-58.437011,-32.187297],[-58.436683,-32.187074],[-58.436061,-32.186601],[-58.435916,-32.186479],[-58.435716,-32.186305],[-58.435408,-32.1861],[-58.435269,-32.186027],[-58.434962,-32.185922],[-58.434808,-32.185876],[-58.434483,-32.185819],[-58.434161,-32.185789],[-58.433944,-32.18579],[-58.433667,-32.185816],[-58.433462,-32.185854],[-58.433167,-32.185969],[-58.432888,-32.186144],[-58.432691,-32.186335],[-58.432546,-32.186537],[-58.432366,-32.186701],[-58.432187,-32.18678],[-58.43193,-32.18683],[-58.431686,-32.186848],[-58.431377,-32.186837],[-58.431144,-32.186774],[-58.430839,-32.186673],[-58.43068,-32.186636],[-58.430451,-32.186605],[-58.42999,-32.186557],[-58.429647,-32.186544],[-58.429181,-32.186541],[-58.428951,-32.186537],[-58.428701,-32.186456],[-58.428456,-32.186312],[-58.428276,-32.186256],[-58.42803,-32.18627],[-58.427683,-32.186211],[-58.427123,-32.186058],[-58.426488,-32.185598],[-58.424073,-32.183498],[-58.422319,-32.182965],[-58.421189,-32.182009],[-58.420407,-32.180879],[-58.419538,-32.180531],[-58.418408,-32.180879],[-58.417625,-32.180879],[-58.41693,-32.180879],[-58.416234,-32.180705],[-58.415452,-32.180705],[-58.414322,-32.18027],[-58.412571,-32.18001],[-58.411705,-32.181494],[-58.40813,-32.182035],[-58.407196,-32.182244],[-58.406728,-32.18234],[-58.406018,-32.182458],[-58.405631,-32.182507],[-58.40544,-32.182523],[-58.405149,-32.182526],[-58.404725,-32.182474],[-58.401371,-32.181695],[-58.395518,-32.181895],[-58.394978,-32.181898],[-58.394616,-32.18189],[-58.39437,-32.181872],[-58.393893,-32.181836],[-58.393541,-32.181787],[-58.392823,-32.18168],[-58.392113,-32.181542],[-58.391639,-32.181434],[-58.390698,-32.181206],[-58.390441,-32.181102],[-58.390267,-32.180979],[-58.390105,-32.180838],[-58.38982,-32.180503],[-58.389602,-32.180261],[-58.389367,-32.180045],[-58.389233,-32.179964],[-58.389008,-32.179866],[-58.388724,-32.179819],[-58.3885,-32.179807],[-58.388264,-32.179812],[-58.387792,-32.179835],[-58.387428,-32.179858],[-58.387076,-32.179845],[-58.386911,-32.179825],[-58.386657,-32.179766],[-58.385383,-32.17936],[-58.38475,-32.179147],[-58.383765,-32.178796],[-58.383274,-32.178612],[-58.382466,-32.178267],[-58.382271,-32.178183],[-58.38185,-32.178082],[-58.381645,-32.178007],[-58.381459,-32.177915],[-58.381288,-32.177796],[-58.381133,-32.177664],[-58.380832,-32.177325],[-58.380784,-32.177125],[-58.380588,-32.176919],[-58.380288,-32.176683],[-58.38006,-32.176535],[-58.379722,-32.176356],[-58.379543,-32.176282],[-58.379273,-32.176173],[-58.378864,-32.17605],[-58.378662,-32.176016],[-58.378367,-32.175978],[-58.378009,-32.175996],[-58.377708,-32.176085],[-58.37753,-32.176209],[-58.377414,-32.176348],[-58.377265,-32.176618],[-58.377179,-32.176808],[-58.377017,-32.17718],[-58.376956,-32.177349],[-58.376878,-32.17768],[-58.376835,-32.177908],[-58.376754,-32.17835],[-58.376671,-32.17869],[-58.376538,-32.179022],[-58.376445,-32.179186],[-58.376271,-32.179431],[-58.376088,-32.179596],[-58.375827,-32.17973],[-58.375644,-32.179782],[-58.375454,-32.179829],[-58.375068,-32.179869],[-58.374707,-32.179883],[-58.37452,-32.179871],[-58.374244,-32.17983],[-58.373973,-32.179739],[-58.373723,-32.179604],[-58.373501,-32.179447],[-58.373313,-32.179282],[-58.372925,-32.178854],[-58.372807,-32.178566],[-58.372738,-32.178316],[-58.372677,-32.178156],[-58.372517,-32.17797],[-58.372308,-32.177913],[-58.372131,-32.177915],[-58.371963,-32.177936],[-58.371609,-32.178013],[-58.37122,-32.178076],[-58.370967,-32.178102],[-58.370475,-32.178147],[-58.370106,-32.178174],[-58.369735,-32.178179],[-58.369548,-32.178167],[-58.369275,-32.178112],[-58.368953,-32.177992],[-58.368755,-32.177882],[-58.36856,-32.177762],[-58.368198,-32.177487],[-58.367753,-32.177115],[-58.367478,-32.176862],[-58.367301,-32.176689],[-58.366962,-32.176321],[-58.366651,-32.17599],[-58.366512,-32.175814],[-58.366378,-32.175534],[-58.366192,-32.174811],[-58.365849,-32.174686],[-58.365574,-32.174581],[-58.365018,-32.174372],[-58.364479,-32.17419],[-58.364105,-32.174154],[-58.3638,-32.174161],[-58.363567,-32.174166],[-58.363334,-32.174166],[-58.362865,-32.174185],[-58.362508,-32.174176],[-58.362332,-32.174143],[-58.362,-32.174059],[-58.361667,-32.173943],[-58.361022,-32.173676],[-58.360776,-32.173563],[-58.36029,-32.173329],[-58.359918,-32.173167],[-58.359647,-32.173081],[-58.359082,-32.172938],[-58.358662,-32.172828],[-58.358474,-32.172772],[-58.3581,-32.172627],[-58.356999,-32.17215],[-58.356625,-32.17201],[-58.356438,-32.171954],[-58.356063,-32.171877],[-58.355896,-32.171884],[-58.355729,-32.171932],[-58.355381,-32.172064],[-58.355206,-32.17212],[-58.354985,-32.172157],[-58.354455,-32.172165],[-58.353844,-32.172201],[-58.353539,-32.172221],[-58.353089,-32.172281],[-58.352635,-32.172359],[-58.352404,-32.172413],[-58.352084,-32.17251],[-58.351925,-32.172571],[-58.351699,-32.172694],[-58.35141,-32.172913],[-58.351312,-32.173021],[-58.351219,-32.173176],[-58.351172,-32.173323],[-58.351147,-32.173556],[-58.351143,-32.174006],[-58.351157,-32.175132],[-58.351194,-32.175291],[-58.351253,-32.175424],[-58.351323,-32.175557],[-58.351487,-32.175815],[-58.351573,-32.175998],[-58.351596,-32.17617],[-58.351484,-32.176355],[-58.35122,-32.176535],[-58.351048,-32.176645],[-58.350696,-32.176853],[-58.350337,-32.177038],[-58.349618,-32.177394],[-58.349077,-32.177671],[-58.347831,-32.178328],[-58.34739,-32.178519],[-58.34681,-32.178727],[-58.345632,-32.179093],[-58.345043,-32.179283],[-58.344754,-32.179385],[-58.344573,-32.179455],[-58.344239,-32.179618],[-58.344016,-32.17974],[-58.34359,-32.179999],[-58.343265,-32.180186],[-58.342933,-32.180362],[-58.342757,-32.180437],[-58.342495,-32.18054],[-58.342297,-32.180596],[-58.341887,-32.180684],[-58.341468,-32.18075],[-58.340622,-32.180844],[-58.340207,-32.180888],[-58.340001,-32.180925],[-58.339698,-32.18099],[-58.339189,-32.181125],[-58.338173,-32.181474],[-58.337664,-32.181631],[-58.337295,-32.181708],[-58.337069,-32.181722],[-58.336834,-32.181718],[-58.336368,-32.181673],[-58.336024,-32.181661],[-58.335854,-32.181677],[-58.335621,-32.181727],[-58.335441,-32.181792],[-58.33527,-32.181871],[-58.334922,-32.182052],[-58.334659,-32.182173],[-58.334252,-32.182316],[-58.334047,-32.182339],[-58.333592,-32.182336],[-58.333286,-32.182311],[-58.33308,-32.182295],[-58.332676,-32.182226],[-58.331932,-32.182077],[-58.331558,-32.181991],[-58.331006,-32.181853],[-58.330654,-32.181746],[-58.329968,-32.181491],[-58.32962,-32.181374],[-58.329353,-32.181306],[-58.329175,-32.181277],[-58.328987,-32.18127],[-58.328614,-32.181265],[-58.328195,-32.18124],[-58.327751,-32.18117],[-58.327545,-32.181108],[-58.32736,-32.181002],[-58.327244,-32.180881],[-58.327195,-32.180704],[-58.327204,-32.180519],[-58.327194,-32.180316],[-58.327084,-32.179966],[-58.326995,-32.1798],[-58.326611,-32.179291],[-58.326098,-32.178601],[-58.325904,-32.178517],[-58.325688,-32.178451],[-58.325408,-32.178332],[-58.325324,-32.178208],[-58.325284,-32.178013],[-58.325162,-32.177549],[-58.325016,-32.177462],[-58.324706,-32.177347],[-58.32433,-32.177162],[-58.324143,-32.177088],[-58.323772,-32.176988],[-58.323605,-32.17705],[-58.323452,-32.177184],[-58.323353,-32.177306],[-58.323163,-32.177569],[-58.323016,-32.177744],[-58.322816,-32.177881],[-58.322491,-32.177959],[-58.322303,-32.177961],[-58.322094,-32.177854],[-58.321995,-32.177625],[-58.321981,-32.177435],[-58.321972,-32.177147],[-58.321968,-32.176854],[-58.32191,-32.176699],[-58.321748,-32.176562],[-58.321583,-32.176471],[-58.321407,-32.176397],[-58.321208,-32.176353],[-58.321049,-32.176352],[-58.320775,-32.176382],[-58.320221,-32.176497],[-58.319802,-32.176558],[-58.319346,-32.176577],[-58.319118,-32.176582],[-58.318767,-32.176573],[-58.318423,-32.176556],[-58.31825,-32.176541],[-58.317979,-32.176499],[-58.317803,-32.176466],[-58.317456,-32.176376],[-58.317287,-32.176325],[-58.316951,-32.176204],[-58.316623,-32.176053],[-58.316409,-32.175941],[-58.316273,-32.175859],[-58.315925,-32.175626],[-58.315828,-32.175456],[-58.31573,-32.175344],[-58.315246,-32.174979],[-58.314599,-32.174892],[-58.314357,-32.174924],[-58.313729,-32.175036],[-58.313447,-32.175115],[-58.313264,-32.175176],[-58.312889,-32.175306],[-58.312607,-32.17539],[-58.312191,-32.175451],[-58.311851,-32.175421],[-58.31159,-32.175361],[-58.311332,-32.17528],[-58.310818,-32.175085],[-58.310433,-32.17494],[-58.310243,-32.174884],[-58.309956,-32.174805],[-58.309375,-32.174676],[-58.30888,-32.174459],[-58.308872,-32.174319],[-58.308739,-32.174224],[-58.30859,-32.174349],[-58.308433,-32.17456],[-58.308312,-32.174708],[-58.308179,-32.17482],[-58.308006,-32.174841],[-58.306899,-32.174431],[-58.305489,-32.173901],[-58.30534,-32.173819],[-58.305065,-32.173606],[-58.304921,-32.17352],[-58.304736,-32.173463],[-58.304535,-32.173424],[-58.304322,-32.173398],[-58.303902,-32.173369],[-58.303437,-32.173311],[-58.303063,-32.173216],[-58.302324,-32.173031],[-58.301758,-32.172907],[-58.300354,-32.172625],[-58.299878,-32.172522],[-58.299637,-32.172459],[-58.299201,-32.172303],[-58.29906,-32.172158],[-58.298943,-32.172064],[-58.298602,-32.171907],[-58.298425,-32.171846],[-58.298145,-32.171782],[-58.297814,-32.171738],[-58.297595,-32.171721],[-58.297157,-32.171695],[-58.296887,-32.171694],[-58.295947,-32.171709],[-58.295288,-32.171603],[-58.29496,-32.171555],[-58.29424,-32.171501],[-58.293981,-32.171491],[-58.293267,-32.171474],[-58.292455,-32.171363],[-58.292045,-32.171257],[-58.291779,-32.171171],[-58.291255,-32.170967],[-58.290036,-32.170435],[-58.288814,-32.169862],[-58.288559,-32.169718],[-58.288082,-32.169376],[-58.287708,-32.169132],[-58.287275,-32.168914],[-58.287049,-32.16882],[-58.286712,-32.168681],[-58.286195,-32.168509],[-58.285834,-32.16841],[-58.285656,-32.168371],[-58.285384,-32.168316],[-58.285126,-32.168289],[-58.284603,-32.168269],[-58.284218,-32.168241],[-58.283486,-32.168124],[-58.283124,-32.168052],[-58.282761,-32.167962],[-58.282584,-32.167905],[-58.282182,-32.167751],[-58.281982,-32.167667],[-58.281701,-32.167535],[-58.281289,-32.167303],[-58.280525,-32.166824],[-58.279941,-32.16646],[-58.279633,-32.166323],[-58.279361,-32.166254],[-58.279159,-32.16622],[-58.278866,-32.166213],[-58.278684,-32.166247],[-58.278535,-32.166363],[-58.278351,-32.16659],[-58.278133,-32.166757],[-58.277604,-32.166922],[-58.277335,-32.166993],[-58.276928,-32.167091],[-58.27634,-32.167204],[-58.276046,-32.167256],[-58.275599,-32.167293],[-58.275416,-32.1673],[-58.275044,-32.167295],[-58.274669,-32.167276],[-58.273918,-32.167212],[-58.273639,-32.167184],[-58.273427,-32.167126],[-58.273285,-32.167053],[-58.273158,-32.166963],[-58.272843,-32.166699],[-58.272698,-32.166536],[-58.27258,-32.166424],[-58.272359,-32.166298],[-58.272139,-32.166236],[-58.271974,-32.166221],[-58.271739,-32.166252],[-58.271592,-32.166333],[-58.271557,-32.166498],[-58.271318,-32.166876],[-58.271061,-32.167137],[-58.27089,-32.167211],[-58.270569,-32.167285],[-58.269943,-32.167414],[-58.268098,-32.167768],[-58.267883,-32.167778],[-58.267532,-32.16772],[-58.267193,-32.167608],[-58.267033,-32.16749],[-58.26685,-32.16728],[-58.266639,-32.167124],[-58.266392,-32.167029],[-58.265882,-32.166875],[-58.265521,-32.16678],[-58.265343,-32.166742],[-58.265167,-32.166722],[-58.264989,-32.166742],[-58.264808,-32.166853],[-58.264667,-32.166915],[-58.263962,-32.167091],[-58.26361,-32.167154],[-58.262853,-32.167257],[-58.26247,-32.167292],[-58.261375,-32.167372],[-58.260353,-32.167482],[-58.26,-32.167411],[-58.259823,-32.167345],[-58.259594,-32.16722],[-58.259423,-32.167047],[-58.259341,-32.166886],[-58.259334,-32.166665],[-58.259391,-32.166447],[-58.259427,-32.1662],[-58.259418,-32.165763],[-58.259358,-32.165491],[-58.259175,-32.165295],[-58.258865,-32.165108],[-58.258625,-32.165036],[-58.258374,-32.165035],[-58.258218,-32.165129],[-58.258072,-32.165335],[-58.257988,-32.16553],[-58.257928,-32.165671],[-58.257852,-32.165813],[-58.25772,-32.165956],[-58.25726,-32.166299],[-58.257011,-32.166456],[-58.25655,-32.166714],[-58.25637,-32.166779],[-58.255814,-32.166925],[-58.255647,-32.16699],[-58.255463,-32.167105],[-58.255283,-32.167269],[-58.254506,-32.16801],[-58.254353,-32.168108],[-58.254185,-32.168178],[-58.253984,-32.168234],[-58.253818,-32.168254],[-58.252423,-32.168364],[-58.251679,-32.168422],[-58.251334,-32.16844],[-58.25116,-32.168433],[-58.250904,-32.16841],[-58.250649,-32.168333],[-58.250461,-32.168241],[-58.250083,-32.168024],[-58.249911,-32.167909],[-58.24949,-32.167574],[-58.249183,-32.167319],[-58.249011,-32.167263],[-58.248795,-32.167295],[-58.248636,-32.167353],[-58.248304,-32.167529],[-58.248142,-32.167636],[-58.248009,-32.167743],[-58.247749,-32.167972],[-58.247547,-32.168135],[-58.247284,-32.16831],[-58.247147,-32.168391],[-58.246925,-32.168499],[-58.246636,-32.16861],[-58.246442,-32.168666],[-58.246041,-32.16875],[-58.245574,-32.168813],[-58.245339,-32.168813],[-58.244995,-32.168764],[-58.24474,-32.168674],[-58.244577,-32.168609],[-58.244256,-32.168466],[-58.24387,-32.168258],[-58.243699,-32.16813],[-58.243302,-32.167719],[-58.243146,-32.167618],[-58.242957,-32.167593],[-58.242711,-32.167643],[-58.242385,-32.167797],[-58.242131,-32.167958],[-58.241942,-32.168068],[-58.241669,-32.168184],[-58.241413,-32.16817],[-58.241254,-32.168024],[-58.241109,-32.167812],[-58.240993,-32.16765],[-58.240865,-32.167519],[-58.240662,-32.167439],[-58.240223,-32.167432],[-58.23933,-32.16747],[-58.23888,-32.167471],[-58.238663,-32.167458],[-58.238174,-32.167408],[-58.237929,-32.167372],[-58.237426,-32.167277],[-58.237167,-32.167181],[-58.236609,-32.166953],[-58.236378,-32.166575],[-58.236427,-32.166285],[-58.236354,-32.166061],[-58.236137,-32.165958],[-58.235938,-32.165915],[-58.23573,-32.165898],[-58.235276,-32.165885],[-58.234943,-32.165873],[-58.23473,-32.165851],[-58.23449,-32.165784],[-58.234299,-32.165678],[-58.233582,-32.165074],[-58.232765,-32.164454],[-58.232713,-32.164231],[-58.232732,-32.164079],[-58.232812,-32.163906],[-58.232951,-32.163772],[-58.233185,-32.163596],[-58.233439,-32.163448],[-58.233978,-32.163162],[-58.234366,-32.162929],[-58.234548,-32.162792],[-58.234757,-32.162633],[-58.235223,-32.162277],[-58.235513,-32.162004],[-58.235627,-32.161838],[-58.235627,-32.161644],[-58.235501,-32.161522],[-58.235359,-32.161445],[-58.23502,-32.161306],[-58.234669,-32.161126],[-58.234448,-32.160956],[-58.234012,-32.160579],[-58.233658,-32.160323],[-58.233448,-32.160229],[-58.233295,-32.160174],[-58.232982,-32.160086],[-58.232761,-32.160014],[-58.232541,-32.15992],[-58.232333,-32.159795],[-58.231739,-32.159368],[-58.231434,-32.159172],[-58.231269,-32.159098],[-58.231052,-32.159036],[-58.230774,-32.159003],[-58.23058,-32.159013],[-58.230388,-32.159042],[-58.23003,-32.15915],[-58.229879,-32.159216],[-58.229588,-32.159363],[-58.229309,-32.159537],[-58.229133,-32.159657],[-58.228726,-32.160001],[-58.228607,-32.160145],[-58.228295,-32.160611],[-58.228111,-32.160842],[-58.228001,-32.160955],[-58.227669,-32.16124],[-58.227482,-32.161377],[-58.227199,-32.161519],[-58.22702,-32.161553],[-58.226817,-32.161491],[-58.226636,-32.161354],[-58.226276,-32.161066],[-58.226001,-32.160848],[-58.22546,-32.160409],[-58.225135,-32.160208],[-58.22487,-32.160112],[-58.224655,-32.160081],[-58.224446,-32.160078],[-58.224023,-32.160116],[-58.223704,-32.16014],[-58.223195,-32.160161],[-58.222942,-32.160183],[-58.222561,-32.160236],[-58.22232,-32.160299],[-58.222149,-32.160378],[-58.221908,-32.160531],[-58.221757,-32.160643],[-58.221419,-32.160972],[-58.221404,-32.161152],[-58.221456,-32.161284],[-58.221608,-32.161569],[-58.221721,-32.161776],[-58.221767,-32.161908],[-58.221763,-32.162043],[-58.221626,-32.162182],[-58.221405,-32.16225],[-58.221213,-32.162279],[-58.220927,-32.162336],[-58.220775,-32.162402],[-58.220624,-32.162518],[-58.220322,-32.162772],[-58.220073,-32.162938],[-58.219821,-32.163046],[-58.219327,-32.163229],[-58.219177,-32.163318],[-58.218914,-32.163533],[-58.218713,-32.163683],[-58.218406,-32.163834],[-58.218234,-32.163935],[-58.218029,-32.163955],[-58.217674,-32.163914],[-58.217403,-32.163841],[-58.217019,-32.163682],[-58.216839,-32.163639],[-58.21646,-32.163594],[-58.216179,-32.163506],[-58.216006,-32.163423],[-58.215917,-32.163307],[-58.21601,-32.163194],[-58.216266,-32.16296],[-58.216417,-32.162863],[-58.216731,-32.162667],[-58.216836,-32.162491],[-58.216812,-32.162333],[-58.216712,-32.162023],[-58.216583,-32.161599],[-58.216468,-32.161271],[-58.216323,-32.161157],[-58.216153,-32.161128],[-58.215913,-32.16116],[-58.215671,-32.161223],[-58.215488,-32.161288],[-58.21499,-32.161507],[-58.214824,-32.161537],[-58.213081,-32.16157],[-58.212333,-32.161546],[-58.212085,-32.161334],[-58.21094,-32.161367],[-58.210778,-32.161375],[-58.210547,-32.161393],[-58.210309,-32.161451],[-58.21008,-32.161578],[-58.209878,-32.161737],[-58.209724,-32.161848],[-58.209512,-32.161916],[-58.20914,-32.161943],[-58.208997,-32.162041],[-58.208875,-32.162252],[-58.208817,-32.162489],[-58.208789,-32.162623],[-58.208803,-32.16292],[-58.208776,-32.163131],[-58.208113,-32.163345],[-58.208093,-32.163483],[-58.208165,-32.163725],[-58.208313,-32.164334],[-58.208465,-32.164961],[-58.20856,-32.165275],[-58.208637,-32.165476],[-58.208814,-32.165883],[-58.208912,-32.16609],[-58.208984,-32.166223],[-58.209225,-32.166565],[-58.209428,-32.16674],[-58.209565,-32.166952],[-58.209641,-32.167112],[-58.209766,-32.167459],[-58.209848,-32.16762],[-58.209992,-32.167787],[-58.210199,-32.167939],[-58.210617,-32.168243],[-58.21069,-32.168417],[-58.210684,-32.168566],[-58.210563,-32.168764],[-58.2104,-32.168901],[-58.210181,-32.169028],[-58.209995,-32.169053],[-58.209348,-32.168717],[-58.208996,-32.168258],[-58.208858,-32.168127],[-58.208638,-32.168024],[-58.20839,-32.167952],[-58.208133,-32.167915],[-58.207967,-32.167904],[-58.207618,-32.1679],[-58.207238,-32.16793],[-58.206943,-32.168005],[-58.206741,-32.16811],[-58.206584,-32.16818],[-58.206176,-32.168291],[-58.20597,-32.168337],[-58.205658,-32.16837],[-58.205341,-32.168367],[-58.204704,-32.168356],[-58.204339,-32.168343],[-58.204116,-32.168312],[-58.204043,-32.168187],[-58.204037,-32.168002],[-58.204003,-32.167839],[-58.203876,-32.167735],[-58.203415,-32.167493],[-58.203381,-32.167338],[-58.203571,-32.167093],[-58.203601,-32.166824],[-58.203614,-32.166685],[-58.20361,-32.166406],[-58.203559,-32.166224],[-58.203315,-32.165981],[-58.203064,-32.16576],[-58.202695,-32.165745],[-58.202331,-32.165655],[-58.202133,-32.165495],[-58.20219,-32.165321],[-58.202343,-32.165178],[-58.202663,-32.165096],[-58.202844,-32.164972],[-58.203121,-32.164879],[-58.203206,-32.164725],[-58.203251,-32.164524],[-58.203216,-32.164325],[-58.203103,-32.164212],[-58.202939,-32.164116],[-58.202762,-32.164055],[-58.202385,-32.163982],[-58.202034,-32.163915],[-58.201855,-32.163895],[-58.201599,-32.16393],[-58.201408,-32.163999],[-58.201036,-32.164179],[-58.200603,-32.164401],[-58.200393,-32.164528],[-58.200154,-32.164739],[-58.199958,-32.165002],[-58.199856,-32.165223],[-58.199719,-32.165367],[-58.199429,-32.165644],[-58.199219,-32.165856],[-58.1988,-32.166385],[-58.198491,-32.16668],[-58.198317,-32.166804],[-58.198016,-32.166941],[-58.19764,-32.167057],[-58.19738,-32.16711],[-58.196859,-32.167212],[-58.196602,-32.167256],[-58.196078,-32.167317],[-58.195618,-32.167403],[-58.195384,-32.167534],[-58.195266,-32.167655],[-58.195266,-32.167817],[-58.195327,-32.167959],[-58.195426,-32.168089],[-58.195603,-32.16815],[-58.195847,-32.168137],[-58.196084,-32.168254],[-58.196389,-32.168337],[-58.196549,-32.168371],[-58.196778,-32.168388],[-58.196945,-32.168386],[-58.197277,-32.168326],[-58.197782,-32.168179],[-58.197944,-32.168217],[-58.198111,-32.168358],[-58.198245,-32.168539],[-58.198278,-32.168765],[-58.198223,-32.168907],[-58.198136,-32.169043],[-58.19799,-32.169195],[-58.197839,-32.169311],[-58.197605,-32.169433],[-58.197422,-32.16948],[-58.19711,-32.169486],[-58.196857,-32.169463],[-58.19658,-32.169443],[-58.196364,-32.169422],[-58.195938,-32.169315],[-58.195729,-32.169312],[-58.195525,-32.169367],[-58.195344,-32.16945],[-58.195167,-32.169543],[-58.194843,-32.169755],[-58.194467,-32.169975],[-58.193783,-32.170287],[-58.193445,-32.170436],[-58.19292,-32.170641],[-58.192741,-32.170679],[-58.192498,-32.170674],[-58.192303,-32.170604],[-58.192166,-32.1705],[-58.191929,-32.170266],[-58.191745,-32.170101],[-58.191612,-32.170001],[-58.191317,-32.169819],[-58.191185,-32.16972],[-58.19107,-32.169594],[-58.191033,-32.169439],[-58.191082,-32.169157],[-58.191165,-32.168953],[-58.191246,-32.168817],[-58.191479,-32.168556],[-58.19156,-32.168338],[-58.191533,-32.167837],[-58.191501,-32.16749],[-58.191498,-32.167201],[-58.19149,-32.166796],[-58.191482,-32.166251],[-58.191452,-32.166106],[-58.191333,-32.165952],[-58.191142,-32.165819],[-58.190942,-32.165748],[-58.190741,-32.165732],[-58.190434,-32.165747],[-58.190281,-32.165786],[-58.190047,-32.165899],[-58.189984,-32.166041],[-58.189487,-32.166494],[-58.189385,-32.166617],[-58.189209,-32.166898],[-58.189017,-32.167066],[-58.188764,-32.167151],[-58.188545,-32.167188],[-58.188304,-32.167233],[-58.188122,-32.167284],[-58.187749,-32.167383],[-58.187477,-32.167467],[-58.187217,-32.167574],[-58.187009,-32.16771],[-58.186851,-32.167839],[-58.186709,-32.167973],[-58.186442,-32.168265],[-58.186239,-32.168468],[-58.18613,-32.168577],[-58.185761,-32.168896],[-58.185505,-32.169084],[-58.185239,-32.169205],[-58.184943,-32.169292],[-58.1845,-32.169411],[-58.18428,-32.16942],[-58.183994,-32.169382],[-58.1838,-32.169334],[-58.183323,-32.169199],[-58.182968,-32.169114],[-58.182775,-32.169016],[-58.182309,-32.16867],[-58.176128,-32.167412],[-58.177826,-32.165356],[-58.179565,-32.162815],[-58.18037,-32.160973],[-58.18082,-32.158791],[-58.180725,-32.156757],[-58.180328,-32.154549],[-58.179852,-32.152092],[-58.179119,-32.148655],[-58.178436,-32.145702],[-58.177708,-32.142757],[-58.176857,-32.139488],[-58.175724,-32.135422],[-58.174412,-32.131077],[-58.173855,-32.128529],[-58.173557,-32.125999],[-58.173119,-32.120731],[-58.172653,-32.118011],[-58.171902,-32.115105],[-58.171234,-32.112942],[-58.17025,-32.110077],[-58.169216,-32.107212],[-58.168091,-32.103989],[-58.167389,-32.10183],[-58.166264,-32.097469],[-58.16589,-32.095013],[-58.165619,-32.09222],[-58.165382,-32.090096],[-58.164959,-32.087456],[-58.16412,-32.085133],[-58.162884,-32.08329],[-58.161407,-32.081764],[-58.159531,-32.080231],[-58.157143,-32.078495],[-58.155384,-32.077168],[-58.153389,-32.075363],[-58.15163,-32.073586],[-58.150299,-32.072021],[-58.14933,-32.07024],[-58.147108,-32.066628],[-58.145654,-32.063358],[-58.144292,-32.059453],[-58.143111,-32.055638],[-58.142385,-32.050189],[-58.141701,-32.041439],[-58.140217,-32.035374],[-58.139748,-32.033352],[-58.139198,-32.030811],[-58.139038,-32.028633],[-58.138836,-32.026493],[-58.138382,-32.024399],[-58.138462,-32.022156]]]}}]}